solid OpenSCAD_Model
  facet normal -0.980762 0.195208 0
    outer loop
      vertex 8.64207 143.56 1.5
      vertex 8.68546 143.778 3
      vertex 8.68546 143.778 1.5
    endloop
  endfacet
  facet normal -0.980762 0.195208 0
    outer loop
      vertex 8.68546 143.778 3
      vertex 8.64207 143.56 1.5
      vertex 8.64207 143.56 3
    endloop
  endfacet
  facet normal -0.997862 0.0653555 0
    outer loop
      vertex 8.68546 143.778 1.5
      vertex 8.7 144 3
      vertex 8.7 144 1.5
    endloop
  endfacet
  facet normal -0.997862 0.0653555 0
    outer loop
      vertex 8.7 144 3
      vertex 8.68546 143.778 1.5
      vertex 8.68546 143.778 3
    endloop
  endfacet
  facet normal -0.0674471 -0.997723 0
    outer loop
      vertex 7 145.7 1.5
      vertex 7.22189 145.685 3
      vertex 7 145.7 3
    endloop
  endfacet
  facet normal -0.0674471 -0.997723 -0
    outer loop
      vertex 7.22189 145.685 3
      vertex 7 145.7 1.5
      vertex 7.22189 145.685 1.5
    endloop
  endfacet
  facet normal 0.660306 0.750997 -0
    outer loop
      vertex 5.96511 142.651 1.5
      vertex 5.79792 142.798 3
      vertex 5.96511 142.651 3
    endloop
  endfacet
  facet normal 0.660306 0.750997 0
    outer loop
      vertex 5.79792 142.798 3
      vertex 5.96511 142.651 1.5
      vertex 5.79792 142.798 1.5
    endloop
  endfacet
  facet normal 0.831621 -0.555343 0
    outer loop
      vertex 5.52776 144.85 3
      vertex 5.6513 145.035 1.5
      vertex 5.6513 145.035 3
    endloop
  endfacet
  facet normal 0.831621 -0.555343 0
    outer loop
      vertex 5.6513 145.035 1.5
      vertex 5.52776 144.85 3
      vertex 5.52776 144.85 1.5
    endloop
  endfacet
  facet normal 0.193434 -0.981113 0
    outer loop
      vertex 6.56001 145.642 1.5
      vertex 6.77811 145.685 3
      vertex 6.56001 145.642 3
    endloop
  endfacet
  facet normal 0.193434 -0.981113 0
    outer loop
      vertex 6.77811 145.685 3
      vertex 6.56001 145.642 1.5
      vertex 6.77811 145.685 1.5
    endloop
  endfacet
  facet normal -0.660306 0.750997 0
    outer loop
      vertex 8.20208 142.798 1.5
      vertex 8.03489 142.651 3
      vertex 8.20208 142.798 3
    endloop
  endfacet
  facet normal -0.660306 0.750997 0
    outer loop
      vertex 8.03489 142.651 3
      vertex 8.20208 142.798 1.5
      vertex 8.03489 142.651 1.5
    endloop
  endfacet
  facet normal -0.947128 -0.320856 0
    outer loop
      vertex 8.64207 144.44 1.5
      vertex 8.57059 144.651 3
      vertex 8.57059 144.651 1.5
    endloop
  endfacet
  facet normal -0.947128 -0.320856 0
    outer loop
      vertex 8.57059 144.651 3
      vertex 8.64207 144.44 1.5
      vertex 8.64207 144.44 3
    endloop
  endfacet
  facet normal -0.751472 -0.659765 0
    outer loop
      vertex 8.3487 145.035 1.5
      vertex 8.20208 145.202 3
      vertex 8.20208 145.202 1.5
    endloop
  endfacet
  facet normal -0.751472 -0.659765 0
    outer loop
      vertex 8.20208 145.202 3
      vertex 8.3487 145.035 1.5
      vertex 8.3487 145.035 3
    endloop
  endfacet
  facet normal -0.751472 0.659765 0
    outer loop
      vertex 8.20208 142.798 1.5
      vertex 8.3487 142.965 3
      vertex 8.3487 142.965 1.5
    endloop
  endfacet
  facet normal -0.751472 0.659765 0
    outer loop
      vertex 8.3487 142.965 3
      vertex 8.20208 142.798 1.5
      vertex 8.20208 142.798 3
    endloop
  endfacet
  facet normal 0.947128 -0.320856 0
    outer loop
      vertex 5.35793 144.44 3
      vertex 5.42941 144.651 1.5
      vertex 5.42941 144.651 3
    endloop
  endfacet
  facet normal 0.947128 -0.320856 0
    outer loop
      vertex 5.42941 144.651 1.5
      vertex 5.35793 144.44 3
      vertex 5.35793 144.44 1.5
    endloop
  endfacet
  facet normal -0.319506 -0.947584 0
    outer loop
      vertex 7.43999 145.642 1.5
      vertex 7.65056 145.571 3
      vertex 7.43999 145.642 3
    endloop
  endfacet
  facet normal -0.319506 -0.947584 -0
    outer loop
      vertex 7.65056 145.571 3
      vertex 7.43999 145.642 1.5
      vertex 7.65056 145.571 1.5
    endloop
  endfacet
  facet normal 0.0674471 -0.997723 0
    outer loop
      vertex 6.77811 145.685 1.5
      vertex 7 145.7 3
      vertex 6.77811 145.685 3
    endloop
  endfacet
  facet normal 0.0674471 -0.997723 0
    outer loop
      vertex 7 145.7 3
      vertex 6.77811 145.685 1.5
      vertex 7 145.7 1.5
    endloop
  endfacet
  facet normal 0.319506 0.947584 -0
    outer loop
      vertex 6.56001 142.358 1.5
      vertex 6.34944 142.429 3
      vertex 6.56001 142.358 3
    endloop
  endfacet
  facet normal 0.319506 0.947584 0
    outer loop
      vertex 6.34944 142.429 3
      vertex 6.56001 142.358 1.5
      vertex 6.34944 142.429 1.5
    endloop
  endfacet
  facet normal -0.947128 0.320856 0
    outer loop
      vertex 8.57059 143.349 1.5
      vertex 8.64207 143.56 3
      vertex 8.64207 143.56 1.5
    endloop
  endfacet
  facet normal -0.947128 0.320856 0
    outer loop
      vertex 8.64207 143.56 3
      vertex 8.57059 143.349 1.5
      vertex 8.57059 143.349 3
    endloop
  endfacet
  facet normal 0.751472 0.659765 0
    outer loop
      vertex 5.79792 142.798 3
      vertex 5.6513 142.965 1.5
      vertex 5.6513 142.965 3
    endloop
  endfacet
  facet normal 0.751472 0.659765 0
    outer loop
      vertex 5.6513 142.965 1.5
      vertex 5.79792 142.798 3
      vertex 5.79792 142.798 1.5
    endloop
  endfacet
  facet normal 0.444625 -0.895717 0
    outer loop
      vertex 6.15 145.472 1.5
      vertex 6.34944 145.571 3
      vertex 6.15 145.472 3
    endloop
  endfacet
  facet normal 0.444625 -0.895717 0
    outer loop
      vertex 6.34944 145.571 3
      vertex 6.15 145.472 1.5
      vertex 6.34944 145.571 1.5
    endloop
  endfacet
  facet normal 0.0674471 0.997723 -0
    outer loop
      vertex 7 142.3 1.5
      vertex 6.77811 142.315 3
      vertex 7 142.3 3
    endloop
  endfacet
  facet normal 0.0674471 0.997723 0
    outer loop
      vertex 6.77811 142.315 3
      vertex 7 142.3 1.5
      vertex 6.77811 142.315 1.5
    endloop
  endfacet
  facet normal -0.89649 -0.443064 0
    outer loop
      vertex 8.57059 144.651 1.5
      vertex 8.47224 144.85 3
      vertex 8.47224 144.85 1.5
    endloop
  endfacet
  facet normal -0.89649 -0.443064 0
    outer loop
      vertex 8.47224 144.85 3
      vertex 8.57059 144.651 1.5
      vertex 8.57059 144.651 3
    endloop
  endfacet
  facet normal -0.553889 -0.83259 0
    outer loop
      vertex 7.85 145.472 1.5
      vertex 8.03489 145.349 3
      vertex 7.85 145.472 3
    endloop
  endfacet
  facet normal -0.553889 -0.83259 -0
    outer loop
      vertex 8.03489 145.349 3
      vertex 7.85 145.472 1.5
      vertex 8.03489 145.349 1.5
    endloop
  endfacet
  facet normal 0.980762 -0.195208 0
    outer loop
      vertex 5.31454 144.222 3
      vertex 5.35793 144.44 1.5
      vertex 5.35793 144.44 3
    endloop
  endfacet
  facet normal 0.980762 -0.195208 0
    outer loop
      vertex 5.35793 144.44 1.5
      vertex 5.31454 144.222 3
      vertex 5.31454 144.222 1.5
    endloop
  endfacet
  facet normal -0.193434 0.981113 0
    outer loop
      vertex 7.43999 142.358 1.5
      vertex 7.22189 142.315 3
      vertex 7.43999 142.358 3
    endloop
  endfacet
  facet normal -0.193434 0.981113 0
    outer loop
      vertex 7.22189 142.315 3
      vertex 7.43999 142.358 1.5
      vertex 7.22189 142.315 1.5
    endloop
  endfacet
  facet normal -0.831621 0.555343 0
    outer loop
      vertex 8.3487 142.965 1.5
      vertex 8.47224 143.15 3
      vertex 8.47224 143.15 1.5
    endloop
  endfacet
  facet normal -0.831621 0.555343 0
    outer loop
      vertex 8.47224 143.15 3
      vertex 8.3487 142.965 1.5
      vertex 8.3487 142.965 3
    endloop
  endfacet
  facet normal -0.997862 -0.0653555 0
    outer loop
      vertex 8.7 144 1.5
      vertex 8.68546 144.222 3
      vertex 8.68546 144.222 1.5
    endloop
  endfacet
  facet normal -0.997862 -0.0653555 0
    outer loop
      vertex 8.68546 144.222 3
      vertex 8.7 144 1.5
      vertex 8.7 144 3
    endloop
  endfacet
  facet normal -0.319506 0.947584 0
    outer loop
      vertex 7.65056 142.429 1.5
      vertex 7.43999 142.358 3
      vertex 7.65056 142.429 3
    endloop
  endfacet
  facet normal -0.319506 0.947584 0
    outer loop
      vertex 7.43999 142.358 3
      vertex 7.65056 142.429 1.5
      vertex 7.43999 142.358 1.5
    endloop
  endfacet
  facet normal -0.553889 0.83259 0
    outer loop
      vertex 8.03489 142.651 1.5
      vertex 7.85 142.528 3
      vertex 8.03489 142.651 3
    endloop
  endfacet
  facet normal -0.553889 0.83259 0
    outer loop
      vertex 7.85 142.528 3
      vertex 8.03489 142.651 1.5
      vertex 7.85 142.528 1.5
    endloop
  endfacet
  facet normal 0.193434 0.981113 -0
    outer loop
      vertex 6.77811 142.315 1.5
      vertex 6.56001 142.358 3
      vertex 6.77811 142.315 3
    endloop
  endfacet
  facet normal 0.193434 0.981113 0
    outer loop
      vertex 6.56001 142.358 3
      vertex 6.77811 142.315 1.5
      vertex 6.56001 142.358 1.5
    endloop
  endfacet
  facet normal -0.660306 -0.750997 0
    outer loop
      vertex 8.03489 145.349 1.5
      vertex 8.20208 145.202 3
      vertex 8.03489 145.349 3
    endloop
  endfacet
  facet normal -0.660306 -0.750997 -0
    outer loop
      vertex 8.20208 145.202 3
      vertex 8.03489 145.349 1.5
      vertex 8.20208 145.202 1.5
    endloop
  endfacet
  facet normal 0.89649 0.443064 0
    outer loop
      vertex 5.52776 143.15 3
      vertex 5.42941 143.349 1.5
      vertex 5.42941 143.349 3
    endloop
  endfacet
  facet normal 0.89649 0.443064 0
    outer loop
      vertex 5.42941 143.349 1.5
      vertex 5.52776 143.15 3
      vertex 5.52776 143.15 1.5
    endloop
  endfacet
  facet normal -0.980762 -0.195208 0
    outer loop
      vertex 8.68546 144.222 1.5
      vertex 8.64207 144.44 3
      vertex 8.64207 144.44 1.5
    endloop
  endfacet
  facet normal -0.980762 -0.195208 0
    outer loop
      vertex 8.64207 144.44 3
      vertex 8.68546 144.222 1.5
      vertex 8.68546 144.222 3
    endloop
  endfacet
  facet normal -0.193434 -0.981113 0
    outer loop
      vertex 7.22189 145.685 1.5
      vertex 7.43999 145.642 3
      vertex 7.22189 145.685 3
    endloop
  endfacet
  facet normal -0.193434 -0.981113 -0
    outer loop
      vertex 7.43999 145.642 3
      vertex 7.22189 145.685 1.5
      vertex 7.43999 145.642 1.5
    endloop
  endfacet
  facet normal 0.660306 -0.750997 0
    outer loop
      vertex 5.79792 145.202 1.5
      vertex 5.96511 145.349 3
      vertex 5.79792 145.202 3
    endloop
  endfacet
  facet normal 0.660306 -0.750997 0
    outer loop
      vertex 5.96511 145.349 3
      vertex 5.79792 145.202 1.5
      vertex 5.96511 145.349 1.5
    endloop
  endfacet
  facet normal 0.751472 -0.659765 0
    outer loop
      vertex 5.6513 145.035 3
      vertex 5.79792 145.202 1.5
      vertex 5.79792 145.202 3
    endloop
  endfacet
  facet normal 0.751472 -0.659765 0
    outer loop
      vertex 5.79792 145.202 1.5
      vertex 5.6513 145.035 3
      vertex 5.6513 145.035 1.5
    endloop
  endfacet
  facet normal -0.0674471 0.997723 0
    outer loop
      vertex 7.22189 142.315 1.5
      vertex 7 142.3 3
      vertex 7.22189 142.315 3
    endloop
  endfacet
  facet normal -0.0674471 0.997723 0
    outer loop
      vertex 7 142.3 3
      vertex 7.22189 142.315 1.5
      vertex 7 142.3 1.5
    endloop
  endfacet
  facet normal -0.444625 0.895717 0
    outer loop
      vertex 7.85 142.528 1.5
      vertex 7.65056 142.429 3
      vertex 7.85 142.528 3
    endloop
  endfacet
  facet normal -0.444625 0.895717 0
    outer loop
      vertex 7.65056 142.429 3
      vertex 7.85 142.528 1.5
      vertex 7.65056 142.429 1.5
    endloop
  endfacet
  facet normal -0.831621 -0.555343 0
    outer loop
      vertex 8.47224 144.85 1.5
      vertex 8.3487 145.035 3
      vertex 8.3487 145.035 1.5
    endloop
  endfacet
  facet normal -0.831621 -0.555343 0
    outer loop
      vertex 8.3487 145.035 3
      vertex 8.47224 144.85 1.5
      vertex 8.47224 144.85 3
    endloop
  endfacet
  facet normal 0.997862 -0.0653555 0
    outer loop
      vertex 5.3 144 3
      vertex 5.31454 144.222 1.5
      vertex 5.31454 144.222 3
    endloop
  endfacet
  facet normal 0.997862 -0.0653555 0
    outer loop
      vertex 5.31454 144.222 1.5
      vertex 5.3 144 3
      vertex 5.3 144 1.5
    endloop
  endfacet
  facet normal -0.444625 -0.895717 0
    outer loop
      vertex 7.65056 145.571 1.5
      vertex 7.85 145.472 3
      vertex 7.65056 145.571 3
    endloop
  endfacet
  facet normal -0.444625 -0.895717 -0
    outer loop
      vertex 7.85 145.472 3
      vertex 7.65056 145.571 1.5
      vertex 7.85 145.472 1.5
    endloop
  endfacet
  facet normal 0.980762 0.195208 0
    outer loop
      vertex 5.35793 143.56 3
      vertex 5.31454 143.778 1.5
      vertex 5.31454 143.778 3
    endloop
  endfacet
  facet normal 0.980762 0.195208 0
    outer loop
      vertex 5.31454 143.778 1.5
      vertex 5.35793 143.56 3
      vertex 5.35793 143.56 1.5
    endloop
  endfacet
  facet normal 0.89649 -0.443064 0
    outer loop
      vertex 5.42941 144.651 3
      vertex 5.52776 144.85 1.5
      vertex 5.52776 144.85 3
    endloop
  endfacet
  facet normal 0.89649 -0.443064 0
    outer loop
      vertex 5.52776 144.85 1.5
      vertex 5.42941 144.651 3
      vertex 5.42941 144.651 1.5
    endloop
  endfacet
  facet normal 0.947128 0.320856 0
    outer loop
      vertex 5.42941 143.349 3
      vertex 5.35793 143.56 1.5
      vertex 5.35793 143.56 3
    endloop
  endfacet
  facet normal 0.947128 0.320856 0
    outer loop
      vertex 5.35793 143.56 1.5
      vertex 5.42941 143.349 3
      vertex 5.42941 143.349 1.5
    endloop
  endfacet
  facet normal 0.553889 0.83259 -0
    outer loop
      vertex 6.15 142.528 1.5
      vertex 5.96511 142.651 3
      vertex 6.15 142.528 3
    endloop
  endfacet
  facet normal 0.553889 0.83259 0
    outer loop
      vertex 5.96511 142.651 3
      vertex 6.15 142.528 1.5
      vertex 5.96511 142.651 1.5
    endloop
  endfacet
  facet normal -0.89649 0.443064 0
    outer loop
      vertex 8.47224 143.15 1.5
      vertex 8.57059 143.349 3
      vertex 8.57059 143.349 1.5
    endloop
  endfacet
  facet normal -0.89649 0.443064 0
    outer loop
      vertex 8.57059 143.349 3
      vertex 8.47224 143.15 1.5
      vertex 8.47224 143.15 3
    endloop
  endfacet
  facet normal 0.997862 0.0653555 0
    outer loop
      vertex 5.31454 143.778 3
      vertex 5.3 144 1.5
      vertex 5.3 144 3
    endloop
  endfacet
  facet normal 0.997862 0.0653555 0
    outer loop
      vertex 5.3 144 1.5
      vertex 5.31454 143.778 3
      vertex 5.31454 143.778 1.5
    endloop
  endfacet
  facet normal 0.319506 -0.947584 0
    outer loop
      vertex 6.34944 145.571 1.5
      vertex 6.56001 145.642 3
      vertex 6.34944 145.571 3
    endloop
  endfacet
  facet normal 0.319506 -0.947584 0
    outer loop
      vertex 6.56001 145.642 3
      vertex 6.34944 145.571 1.5
      vertex 6.56001 145.642 1.5
    endloop
  endfacet
  facet normal 0.444625 0.895717 -0
    outer loop
      vertex 6.34944 142.429 1.5
      vertex 6.15 142.528 3
      vertex 6.34944 142.429 3
    endloop
  endfacet
  facet normal 0.444625 0.895717 0
    outer loop
      vertex 6.15 142.528 3
      vertex 6.34944 142.429 1.5
      vertex 6.15 142.528 1.5
    endloop
  endfacet
  facet normal 0.831621 0.555343 0
    outer loop
      vertex 5.6513 142.965 3
      vertex 5.52776 143.15 1.5
      vertex 5.52776 143.15 3
    endloop
  endfacet
  facet normal 0.831621 0.555343 0
    outer loop
      vertex 5.52776 143.15 1.5
      vertex 5.6513 142.965 3
      vertex 5.6513 142.965 1.5
    endloop
  endfacet
  facet normal 0.553889 -0.83259 0
    outer loop
      vertex 5.96511 145.349 1.5
      vertex 6.15 145.472 3
      vertex 5.96511 145.349 3
    endloop
  endfacet
  facet normal 0.553889 -0.83259 0
    outer loop
      vertex 6.15 145.472 3
      vertex 5.96511 145.349 1.5
      vertex 6.15 145.472 1.5
    endloop
  endfacet
  facet normal 0.393473 -0.588426 -0.706352
    outer loop
      vertex 5.38844 146.764 0
      vertex 5.96511 145.349 1.5
      vertex 5.05196 146.539 0
    endloop
  endfacet
  facet normal 0.314729 -0.634036 -0.70636
    outer loop
      vertex 6.15 145.472 1.5
      vertex 5.41247 146.777 0
      vertex 6.34944 145.571 1.5
    endloop
  endfacet
  facet normal 0.307021 -0.638093 -0.706099
    outer loop
      vertex 5.41247 146.777 0
      vertex 6.15 145.472 1.5
      vertex 5.4 146.771 0
    endloop
  endfacet
  facet normal -0.706347 0.0463322 -0.706347
    outer loop
      vertex 10.2 144 0
      vertex 10.1735 143.596 0
      vertex 8.7 144 1.5
    endloop
  endfacet
  facet normal -0.706438 0.0454139 -0.706316
    outer loop
      vertex 8.68546 143.778 1.5
      vertex 10.1735 143.596 0
      vertex 10.1726 143.582 0
    endloop
  endfacet
  facet normal -0.706359 0.0462633 -0.70634
    outer loop
      vertex 10.1735 143.596 0
      vertex 8.68546 143.778 1.5
      vertex 8.7 144 1.5
    endloop
  endfacet
  facet normal -0.466913 -0.532053 -0.706337
    outer loop
      vertex 8.94804 146.539 0
      vertex 9.25229 146.272 0
      vertex 8.03489 145.349 1.5
    endloop
  endfacet
  facet normal 0.226201 0.67086 -0.706243
    outer loop
      vertex 5.78857 141.039 0
      vertex 6.34944 142.429 1.5
      vertex 6.56001 142.358 1.5
    endloop
  endfacet
  facet normal 0.251261 0.661318 -0.706772
    outer loop
      vertex 6.34944 142.429 1.5
      vertex 5.78857 141.039 0
      vertex 5.77541 141.044 0
    endloop
  endfacet
  facet normal 0.69428 0.138069 -0.706337
    outer loop
      vertex 5.35793 143.56 1.5
      vertex 3.90904 143.172 0
      vertex 3.83009 143.569 0
    endloop
  endfacet
  facet normal 0.466913 0.532053 -0.706337
    outer loop
      vertex 5.96511 142.651 1.5
      vertex 5.05196 141.461 0
      vertex 4.74771 141.728 0
    endloop
  endfacet
  facet normal 0.634533 -0.3136 -0.706415
    outer loop
      vertex 4.22257 145.588 0
      vertex 5.52776 144.85 1.5
      vertex 5.42941 144.651 1.5
    endloop
  endfacet
  facet normal 0.629671 -0.322706 -0.706665
    outer loop
      vertex 5.52776 144.85 1.5
      vertex 4.22257 145.588 0
      vertex 4.22872 145.6 0
    endloop
  endfacet
  facet normal -0.251261 -0.661318 -0.706772
    outer loop
      vertex 7.65056 145.571 1.5
      vertex 8.21143 146.961 0
      vertex 8.22459 146.956 0
    endloop
  endfacet
  facet normal -0.226201 -0.67086 -0.706243
    outer loop
      vertex 8.21143 146.961 0
      vertex 7.65056 145.571 1.5
      vertex 7.43999 145.642 1.5
    endloop
  endfacet
  facet normal -0.152236 0.691659 -0.705997
    outer loop
      vertex 7.22189 142.315 1.5
      vertex 7.43131 140.83 0
      vertex 7.41768 140.827 0
    endloop
  endfacet
  facet normal -0.136894 0.694339 -0.706508
    outer loop
      vertex 7.43131 140.83 0
      vertex 7.22189 142.315 1.5
      vertex 7.43999 142.358 1.5
    endloop
  endfacet
  facet normal -0.634533 -0.3136 -0.706415
    outer loop
      vertex 8.47224 144.85 1.5
      vertex 9.77743 145.588 0
      vertex 8.57059 144.651 1.5
    endloop
  endfacet
  facet normal -0.629671 -0.322706 -0.706665
    outer loop
      vertex 9.77743 145.588 0
      vertex 8.47224 144.85 1.5
      vertex 9.77128 145.6 0
    endloop
  endfacet
  facet normal -0.047726 -0.705995 -0.706606
    outer loop
      vertex 7.40381 147.174 0
      vertex 7.22189 145.685 1.5
      vertex 7 145.7 1.5
    endloop
  endfacet
  facet normal -0.0508791 -0.705693 -0.706689
    outer loop
      vertex 7.22189 145.685 1.5
      vertex 7.40381 147.174 0
      vertex 7.41768 147.173 0
    endloop
  endfacet
  facet normal -0.138175 -0.694218 -0.706377
    outer loop
      vertex 7.82822 147.091 0
      vertex 7.43999 145.642 1.5
      vertex 7.43131 147.17 0
    endloop
  endfacet
  facet normal 0.227397 -0.670314 -0.706378
    outer loop
      vertex 6.17178 147.091 0
      vertex 6.56001 145.642 1.5
      vertex 5.78857 146.961 0
    endloop
  endfacet
  facet normal -0.313182 0.635008 -0.706174
    outer loop
      vertex 8.58753 141.223 0
      vertex 8.22459 141.044 0
      vertex 7.65056 142.429 1.5
    endloop
  endfacet
  facet normal 0.544206 0.45367 -0.705708
    outer loop
      vertex 4.72809 141.748 0
      vertex 5.79792 142.798 1.5
      vertex 4.73726 141.737 0
    endloop
  endfacet
  facet normal 0.531956 0.467038 -0.706328
    outer loop
      vertex 5.79792 142.798 1.5
      vertex 4.72809 141.748 0
      vertex 5.6513 142.965 1.5
    endloop
  endfacet
  facet normal -0.706347 -0.0463322 -0.706347
    outer loop
      vertex 10.1735 144.404 0
      vertex 10.2 144 0
      vertex 8.7 144 1.5
    endloop
  endfacet
  facet normal 0.694269 0.138185 -0.706325
    outer loop
      vertex 3.83009 143.569 0
      vertex 5.31454 143.778 1.5
      vertex 5.35793 143.56 1.5
    endloop
  endfacet
  facet normal 0.693181 0.144502 -0.706129
    outer loop
      vertex 5.31454 143.778 1.5
      vertex 3.83009 143.569 0
      vertex 3.82738 143.582 0
    endloop
  endfacet
  facet normal 0.152236 -0.691659 -0.705997
    outer loop
      vertex 6.77811 145.685 1.5
      vertex 6.56869 147.17 0
      vertex 6.58232 147.173 0
    endloop
  endfacet
  facet normal 0.136894 -0.694339 -0.706508
    outer loop
      vertex 6.56869 147.17 0
      vertex 6.77811 145.685 1.5
      vertex 6.56001 145.642 1.5
    endloop
  endfacet
  facet normal 0.313182 0.635008 -0.706174
    outer loop
      vertex 6.34944 142.429 1.5
      vertex 5.77541 141.044 0
      vertex 5.41247 141.223 0
    endloop
  endfacet
  facet normal 0.531956 -0.467038 -0.706328
    outer loop
      vertex 4.72809 146.252 0
      vertex 5.79792 145.202 1.5
      vertex 5.6513 145.035 1.5
    endloop
  endfacet
  facet normal 0.544206 -0.45367 -0.705708
    outer loop
      vertex 5.79792 145.202 1.5
      vertex 4.72809 146.252 0
      vertex 4.73726 146.263 0
    endloop
  endfacet
  facet normal -0.670511 -0.227147 -0.706271
    outer loop
      vertex 8.57059 144.651 1.5
      vertex 9.96088 145.211 0
      vertex 8.64207 144.44 1.5
    endloop
  endfacet
  facet normal -0.674941 -0.215017 -0.705849
    outer loop
      vertex 9.96088 145.211 0
      vertex 8.57059 144.651 1.5
      vertex 9.95642 145.225 0
    endloop
  endfacet
  facet normal -0.532034 0.466965 -0.706317
    outer loop
      vertex 9.53873 142.052 0
      vertex 9.27191 141.748 0
      vertex 8.3487 142.965 1.5
    endloop
  endfacet
  facet normal -0.634879 -0.313049 -0.706349
    outer loop
      vertex 9.77743 145.588 0
      vertex 9.95642 145.225 0
      vertex 8.57059 144.651 1.5
    endloop
  endfacet
  facet normal 0.58831 0.39366 -0.706345
    outer loop
      vertex 5.6513 142.965 1.5
      vertex 4.46127 142.052 0
      vertex 4.23644 142.388 0
    endloop
  endfacet
  facet normal -0.251261 0.661318 -0.706772
    outer loop
      vertex 8.21143 141.039 0
      vertex 7.65056 142.429 1.5
      vertex 8.22459 141.044 0
    endloop
  endfacet
  facet normal -0.226201 0.67086 -0.706243
    outer loop
      vertex 7.65056 142.429 1.5
      vertex 8.21143 141.039 0
      vertex 7.43999 142.358 1.5
    endloop
  endfacet
  facet normal 0.706349 -0.0462799 -0.706349
    outer loop
      vertex 3.82647 144.404 0
      vertex 5.3 144 1.5
      vertex 3.8 144 0
    endloop
  endfacet
  facet normal 0.466913 -0.532053 -0.706337
    outer loop
      vertex 5.05196 146.539 0
      vertex 5.96511 145.349 1.5
      vertex 4.74771 146.272 0
    endloop
  endfacet
  facet normal 0.629671 0.322706 -0.706665
    outer loop
      vertex 4.22257 142.412 0
      vertex 5.52776 143.15 1.5
      vertex 4.22872 142.4 0
    endloop
  endfacet
  facet normal 0.634533 0.3136 -0.706415
    outer loop
      vertex 5.52776 143.15 1.5
      vertex 4.22257 142.412 0
      vertex 5.42941 143.349 1.5
    endloop
  endfacet
  facet normal -0.462044 -0.536484 -0.706187
    outer loop
      vertex 8.20208 145.202 1.5
      vertex 9.25229 146.272 0
      vertex 9.26274 146.263 0
    endloop
  endfacet
  facet normal -0.46737 -0.531562 -0.706405
    outer loop
      vertex 9.25229 146.272 0
      vertex 8.20208 145.202 1.5
      vertex 8.03489 145.349 1.5
    endloop
  endfacet
  facet normal 0.138175 -0.694218 -0.706377
    outer loop
      vertex 6.56869 147.17 0
      vertex 6.56001 145.642 1.5
      vertex 6.17178 147.091 0
    endloop
  endfacet
  facet normal 0.634887 -0.313036 -0.706348
    outer loop
      vertex 4.22257 145.588 0
      vertex 5.42941 144.651 1.5
      vertex 4.04359 145.225 0
    endloop
  endfacet
  facet normal -0.706359 -0.0462633 -0.70634
    outer loop
      vertex 8.68546 144.222 1.5
      vertex 10.1735 144.404 0
      vertex 8.7 144 1.5
    endloop
  endfacet
  facet normal -0.706438 -0.0454139 -0.706316
    outer loop
      vertex 10.1735 144.404 0
      vertex 8.68546 144.222 1.5
      vertex 10.1726 144.418 0
    endloop
  endfacet
  facet normal -0.227397 -0.670314 -0.706378
    outer loop
      vertex 7.82822 147.091 0
      vertex 8.21143 146.961 0
      vertex 7.43999 145.642 1.5
    endloop
  endfacet
  facet normal -0.313182 -0.635008 -0.706174
    outer loop
      vertex 8.22459 146.956 0
      vertex 8.58753 146.777 0
      vertex 7.65056 145.571 1.5
    endloop
  endfacet
  facet normal -0.693273 -0.143988 -0.706144
    outer loop
      vertex 8.68546 144.222 1.5
      vertex 10.1699 144.431 0
      vertex 10.1726 144.418 0
    endloop
  endfacet
  facet normal -0.694271 -0.138185 -0.706323
    outer loop
      vertex 10.1699 144.431 0
      vertex 8.68546 144.222 1.5
      vertex 8.64207 144.44 1.5
    endloop
  endfacet
  facet normal -0.307021 -0.638093 -0.706099
    outer loop
      vertex 7.85 145.472 1.5
      vertex 8.58753 146.777 0
      vertex 8.6 146.771 0
    endloop
  endfacet
  facet normal -0.314729 -0.634036 -0.70636
    outer loop
      vertex 8.58753 146.777 0
      vertex 7.85 145.472 1.5
      vertex 7.65056 145.571 1.5
    endloop
  endfacet
  facet normal 0.0508791 -0.705693 -0.706689
    outer loop
      vertex 6.59619 147.174 0
      vertex 6.77811 145.685 1.5
      vertex 6.58232 147.173 0
    endloop
  endfacet
  facet normal 0.047726 -0.705995 -0.706606
    outer loop
      vertex 6.77811 145.685 1.5
      vertex 6.59619 147.174 0
      vertex 7 145.7 1.5
    endloop
  endfacet
  facet normal 0.670281 0.22765 -0.706328
    outer loop
      vertex 5.35793 143.56 1.5
      vertex 4.03912 142.789 0
      vertex 3.90904 143.172 0
    endloop
  endfacet
  facet normal 0.69428 -0.138069 -0.706337
    outer loop
      vertex 3.90904 144.828 0
      vertex 5.35793 144.44 1.5
      vertex 3.83009 144.431 0
    endloop
  endfacet
  facet normal -0.0508791 0.705693 -0.706689
    outer loop
      vertex 7.40381 140.826 0
      vertex 7.22189 142.315 1.5
      vertex 7.41768 140.827 0
    endloop
  endfacet
  facet normal -0.047726 0.705995 -0.706606
    outer loop
      vertex 7.22189 142.315 1.5
      vertex 7.40381 140.826 0
      vertex 7 142.3 1.5
    endloop
  endfacet
  facet normal -0.670253 -0.227711 -0.706334
    outer loop
      vertex 9.96088 145.211 0
      vertex 10.091 144.828 0
      vertex 8.64207 144.44 1.5
    endloop
  endfacet
  facet normal -0.136894 -0.694339 -0.706508
    outer loop
      vertex 7.22189 145.685 1.5
      vertex 7.43131 147.17 0
      vertex 7.43999 145.642 1.5
    endloop
  endfacet
  facet normal -0.152236 -0.691659 -0.705997
    outer loop
      vertex 7.43131 147.17 0
      vertex 7.22189 145.685 1.5
      vertex 7.41768 147.173 0
    endloop
  endfacet
  facet normal 0.138175 0.694218 -0.706377
    outer loop
      vertex 6.56001 142.358 1.5
      vertex 6.56869 140.83 0
      vertex 6.17178 140.909 0
    endloop
  endfacet
  facet normal 0.634887 0.313036 -0.706348
    outer loop
      vertex 5.42941 143.349 1.5
      vertex 4.22257 142.412 0
      vertex 4.04359 142.775 0
    endloop
  endfacet
  facet normal -0.138175 0.694218 -0.706377
    outer loop
      vertex 7.43999 142.358 1.5
      vertex 7.82822 140.909 0
      vertex 7.43131 140.83 0
    endloop
  endfacet
  facet normal 0.532034 0.466965 -0.706317
    outer loop
      vertex 5.6513 142.965 1.5
      vertex 4.72809 141.748 0
      vertex 4.46127 142.052 0
    endloop
  endfacet
  facet normal -0.634879 0.313049 -0.706349
    outer loop
      vertex 9.95642 142.775 0
      vertex 9.77743 142.412 0
      vertex 8.57059 143.349 1.5
    endloop
  endfacet
  facet normal 0.670511 -0.227147 -0.706271
    outer loop
      vertex 4.03912 145.211 0
      vertex 5.42941 144.651 1.5
      vertex 5.35793 144.44 1.5
    endloop
  endfacet
  facet normal 0.674785 -0.215449 -0.705866
    outer loop
      vertex 5.42941 144.651 1.5
      vertex 4.03912 145.211 0
      vertex 4.04359 145.225 0
    endloop
  endfacet
  facet normal -0.531956 -0.467038 -0.706328
    outer loop
      vertex 8.20208 145.202 1.5
      vertex 9.27191 146.252 0
      vertex 8.3487 145.035 1.5
    endloop
  endfacet
  facet normal -0.544206 -0.45367 -0.705708
    outer loop
      vertex 9.27191 146.252 0
      vertex 8.20208 145.202 1.5
      vertex 9.26274 146.263 0
    endloop
  endfacet
  facet normal -0.532034 -0.466965 -0.706317
    outer loop
      vertex 9.27191 146.252 0
      vertex 9.53873 145.948 0
      vertex 8.3487 145.035 1.5
    endloop
  endfacet
  facet normal -0.69429 -0.137984 -0.706344
    outer loop
      vertex 10.091 144.828 0
      vertex 10.1699 144.431 0
      vertex 8.64207 144.44 1.5
    endloop
  endfacet
  facet normal 0.532034 -0.466965 -0.706317
    outer loop
      vertex 4.72809 146.252 0
      vertex 5.6513 145.035 1.5
      vertex 4.46127 145.948 0
    endloop
  endfacet
  facet normal 0.46737 -0.531562 -0.706405
    outer loop
      vertex 5.79792 145.202 1.5
      vertex 4.74771 146.272 0
      vertex 5.96511 145.349 1.5
    endloop
  endfacet
  facet normal 0.462044 -0.536484 -0.706187
    outer loop
      vertex 4.74771 146.272 0
      vertex 5.79792 145.202 1.5
      vertex 4.73726 146.263 0
    endloop
  endfacet
  facet normal 0.46737 0.531562 -0.706405
    outer loop
      vertex 4.74771 141.728 0
      vertex 5.79792 142.798 1.5
      vertex 5.96511 142.651 1.5
    endloop
  endfacet
  facet normal 0.462044 0.536484 -0.706187
    outer loop
      vertex 5.79792 142.798 1.5
      vertex 4.74771 141.728 0
      vertex 4.73726 141.737 0
    endloop
  endfacet
  facet normal 0.313182 -0.635008 -0.706174
    outer loop
      vertex 5.77541 146.956 0
      vertex 6.34944 145.571 1.5
      vertex 5.41247 146.777 0
    endloop
  endfacet
  facet normal 0.694269 -0.138185 -0.706325
    outer loop
      vertex 5.31454 144.222 1.5
      vertex 3.83009 144.431 0
      vertex 5.35793 144.44 1.5
    endloop
  endfacet
  facet normal 0.693181 -0.144502 -0.706129
    outer loop
      vertex 3.83009 144.431 0
      vertex 5.31454 144.222 1.5
      vertex 3.82738 144.418 0
    endloop
  endfacet
  facet normal 0.226201 -0.67086 -0.706243
    outer loop
      vertex 6.34944 145.571 1.5
      vertex 5.78857 146.961 0
      vertex 6.56001 145.642 1.5
    endloop
  endfacet
  facet normal 0.251261 -0.661318 -0.706772
    outer loop
      vertex 5.78857 146.961 0
      vertex 6.34944 145.571 1.5
      vertex 5.77541 146.956 0
    endloop
  endfacet
  facet normal 0.706352 -0.0462629 -0.706347
    outer loop
      vertex 3.82647 144.404 0
      vertex 5.31454 144.222 1.5
      vertex 5.3 144 1.5
    endloop
  endfacet
  facet normal 0.706385 -0.045915 -0.706337
    outer loop
      vertex 5.31454 144.222 1.5
      vertex 3.82647 144.404 0
      vertex 3.82738 144.418 0
    endloop
  endfacet
  facet normal 0.0454812 -0.706375 -0.706375
    outer loop
      vertex 7 147.2 0
      vertex 7 145.7 1.5
      vertex 6.59619 147.174 0
    endloop
  endfacet
  facet normal -0.0454812 -0.706375 -0.706375
    outer loop
      vertex 7.40381 147.174 0
      vertex 7 145.7 1.5
      vertex 7 147.2 0
    endloop
  endfacet
  facet normal -0.58831 -0.39366 -0.706345
    outer loop
      vertex 9.53873 145.948 0
      vertex 9.76356 145.612 0
      vertex 8.3487 145.035 1.5
    endloop
  endfacet
  facet normal 0.706385 0.045915 -0.706337
    outer loop
      vertex 3.82647 143.596 0
      vertex 5.31454 143.778 1.5
      vertex 3.82738 143.582 0
    endloop
  endfacet
  facet normal 0.706352 0.0462629 -0.706347
    outer loop
      vertex 5.31454 143.778 1.5
      vertex 3.82647 143.596 0
      vertex 5.3 144 1.5
    endloop
  endfacet
  facet normal 0.706349 0.0462799 -0.706349
    outer loop
      vertex 5.3 144 1.5
      vertex 3.82647 143.596 0
      vertex 3.8 144 0
    endloop
  endfacet
  facet normal 0.391982 -0.589216 -0.706523
    outer loop
      vertex 5.38844 146.764 0
      vertex 6.15 145.472 1.5
      vertex 5.96511 145.349 1.5
    endloop
  endfacet
  facet normal 0.366307 -0.604929 -0.707022
    outer loop
      vertex 6.15 145.472 1.5
      vertex 5.38844 146.764 0
      vertex 5.4 146.771 0
    endloop
  endfacet
  facet normal 0.152236 0.691659 -0.705997
    outer loop
      vertex 6.56869 140.83 0
      vertex 6.77811 142.315 1.5
      vertex 6.58232 140.827 0
    endloop
  endfacet
  facet normal 0.136894 0.694339 -0.706508
    outer loop
      vertex 6.77811 142.315 1.5
      vertex 6.56869 140.83 0
      vertex 6.56001 142.358 1.5
    endloop
  endfacet
  facet normal 0.674785 0.215449 -0.705866
    outer loop
      vertex 4.03912 142.789 0
      vertex 5.42941 143.349 1.5
      vertex 4.04359 142.775 0
    endloop
  endfacet
  facet normal 0.670511 0.227147 -0.706271
    outer loop
      vertex 5.42941 143.349 1.5
      vertex 4.03912 142.789 0
      vertex 5.35793 143.56 1.5
    endloop
  endfacet
  facet normal 0.047726 0.705995 -0.706606
    outer loop
      vertex 6.59619 140.826 0
      vertex 6.77811 142.315 1.5
      vertex 7 142.3 1.5
    endloop
  endfacet
  facet normal 0.0508791 0.705693 -0.706689
    outer loop
      vertex 6.77811 142.315 1.5
      vertex 6.59619 140.826 0
      vertex 6.58232 140.827 0
    endloop
  endfacet
  facet normal -0.670253 0.227711 -0.706334
    outer loop
      vertex 10.091 143.172 0
      vertex 9.96088 142.789 0
      vertex 8.64207 143.56 1.5
    endloop
  endfacet
  facet normal 0.588621 0.393072 -0.706413
    outer loop
      vertex 4.23644 142.388 0
      vertex 5.52776 143.15 1.5
      vertex 5.6513 142.965 1.5
    endloop
  endfacet
  facet normal 0.595017 0.382795 -0.706698
    outer loop
      vertex 5.52776 143.15 1.5
      vertex 4.23644 142.388 0
      vertex 4.22872 142.4 0
    endloop
  endfacet
  facet normal 0.227397 0.670314 -0.706378
    outer loop
      vertex 6.56001 142.358 1.5
      vertex 6.17178 140.909 0
      vertex 5.78857 141.039 0
    endloop
  endfacet
  facet normal 0.670281 -0.22765 -0.706328
    outer loop
      vertex 4.03912 145.211 0
      vertex 5.35793 144.44 1.5
      vertex 3.90904 144.828 0
    endloop
  endfacet
  facet normal -0.69429 0.137984 -0.706344
    outer loop
      vertex 10.1699 143.569 0
      vertex 10.091 143.172 0
      vertex 8.64207 143.56 1.5
    endloop
  endfacet
  facet normal 0.314729 0.634036 -0.70636
    outer loop
      vertex 5.41247 141.223 0
      vertex 6.15 142.528 1.5
      vertex 6.34944 142.429 1.5
    endloop
  endfacet
  facet normal 0.307021 0.638093 -0.706099
    outer loop
      vertex 6.15 142.528 1.5
      vertex 5.41247 141.223 0
      vertex 5.4 141.229 0
    endloop
  endfacet
  facet normal -0.595017 -0.382795 -0.706698
    outer loop
      vertex 8.47224 144.85 1.5
      vertex 9.76356 145.612 0
      vertex 9.77128 145.6 0
    endloop
  endfacet
  facet normal -0.588621 -0.393072 -0.706413
    outer loop
      vertex 9.76356 145.612 0
      vertex 8.47224 144.85 1.5
      vertex 8.3487 145.035 1.5
    endloop
  endfacet
  facet normal -0.0454812 0.706375 -0.706375
    outer loop
      vertex 7.40381 140.826 0
      vertex 7 140.8 0
      vertex 7 142.3 1.5
    endloop
  endfacet
  facet normal 0.0454812 0.706375 -0.706375
    outer loop
      vertex 7 142.3 1.5
      vertex 7 140.8 0
      vertex 6.59619 140.826 0
    endloop
  endfacet
  facet normal -0.58831 0.39366 -0.706345
    outer loop
      vertex 9.76356 142.388 0
      vertex 9.53873 142.052 0
      vertex 8.3487 142.965 1.5
    endloop
  endfacet
  facet normal -0.393473 -0.588426 -0.706352
    outer loop
      vertex 8.61156 146.764 0
      vertex 8.94804 146.539 0
      vertex 8.03489 145.349 1.5
    endloop
  endfacet
  facet normal -0.466913 0.532053 -0.706337
    outer loop
      vertex 9.25229 141.728 0
      vertex 8.94804 141.461 0
      vertex 8.03489 142.651 1.5
    endloop
  endfacet
  facet normal -0.393473 0.588426 -0.706352
    outer loop
      vertex 8.94804 141.461 0
      vertex 8.61156 141.236 0
      vertex 8.03489 142.651 1.5
    endloop
  endfacet
  facet normal 0.588621 -0.393072 -0.706413
    outer loop
      vertex 5.52776 144.85 1.5
      vertex 4.23644 145.612 0
      vertex 5.6513 145.035 1.5
    endloop
  endfacet
  facet normal 0.595017 -0.382795 -0.706698
    outer loop
      vertex 4.23644 145.612 0
      vertex 5.52776 144.85 1.5
      vertex 4.22872 145.6 0
    endloop
  endfacet
  facet normal 0.366307 0.604929 -0.707022
    outer loop
      vertex 5.38844 141.236 0
      vertex 6.15 142.528 1.5
      vertex 5.4 141.229 0
    endloop
  endfacet
  facet normal 0.391982 0.589216 -0.706523
    outer loop
      vertex 6.15 142.528 1.5
      vertex 5.38844 141.236 0
      vertex 5.96511 142.651 1.5
    endloop
  endfacet
  facet normal 0.58831 -0.39366 -0.706345
    outer loop
      vertex 4.46127 145.948 0
      vertex 5.6513 145.035 1.5
      vertex 4.23644 145.612 0
    endloop
  endfacet
  facet normal -0.227397 0.670314 -0.706378
    outer loop
      vertex 8.21143 141.039 0
      vertex 7.82822 140.909 0
      vertex 7.43999 142.358 1.5
    endloop
  endfacet
  facet normal -0.366307 0.604929 -0.707022
    outer loop
      vertex 7.85 142.528 1.5
      vertex 8.61156 141.236 0
      vertex 8.6 141.229 0
    endloop
  endfacet
  facet normal -0.391982 0.589216 -0.706523
    outer loop
      vertex 8.61156 141.236 0
      vertex 7.85 142.528 1.5
      vertex 8.03489 142.651 1.5
    endloop
  endfacet
  facet normal 0.393473 0.588426 -0.706352
    outer loop
      vertex 5.96511 142.651 1.5
      vertex 5.38844 141.236 0
      vertex 5.05196 141.461 0
    endloop
  endfacet
  facet normal -0.629671 0.322706 -0.706665
    outer loop
      vertex 8.47224 143.15 1.5
      vertex 9.77743 142.412 0
      vertex 9.77128 142.4 0
    endloop
  endfacet
  facet normal -0.634533 0.3136 -0.706415
    outer loop
      vertex 9.77743 142.412 0
      vertex 8.47224 143.15 1.5
      vertex 8.57059 143.349 1.5
    endloop
  endfacet
  facet normal -0.391982 -0.589216 -0.706523
    outer loop
      vertex 7.85 145.472 1.5
      vertex 8.61156 146.764 0
      vertex 8.03489 145.349 1.5
    endloop
  endfacet
  facet normal -0.366307 -0.604929 -0.707022
    outer loop
      vertex 8.61156 146.764 0
      vertex 7.85 145.472 1.5
      vertex 8.6 146.771 0
    endloop
  endfacet
  facet normal -0.595017 0.382795 -0.706698
    outer loop
      vertex 9.76356 142.388 0
      vertex 8.47224 143.15 1.5
      vertex 9.77128 142.4 0
    endloop
  endfacet
  facet normal -0.588621 0.393072 -0.706413
    outer loop
      vertex 8.47224 143.15 1.5
      vertex 9.76356 142.388 0
      vertex 8.3487 142.965 1.5
    endloop
  endfacet
  facet normal -0.693273 0.143988 -0.706144
    outer loop
      vertex 10.1699 143.569 0
      vertex 8.68546 143.778 1.5
      vertex 10.1726 143.582 0
    endloop
  endfacet
  facet normal -0.694271 0.138185 -0.706323
    outer loop
      vertex 8.68546 143.778 1.5
      vertex 10.1699 143.569 0
      vertex 8.64207 143.56 1.5
    endloop
  endfacet
  facet normal -0.462044 0.536484 -0.706187
    outer loop
      vertex 9.25229 141.728 0
      vertex 8.20208 142.798 1.5
      vertex 9.26274 141.737 0
    endloop
  endfacet
  facet normal -0.46737 0.531562 -0.706405
    outer loop
      vertex 8.20208 142.798 1.5
      vertex 9.25229 141.728 0
      vertex 8.03489 142.651 1.5
    endloop
  endfacet
  facet normal -0.544206 0.45367 -0.705708
    outer loop
      vertex 8.20208 142.798 1.5
      vertex 9.27191 141.748 0
      vertex 9.26274 141.737 0
    endloop
  endfacet
  facet normal -0.531956 0.467038 -0.706328
    outer loop
      vertex 9.27191 141.748 0
      vertex 8.20208 142.798 1.5
      vertex 8.3487 142.965 1.5
    endloop
  endfacet
  facet normal -0.307021 0.638093 -0.706099
    outer loop
      vertex 8.58753 141.223 0
      vertex 7.85 142.528 1.5
      vertex 8.6 141.229 0
    endloop
  endfacet
  facet normal -0.314729 0.634036 -0.70636
    outer loop
      vertex 7.85 142.528 1.5
      vertex 8.58753 141.223 0
      vertex 7.65056 142.429 1.5
    endloop
  endfacet
  facet normal -0.674941 0.215017 -0.705849
    outer loop
      vertex 8.57059 143.349 1.5
      vertex 9.96088 142.789 0
      vertex 9.95642 142.775 0
    endloop
  endfacet
  facet normal -0.670511 0.227147 -0.706271
    outer loop
      vertex 9.96088 142.789 0
      vertex 8.57059 143.349 1.5
      vertex 8.64207 143.56 1.5
    endloop
  endfacet
  facet normal -0.659291 0.751888 0
    outer loop
      vertex 8.20208 74.2979 1.5
      vertex 8.03489 74.1513 3
      vertex 8.20208 74.2979 3
    endloop
  endfacet
  facet normal -0.659291 0.751888 0
    outer loop
      vertex 8.03489 74.1513 3
      vertex 8.20208 74.2979 1.5
      vertex 8.03489 74.1513 1.5
    endloop
  endfacet
  facet normal -0.980779 0.195122 0
    outer loop
      vertex 8.64207 75.06 1.5
      vertex 8.68546 75.2781 3
      vertex 8.68546 75.2781 1.5
    endloop
  endfacet
  facet normal -0.980779 0.195122 0
    outer loop
      vertex 8.68546 75.2781 3
      vertex 8.64207 75.06 1.5
      vertex 8.64207 75.06 3
    endloop
  endfacet
  facet normal -0.99786 0.0653848 0
    outer loop
      vertex 8.68546 75.2781 1.5
      vertex 8.7 75.5 3
      vertex 8.7 75.5 1.5
    endloop
  endfacet
  facet normal -0.99786 0.0653848 0
    outer loop
      vertex 8.7 75.5 3
      vertex 8.68546 75.2781 1.5
      vertex 8.68546 75.2781 3
    endloop
  endfacet
  facet normal 0.442459 0.896789 -0
    outer loop
      vertex 6.34944 73.9294 1.5
      vertex 6.15 74.0278 3
      vertex 6.34944 73.9294 3
    endloop
  endfacet
  facet normal 0.442459 0.896789 0
    outer loop
      vertex 6.15 74.0278 3
      vertex 6.34944 73.9294 1.5
      vertex 6.15 74.0278 1.5
    endloop
  endfacet
  facet normal -0.321525 0.946901 0
    outer loop
      vertex 7.65056 73.9294 1.5
      vertex 7.43999 73.8579 3
      vertex 7.65056 73.9294 3
    endloop
  endfacet
  facet normal -0.321525 0.946901 0
    outer loop
      vertex 7.43999 73.8579 3
      vertex 7.65056 73.9294 1.5
      vertex 7.43999 73.8579 1.5
    endloop
  endfacet
  facet normal 0.195165 0.98077 -0
    outer loop
      vertex 6.77811 73.8145 1.5
      vertex 6.56001 73.8579 3
      vertex 6.77811 73.8145 3
    endloop
  endfacet
  facet normal 0.195165 0.98077 0
    outer loop
      vertex 6.56001 73.8579 3
      vertex 6.77811 73.8145 1.5
      vertex 6.56001 73.8579 1.5
    endloop
  endfacet
  facet normal -0.896843 -0.442349 0
    outer loop
      vertex 8.57059 76.1506 1.5
      vertex 8.47224 76.35 3
      vertex 8.47224 76.35 1.5
    endloop
  endfacet
  facet normal -0.896843 -0.442349 0
    outer loop
      vertex 8.47224 76.35 3
      vertex 8.57059 76.1506 1.5
      vertex 8.57059 76.1506 3
    endloop
  endfacet
  facet normal 0.980779 0.195122 0
    outer loop
      vertex 5.35793 75.06 3
      vertex 5.31454 75.2781 1.5
      vertex 5.31454 75.2781 3
    endloop
  endfacet
  facet normal 0.980779 0.195122 0
    outer loop
      vertex 5.31454 75.2781 1.5
      vertex 5.35793 75.06 3
      vertex 5.35793 75.06 1.5
    endloop
  endfacet
  facet normal -0.831483 0.555551 0
    outer loop
      vertex 8.3487 74.4651 1.5
      vertex 8.47224 74.65 3
      vertex 8.47224 74.65 1.5
    endloop
  endfacet
  facet normal -0.831483 0.555551 0
    outer loop
      vertex 8.47224 74.65 3
      vertex 8.3487 74.4651 1.5
      vertex 8.3487 74.4651 3
    endloop
  endfacet
  facet normal -0.195165 0.98077 0
    outer loop
      vertex 7.43999 73.8579 1.5
      vertex 7.22189 73.8145 3
      vertex 7.43999 73.8579 3
    endloop
  endfacet
  facet normal -0.195165 0.98077 0
    outer loop
      vertex 7.22189 73.8145 3
      vertex 7.43999 73.8579 1.5
      vertex 7.22189 73.8145 1.5
    endloop
  endfacet
  facet normal 0.896843 -0.442349 0
    outer loop
      vertex 5.42941 76.1506 3
      vertex 5.52776 76.35 1.5
      vertex 5.52776 76.35 3
    endloop
  endfacet
  facet normal 0.896843 -0.442349 0
    outer loop
      vertex 5.52776 76.35 1.5
      vertex 5.42941 76.1506 3
      vertex 5.42941 76.1506 1.5
    endloop
  endfacet
  facet normal -0.946943 0.321403 0
    outer loop
      vertex 8.57059 74.8494 1.5
      vertex 8.64207 75.06 3
      vertex 8.64207 75.06 1.5
    endloop
  endfacet
  facet normal -0.946943 0.321403 0
    outer loop
      vertex 8.64207 75.06 3
      vertex 8.57059 74.8494 1.5
      vertex 8.57059 74.8494 3
    endloop
  endfacet
  facet normal 0.555447 -0.831552 0
    outer loop
      vertex 5.96511 76.8487 1.5
      vertex 6.15 76.9722 3
      vertex 5.96511 76.8487 3
    endloop
  endfacet
  facet normal 0.555447 -0.831552 0
    outer loop
      vertex 6.15 76.9722 3
      vertex 5.96511 76.8487 1.5
      vertex 6.15 76.9722 1.5
    endloop
  endfacet
  facet normal -0.321525 -0.946901 0
    outer loop
      vertex 7.43999 77.1421 1.5
      vertex 7.65056 77.0706 3
      vertex 7.43999 77.1421 3
    endloop
  endfacet
  facet normal -0.321525 -0.946901 -0
    outer loop
      vertex 7.65056 77.0706 3
      vertex 7.43999 77.1421 1.5
      vertex 7.65056 77.0706 1.5
    endloop
  endfacet
  facet normal 0.946943 -0.321403 0
    outer loop
      vertex 5.35793 75.94 3
      vertex 5.42941 76.1506 1.5
      vertex 5.42941 76.1506 3
    endloop
  endfacet
  facet normal 0.946943 -0.321403 0
    outer loop
      vertex 5.42941 76.1506 1.5
      vertex 5.35793 75.94 3
      vertex 5.35793 75.94 1.5
    endloop
  endfacet
  facet normal 0.659291 -0.751888 0
    outer loop
      vertex 5.79792 76.7021 1.5
      vertex 5.96511 76.8487 3
      vertex 5.79792 76.7021 3
    endloop
  endfacet
  facet normal 0.659291 -0.751888 0
    outer loop
      vertex 5.96511 76.8487 3
      vertex 5.79792 76.7021 1.5
      vertex 5.96511 76.8487 1.5
    endloop
  endfacet
  facet normal -0.442459 -0.896789 0
    outer loop
      vertex 7.65056 77.0706 1.5
      vertex 7.85 76.9722 3
      vertex 7.65056 77.0706 3
    endloop
  endfacet
  facet normal -0.442459 -0.896789 -0
    outer loop
      vertex 7.85 76.9722 3
      vertex 7.65056 77.0706 1.5
      vertex 7.85 76.9722 1.5
    endloop
  endfacet
  facet normal 0.321525 -0.946901 0
    outer loop
      vertex 6.34944 77.0706 1.5
      vertex 6.56001 77.1421 3
      vertex 6.34944 77.0706 3
    endloop
  endfacet
  facet normal 0.321525 -0.946901 0
    outer loop
      vertex 6.56001 77.1421 3
      vertex 6.34944 77.0706 1.5
      vertex 6.56001 77.1421 1.5
    endloop
  endfacet
  facet normal -0.195165 -0.98077 0
    outer loop
      vertex 7.22189 77.1855 1.5
      vertex 7.43999 77.1421 3
      vertex 7.22189 77.1855 3
    endloop
  endfacet
  facet normal -0.195165 -0.98077 -0
    outer loop
      vertex 7.43999 77.1421 3
      vertex 7.22189 77.1855 1.5
      vertex 7.43999 77.1421 1.5
    endloop
  endfacet
  facet normal 0.99786 -0.0653848 0
    outer loop
      vertex 5.3 75.5 3
      vertex 5.31454 75.7219 1.5
      vertex 5.31454 75.7219 3
    endloop
  endfacet
  facet normal 0.99786 -0.0653848 0
    outer loop
      vertex 5.31454 75.7219 1.5
      vertex 5.3 75.5 3
      vertex 5.3 75.5 1.5
    endloop
  endfacet
  facet normal -0.555447 0.831552 0
    outer loop
      vertex 8.03489 74.1513 1.5
      vertex 7.85 74.0278 3
      vertex 8.03489 74.1513 3
    endloop
  endfacet
  facet normal -0.555447 0.831552 0
    outer loop
      vertex 7.85 74.0278 3
      vertex 8.03489 74.1513 1.5
      vertex 7.85 74.0278 1.5
    endloop
  endfacet
  facet normal -0.0652086 -0.997872 0
    outer loop
      vertex 7 77.2 1.5
      vertex 7.22189 77.1855 3
      vertex 7 77.2 3
    endloop
  endfacet
  facet normal -0.0652086 -0.997872 -0
    outer loop
      vertex 7.22189 77.1855 3
      vertex 7 77.2 1.5
      vertex 7.22189 77.1855 1.5
    endloop
  endfacet
  facet normal -0.946943 -0.321403 0
    outer loop
      vertex 8.64207 75.94 1.5
      vertex 8.57059 76.1506 3
      vertex 8.57059 76.1506 1.5
    endloop
  endfacet
  facet normal -0.946943 -0.321403 0
    outer loop
      vertex 8.57059 76.1506 3
      vertex 8.64207 75.94 1.5
      vertex 8.64207 75.94 3
    endloop
  endfacet
  facet normal -0.555447 -0.831552 0
    outer loop
      vertex 7.85 76.9722 1.5
      vertex 8.03489 76.8487 3
      vertex 7.85 76.9722 3
    endloop
  endfacet
  facet normal -0.555447 -0.831552 -0
    outer loop
      vertex 8.03489 76.8487 3
      vertex 7.85 76.9722 1.5
      vertex 8.03489 76.8487 1.5
    endloop
  endfacet
  facet normal -0.831483 -0.555551 0
    outer loop
      vertex 8.47224 76.35 1.5
      vertex 8.3487 76.5349 3
      vertex 8.3487 76.5349 1.5
    endloop
  endfacet
  facet normal -0.831483 -0.555551 0
    outer loop
      vertex 8.3487 76.5349 3
      vertex 8.47224 76.35 1.5
      vertex 8.47224 76.35 3
    endloop
  endfacet
  facet normal -0.99786 -0.0653848 0
    outer loop
      vertex 8.7 75.5 1.5
      vertex 8.68546 75.7219 3
      vertex 8.68546 75.7219 1.5
    endloop
  endfacet
  facet normal -0.99786 -0.0653848 0
    outer loop
      vertex 8.68546 75.7219 3
      vertex 8.7 75.5 1.5
      vertex 8.7 75.5 3
    endloop
  endfacet
  facet normal -0.896843 0.442349 0
    outer loop
      vertex 8.47224 74.65 1.5
      vertex 8.57059 74.8494 3
      vertex 8.57059 74.8494 1.5
    endloop
  endfacet
  facet normal -0.896843 0.442349 0
    outer loop
      vertex 8.57059 74.8494 3
      vertex 8.47224 74.65 1.5
      vertex 8.47224 74.65 3
    endloop
  endfacet
  facet normal 0.831483 0.555551 0
    outer loop
      vertex 5.6513 74.4651 3
      vertex 5.52776 74.65 1.5
      vertex 5.52776 74.65 3
    endloop
  endfacet
  facet normal 0.831483 0.555551 0
    outer loop
      vertex 5.52776 74.65 1.5
      vertex 5.6513 74.4651 3
      vertex 5.6513 74.4651 1.5
    endloop
  endfacet
  facet normal 0.659291 0.751888 -0
    outer loop
      vertex 5.96511 74.1513 1.5
      vertex 5.79792 74.2979 3
      vertex 5.96511 74.1513 3
    endloop
  endfacet
  facet normal 0.659291 0.751888 0
    outer loop
      vertex 5.79792 74.2979 3
      vertex 5.96511 74.1513 1.5
      vertex 5.79792 74.2979 1.5
    endloop
  endfacet
  facet normal 0.195165 -0.98077 0
    outer loop
      vertex 6.56001 77.1421 1.5
      vertex 6.77811 77.1855 3
      vertex 6.56001 77.1421 3
    endloop
  endfacet
  facet normal 0.195165 -0.98077 0
    outer loop
      vertex 6.77811 77.1855 3
      vertex 6.56001 77.1421 1.5
      vertex 6.77811 77.1855 1.5
    endloop
  endfacet
  facet normal 0.751863 0.659319 0
    outer loop
      vertex 5.79792 74.2979 3
      vertex 5.6513 74.4651 1.5
      vertex 5.6513 74.4651 3
    endloop
  endfacet
  facet normal 0.751863 0.659319 0
    outer loop
      vertex 5.6513 74.4651 1.5
      vertex 5.79792 74.2979 3
      vertex 5.79792 74.2979 1.5
    endloop
  endfacet
  facet normal 0.946943 0.321403 0
    outer loop
      vertex 5.42941 74.8494 3
      vertex 5.35793 75.06 1.5
      vertex 5.35793 75.06 3
    endloop
  endfacet
  facet normal 0.946943 0.321403 0
    outer loop
      vertex 5.35793 75.06 1.5
      vertex 5.42941 74.8494 3
      vertex 5.42941 74.8494 1.5
    endloop
  endfacet
  facet normal 0.321525 0.946901 -0
    outer loop
      vertex 6.56001 73.8579 1.5
      vertex 6.34944 73.9294 3
      vertex 6.56001 73.8579 3
    endloop
  endfacet
  facet normal 0.321525 0.946901 0
    outer loop
      vertex 6.34944 73.9294 3
      vertex 6.56001 73.8579 1.5
      vertex 6.34944 73.9294 1.5
    endloop
  endfacet
  facet normal 0.751863 -0.659319 0
    outer loop
      vertex 5.6513 76.5349 3
      vertex 5.79792 76.7021 1.5
      vertex 5.79792 76.7021 3
    endloop
  endfacet
  facet normal 0.751863 -0.659319 0
    outer loop
      vertex 5.79792 76.7021 1.5
      vertex 5.6513 76.5349 3
      vertex 5.6513 76.5349 1.5
    endloop
  endfacet
  facet normal -0.442459 0.896789 0
    outer loop
      vertex 7.85 74.0278 1.5
      vertex 7.65056 73.9294 3
      vertex 7.85 74.0278 3
    endloop
  endfacet
  facet normal -0.442459 0.896789 0
    outer loop
      vertex 7.65056 73.9294 3
      vertex 7.85 74.0278 1.5
      vertex 7.65056 73.9294 1.5
    endloop
  endfacet
  facet normal -0.0652086 0.997872 0
    outer loop
      vertex 7.22189 73.8145 1.5
      vertex 7 73.8 3
      vertex 7.22189 73.8145 3
    endloop
  endfacet
  facet normal -0.0652086 0.997872 0
    outer loop
      vertex 7 73.8 3
      vertex 7.22189 73.8145 1.5
      vertex 7 73.8 1.5
    endloop
  endfacet
  facet normal 0.0652086 0.997872 -0
    outer loop
      vertex 7 73.8 1.5
      vertex 6.77811 73.8145 3
      vertex 7 73.8 3
    endloop
  endfacet
  facet normal 0.0652086 0.997872 0
    outer loop
      vertex 6.77811 73.8145 3
      vertex 7 73.8 1.5
      vertex 6.77811 73.8145 1.5
    endloop
  endfacet
  facet normal 0.980779 -0.195122 0
    outer loop
      vertex 5.31454 75.7219 3
      vertex 5.35793 75.94 1.5
      vertex 5.35793 75.94 3
    endloop
  endfacet
  facet normal 0.980779 -0.195122 0
    outer loop
      vertex 5.35793 75.94 1.5
      vertex 5.31454 75.7219 3
      vertex 5.31454 75.7219 1.5
    endloop
  endfacet
  facet normal -0.980779 -0.195122 0
    outer loop
      vertex 8.68546 75.7219 1.5
      vertex 8.64207 75.94 3
      vertex 8.64207 75.94 1.5
    endloop
  endfacet
  facet normal -0.980779 -0.195122 0
    outer loop
      vertex 8.64207 75.94 3
      vertex 8.68546 75.7219 1.5
      vertex 8.68546 75.7219 3
    endloop
  endfacet
  facet normal 0.831483 -0.555551 0
    outer loop
      vertex 5.52776 76.35 3
      vertex 5.6513 76.5349 1.5
      vertex 5.6513 76.5349 3
    endloop
  endfacet
  facet normal 0.831483 -0.555551 0
    outer loop
      vertex 5.6513 76.5349 1.5
      vertex 5.52776 76.35 3
      vertex 5.52776 76.35 1.5
    endloop
  endfacet
  facet normal -0.751863 0.659319 0
    outer loop
      vertex 8.20208 74.2979 1.5
      vertex 8.3487 74.4651 3
      vertex 8.3487 74.4651 1.5
    endloop
  endfacet
  facet normal -0.751863 0.659319 0
    outer loop
      vertex 8.3487 74.4651 3
      vertex 8.20208 74.2979 1.5
      vertex 8.20208 74.2979 3
    endloop
  endfacet
  facet normal 0.0652086 -0.997872 0
    outer loop
      vertex 6.77811 77.1855 1.5
      vertex 7 77.2 3
      vertex 6.77811 77.1855 3
    endloop
  endfacet
  facet normal 0.0652086 -0.997872 0
    outer loop
      vertex 7 77.2 3
      vertex 6.77811 77.1855 1.5
      vertex 7 77.2 1.5
    endloop
  endfacet
  facet normal 0.442459 -0.896789 0
    outer loop
      vertex 6.15 76.9722 1.5
      vertex 6.34944 77.0706 3
      vertex 6.15 76.9722 3
    endloop
  endfacet
  facet normal 0.442459 -0.896789 0
    outer loop
      vertex 6.34944 77.0706 3
      vertex 6.15 76.9722 1.5
      vertex 6.34944 77.0706 1.5
    endloop
  endfacet
  facet normal 0.555447 0.831552 -0
    outer loop
      vertex 6.15 74.0278 1.5
      vertex 5.96511 74.1513 3
      vertex 6.15 74.0278 3
    endloop
  endfacet
  facet normal 0.555447 0.831552 0
    outer loop
      vertex 5.96511 74.1513 3
      vertex 6.15 74.0278 1.5
      vertex 5.96511 74.1513 1.5
    endloop
  endfacet
  facet normal -0.751863 -0.659319 0
    outer loop
      vertex 8.3487 76.5349 1.5
      vertex 8.20208 76.7021 3
      vertex 8.20208 76.7021 1.5
    endloop
  endfacet
  facet normal -0.751863 -0.659319 0
    outer loop
      vertex 8.20208 76.7021 3
      vertex 8.3487 76.5349 1.5
      vertex 8.3487 76.5349 3
    endloop
  endfacet
  facet normal -0.659291 -0.751888 0
    outer loop
      vertex 8.03489 76.8487 1.5
      vertex 8.20208 76.7021 3
      vertex 8.03489 76.8487 3
    endloop
  endfacet
  facet normal -0.659291 -0.751888 -0
    outer loop
      vertex 8.20208 76.7021 3
      vertex 8.03489 76.8487 1.5
      vertex 8.20208 76.7021 1.5
    endloop
  endfacet
  facet normal 0.99786 0.0653848 0
    outer loop
      vertex 5.31454 75.2781 3
      vertex 5.3 75.5 1.5
      vertex 5.3 75.5 3
    endloop
  endfacet
  facet normal 0.99786 0.0653848 0
    outer loop
      vertex 5.3 75.5 1.5
      vertex 5.31454 75.2781 3
      vertex 5.31454 75.2781 1.5
    endloop
  endfacet
  facet normal 0.896843 0.442349 0
    outer loop
      vertex 5.52776 74.65 3
      vertex 5.42941 74.8494 1.5
      vertex 5.42941 74.8494 3
    endloop
  endfacet
  facet normal 0.896843 0.442349 0
    outer loop
      vertex 5.42941 74.8494 1.5
      vertex 5.52776 74.65 3
      vertex 5.52776 74.65 1.5
    endloop
  endfacet
  facet normal 0.393355 -0.588511 -0.706347
    outer loop
      vertex 5.38844 78.2636 0
      vertex 5.96511 76.8487 1.5
      vertex 5.05196 78.0387 0
    endloop
  endfacet
  facet normal 0.313198 -0.634799 -0.706355
    outer loop
      vertex 6.15 76.9722 1.5
      vertex 5.41247 78.2774 0
      vertex 6.34944 77.0706 1.5
    endloop
  endfacet
  facet normal 0.311075 -0.635919 -0.706286
    outer loop
      vertex 5.41247 78.2774 0
      vertex 6.15 76.9722 1.5
      vertex 5.4 78.2713 0
    endloop
  endfacet
  facet normal -0.706347 0.0463551 -0.706347
    outer loop
      vertex 10.2 75.5 0
      vertex 10.1735 75.0962 0
      vertex 8.7 75.5 1.5
    endloop
  endfacet
  facet normal -0.70641 0.0457388 -0.706324
    outer loop
      vertex 8.68546 75.2781 1.5
      vertex 10.1735 75.0962 0
      vertex 10.1726 75.0823 0
    endloop
  endfacet
  facet normal -0.706359 0.0462842 -0.706339
    outer loop
      vertex 10.1735 75.0962 0
      vertex 8.68546 75.2781 1.5
      vertex 8.7 75.5 1.5
    endloop
  endfacet
  facet normal -0.46671 -0.53222 -0.706345
    outer loop
      vertex 8.94804 78.0387 0
      vertex 9.25229 77.7719 0
      vertex 8.03489 76.8487 1.5
    endloop
  endfacet
  facet normal 0.227594 0.670273 -0.706354
    outer loop
      vertex 5.78857 72.5391 0
      vertex 6.34944 73.9294 1.5
      vertex 6.56001 73.8579 1.5
    endloop
  endfacet
  facet normal 0.229016 0.669744 -0.706396
    outer loop
      vertex 6.34944 73.9294 1.5
      vertex 5.78857 72.5391 0
      vertex 5.77541 72.5436 0
    endloop
  endfacet
  facet normal 0.694263 0.1381 -0.706348
    outer loop
      vertex 5.35793 75.06 1.5
      vertex 3.90904 74.6718 0
      vertex 3.83009 75.0687 0
    endloop
  endfacet
  facet normal 0.46671 0.53222 -0.706345
    outer loop
      vertex 5.96511 74.1513 1.5
      vertex 5.05196 72.9613 0
      vertex 4.74771 73.2281 0
    endloop
  endfacet
  facet normal 0.634844 -0.313124 -0.706347
    outer loop
      vertex 4.22257 77.0875 0
      vertex 5.52776 76.35 1.5
      vertex 5.42941 76.1506 1.5
    endloop
  endfacet
  facet normal 0.635171 -0.312504 -0.706327
    outer loop
      vertex 5.52776 76.35 1.5
      vertex 4.22257 77.0875 0
      vertex 4.22872 77.1 0
    endloop
  endfacet
  facet normal -0.229016 -0.669744 -0.706396
    outer loop
      vertex 7.65056 77.0706 1.5
      vertex 8.21143 78.4609 0
      vertex 8.22459 78.4564 0
    endloop
  endfacet
  facet normal -0.227594 -0.670273 -0.706354
    outer loop
      vertex 8.21143 78.4609 0
      vertex 7.65056 77.0706 1.5
      vertex 7.43999 77.1421 1.5
    endloop
  endfacet
  facet normal -0.137549 0.694369 -0.706351
    outer loop
      vertex 7.22189 73.8145 1.5
      vertex 7.43131 72.3301 0
      vertex 7.41768 72.3274 0
    endloop
  endfacet
  facet normal -0.138153 0.694266 -0.706334
    outer loop
      vertex 7.43131 72.3301 0
      vertex 7.22189 73.8145 1.5
      vertex 7.43999 73.8579 1.5
    endloop
  endfacet
  facet normal -0.634844 -0.313124 -0.706347
    outer loop
      vertex 8.47224 76.35 1.5
      vertex 9.77743 77.0875 0
      vertex 8.57059 76.1506 1.5
    endloop
  endfacet
  facet normal -0.635171 -0.312504 -0.706327
    outer loop
      vertex 9.77743 77.0875 0
      vertex 8.47224 76.35 1.5
      vertex 9.77128 77.1 0
    endloop
  endfacet
  facet normal -0.0461603 -0.706379 -0.706327
    outer loop
      vertex 7.40381 78.6735 0
      vertex 7.22189 77.1855 1.5
      vertex 7 77.2 1.5
    endloop
  endfacet
  facet normal -0.0458377 -0.70641 -0.706317
    outer loop
      vertex 7.22189 77.1855 1.5
      vertex 7.40381 78.6735 0
      vertex 7.41768 78.6726 0
    endloop
  endfacet
  facet normal -0.138013 -0.69428 -0.706348
    outer loop
      vertex 7.82822 78.591 0
      vertex 7.43999 77.1421 1.5
      vertex 7.43131 78.6699 0
    endloop
  endfacet
  facet normal 0.227563 -0.670287 -0.70635
    outer loop
      vertex 6.17178 78.591 0
      vertex 6.56001 77.1421 1.5
      vertex 5.78857 78.4609 0
    endloop
  endfacet
  facet normal -0.313107 0.634856 -0.706344
    outer loop
      vertex 8.58753 72.7226 0
      vertex 8.22459 72.5436 0
      vertex 7.65056 73.9294 1.5
    endloop
  endfacet
  facet normal 0.530909 0.468119 -0.7064
    outer loop
      vertex 4.72809 73.2477 0
      vertex 5.79792 74.2979 1.5
      vertex 4.73726 73.2373 0
    endloop
  endfacet
  facet normal 0.532218 0.466709 -0.706347
    outer loop
      vertex 5.79792 74.2979 1.5
      vertex 4.72809 73.2477 0
      vertex 5.6513 74.4651 1.5
    endloop
  endfacet
  facet normal -0.706347 -0.0463551 -0.706347
    outer loop
      vertex 10.1735 75.9038 0
      vertex 10.2 75.5 0
      vertex 8.7 75.5 1.5
    endloop
  endfacet
  facet normal 0.694261 0.13812 -0.706346
    outer loop
      vertex 3.83009 75.0687 0
      vertex 5.31454 75.2781 1.5
      vertex 5.35793 75.06 1.5
    endloop
  endfacet
  facet normal 0.694225 0.138335 -0.70634
    outer loop
      vertex 5.31454 75.2781 1.5
      vertex 3.83009 75.0687 0
      vertex 3.82738 75.0823 0
    endloop
  endfacet
  facet normal 0.137549 -0.694369 -0.706351
    outer loop
      vertex 6.77811 77.1855 1.5
      vertex 6.56869 78.6699 0
      vertex 6.58232 78.6726 0
    endloop
  endfacet
  facet normal 0.138153 -0.694266 -0.706334
    outer loop
      vertex 6.56869 78.6699 0
      vertex 6.77811 77.1855 1.5
      vertex 6.56001 77.1421 1.5
    endloop
  endfacet
  facet normal 0.313107 0.634856 -0.706344
    outer loop
      vertex 6.34944 73.9294 1.5
      vertex 5.77541 72.5436 0
      vertex 5.41247 72.7226 0
    endloop
  endfacet
  facet normal 0.532218 -0.466709 -0.706347
    outer loop
      vertex 4.72809 77.7523 0
      vertex 5.79792 76.7021 1.5
      vertex 5.6513 76.5349 1.5
    endloop
  endfacet
  facet normal 0.530909 -0.468119 -0.7064
    outer loop
      vertex 5.79792 76.7021 1.5
      vertex 4.72809 77.7523 0
      vertex 4.73726 77.7627 0
    endloop
  endfacet
  facet normal -0.670311 -0.227511 -0.706344
    outer loop
      vertex 8.57059 76.1506 1.5
      vertex 9.96088 76.7114 0
      vertex 8.64207 75.94 1.5
    endloop
  endfacet
  facet normal -0.67065 -0.226598 -0.706316
    outer loop
      vertex 9.96088 76.7114 0
      vertex 8.57059 76.1506 1.5
      vertex 9.95642 76.7246 0
    endloop
  endfacet
  facet normal -0.532242 0.466687 -0.706344
    outer loop
      vertex 9.53873 73.552 0
      vertex 9.27191 73.2477 0
      vertex 8.3487 74.4651 1.5
    endloop
  endfacet
  facet normal -0.634847 -0.31312 -0.706347
    outer loop
      vertex 9.77743 77.0875 0
      vertex 9.95642 76.7246 0
      vertex 8.57059 76.1506 1.5
    endloop
  endfacet
  facet normal 0.588526 0.393336 -0.706346
    outer loop
      vertex 5.6513 74.4651 1.5
      vertex 4.46127 73.552 0
      vertex 4.23644 73.8884 0
    endloop
  endfacet
  facet normal -0.229016 0.669744 -0.706396
    outer loop
      vertex 8.21143 72.5391 0
      vertex 7.65056 73.9294 1.5
      vertex 8.22459 72.5436 0
    endloop
  endfacet
  facet normal -0.227594 0.670273 -0.706354
    outer loop
      vertex 7.65056 73.9294 1.5
      vertex 8.21143 72.5391 0
      vertex 7.43999 73.8579 1.5
    endloop
  endfacet
  facet normal 0.706348 -0.0463027 -0.706348
    outer loop
      vertex 3.82647 75.9038 0
      vertex 5.3 75.5 1.5
      vertex 3.8 75.5 0
    endloop
  endfacet
  facet normal 0.46671 -0.53222 -0.706345
    outer loop
      vertex 5.05196 78.0387 0
      vertex 5.96511 76.8487 1.5
      vertex 4.74771 77.7719 0
    endloop
  endfacet
  facet normal 0.635171 0.312504 -0.706327
    outer loop
      vertex 4.22257 73.9125 0
      vertex 5.52776 74.65 1.5
      vertex 4.22872 73.9 0
    endloop
  endfacet
  facet normal 0.634844 0.313124 -0.706347
    outer loop
      vertex 5.52776 74.65 1.5
      vertex 4.22257 73.9125 0
      vertex 5.42941 74.8494 1.5
    endloop
  endfacet
  facet normal -0.467728 -0.531277 -0.706382
    outer loop
      vertex 8.20208 76.7021 1.5
      vertex 9.25229 77.7719 0
      vertex 9.26274 77.7627 0
    endloop
  endfacet
  facet normal -0.466692 -0.532239 -0.706343
    outer loop
      vertex 9.25229 77.7719 0
      vertex 8.20208 76.7021 1.5
      vertex 8.03489 76.8487 1.5
    endloop
  endfacet
  facet normal 0.138013 -0.69428 -0.706348
    outer loop
      vertex 6.56869 78.6699 0
      vertex 6.56001 77.1421 1.5
      vertex 6.17178 78.591 0
    endloop
  endfacet
  facet normal 0.634855 -0.313106 -0.706345
    outer loop
      vertex 4.22257 77.0875 0
      vertex 5.42941 76.1506 1.5
      vertex 4.04359 76.7246 0
    endloop
  endfacet
  facet normal -0.706359 -0.0462842 -0.706339
    outer loop
      vertex 8.68546 75.7219 1.5
      vertex 10.1735 75.9038 0
      vertex 8.7 75.5 1.5
    endloop
  endfacet
  facet normal -0.70641 -0.0457388 -0.706324
    outer loop
      vertex 10.1735 75.9038 0
      vertex 8.68546 75.7219 1.5
      vertex 10.1726 75.9177 0
    endloop
  endfacet
  facet normal -0.227563 -0.670287 -0.70635
    outer loop
      vertex 7.82822 78.591 0
      vertex 8.21143 78.4609 0
      vertex 7.43999 77.1421 1.5
    endloop
  endfacet
  facet normal -0.313107 -0.634856 -0.706344
    outer loop
      vertex 8.22459 78.4564 0
      vertex 8.58753 78.2774 0
      vertex 7.65056 77.0706 1.5
    endloop
  endfacet
  facet normal -0.694311 -0.137841 -0.706351
    outer loop
      vertex 8.68546 75.7219 1.5
      vertex 10.1699 75.9313 0
      vertex 10.1726 75.9177 0
    endloop
  endfacet
  facet normal -0.694264 -0.138121 -0.706343
    outer loop
      vertex 10.1699 75.9313 0
      vertex 8.68546 75.7219 1.5
      vertex 8.64207 75.94 1.5
    endloop
  endfacet
  facet normal -0.311075 -0.635919 -0.706286
    outer loop
      vertex 7.85 76.9722 1.5
      vertex 8.58753 78.2774 0
      vertex 8.6 78.2713 0
    endloop
  endfacet
  facet normal -0.313198 -0.634799 -0.706355
    outer loop
      vertex 8.58753 78.2774 0
      vertex 7.85 76.9722 1.5
      vertex 7.65056 77.0706 1.5
    endloop
  endfacet
  facet normal 0.0458377 -0.70641 -0.706317
    outer loop
      vertex 6.59619 78.6735 0
      vertex 6.77811 77.1855 1.5
      vertex 6.58232 78.6726 0
    endloop
  endfacet
  facet normal 0.0461603 -0.706379 -0.706327
    outer loop
      vertex 6.77811 77.1855 1.5
      vertex 6.59619 78.6735 0
      vertex 7 77.2 1.5
    endloop
  endfacet
  facet normal 0.670299 0.227538 -0.706347
    outer loop
      vertex 5.35793 75.06 1.5
      vertex 4.03912 74.2886 0
      vertex 3.90904 74.6718 0
    endloop
  endfacet
  facet normal 0.694263 -0.1381 -0.706348
    outer loop
      vertex 3.90904 76.3282 0
      vertex 5.35793 75.94 1.5
      vertex 3.83009 75.9313 0
    endloop
  endfacet
  facet normal -0.0458377 0.70641 -0.706317
    outer loop
      vertex 7.40381 72.3265 0
      vertex 7.22189 73.8145 1.5
      vertex 7.41768 72.3274 0
    endloop
  endfacet
  facet normal -0.0461603 0.706379 -0.706327
    outer loop
      vertex 7.22189 73.8145 1.5
      vertex 7.40381 72.3265 0
      vertex 7 73.8 1.5
    endloop
  endfacet
  facet normal -0.670271 -0.227598 -0.706353
    outer loop
      vertex 9.96088 76.7114 0
      vertex 10.091 76.3282 0
      vertex 8.64207 75.94 1.5
    endloop
  endfacet
  facet normal -0.138153 -0.694266 -0.706334
    outer loop
      vertex 7.22189 77.1855 1.5
      vertex 7.43131 78.6699 0
      vertex 7.43999 77.1421 1.5
    endloop
  endfacet
  facet normal -0.137549 -0.694369 -0.706351
    outer loop
      vertex 7.43131 78.6699 0
      vertex 7.22189 77.1855 1.5
      vertex 7.41768 78.6726 0
    endloop
  endfacet
  facet normal 0.138013 0.69428 -0.706348
    outer loop
      vertex 6.56001 73.8579 1.5
      vertex 6.56869 72.3301 0
      vertex 6.17178 72.409 0
    endloop
  endfacet
  facet normal 0.634855 0.313106 -0.706345
    outer loop
      vertex 5.42941 74.8494 1.5
      vertex 4.22257 73.9125 0
      vertex 4.04359 74.2754 0
    endloop
  endfacet
  facet normal -0.138013 0.69428 -0.706348
    outer loop
      vertex 7.43999 73.8579 1.5
      vertex 7.82822 72.409 0
      vertex 7.43131 72.3301 0
    endloop
  endfacet
  facet normal 0.532242 0.466687 -0.706344
    outer loop
      vertex 5.6513 74.4651 1.5
      vertex 4.72809 73.2477 0
      vertex 4.46127 73.552 0
    endloop
  endfacet
  facet normal -0.634847 0.31312 -0.706347
    outer loop
      vertex 9.95642 74.2754 0
      vertex 9.77743 73.9125 0
      vertex 8.57059 74.8494 1.5
    endloop
  endfacet
  facet normal 0.670311 -0.227511 -0.706344
    outer loop
      vertex 4.03912 76.7114 0
      vertex 5.42941 76.1506 1.5
      vertex 5.35793 75.94 1.5
    endloop
  endfacet
  facet normal 0.670482 -0.22705 -0.70633
    outer loop
      vertex 5.42941 76.1506 1.5
      vertex 4.03912 76.7114 0
      vertex 4.04359 76.7246 0
    endloop
  endfacet
  facet normal -0.532218 -0.466709 -0.706347
    outer loop
      vertex 8.20208 76.7021 1.5
      vertex 9.27191 77.7523 0
      vertex 8.3487 76.5349 1.5
    endloop
  endfacet
  facet normal -0.530909 -0.468119 -0.7064
    outer loop
      vertex 9.27191 77.7523 0
      vertex 8.20208 76.7021 1.5
      vertex 9.26274 77.7627 0
    endloop
  endfacet
  facet normal -0.532242 -0.466687 -0.706344
    outer loop
      vertex 9.27191 77.7523 0
      vertex 9.53873 77.448 0
      vertex 8.3487 76.5349 1.5
    endloop
  endfacet
  facet normal -0.694274 -0.138015 -0.706354
    outer loop
      vertex 10.091 76.3282 0
      vertex 10.1699 75.9313 0
      vertex 8.64207 75.94 1.5
    endloop
  endfacet
  facet normal 0.532242 -0.466687 -0.706344
    outer loop
      vertex 4.72809 77.7523 0
      vertex 5.6513 76.5349 1.5
      vertex 4.46127 77.448 0
    endloop
  endfacet
  facet normal 0.466692 -0.532239 -0.706343
    outer loop
      vertex 5.79792 76.7021 1.5
      vertex 4.74771 77.7719 0
      vertex 5.96511 76.8487 1.5
    endloop
  endfacet
  facet normal 0.467728 -0.531277 -0.706382
    outer loop
      vertex 4.74771 77.7719 0
      vertex 5.79792 76.7021 1.5
      vertex 4.73726 77.7627 0
    endloop
  endfacet
  facet normal 0.466692 0.532239 -0.706343
    outer loop
      vertex 4.74771 73.2281 0
      vertex 5.79792 74.2979 1.5
      vertex 5.96511 74.1513 1.5
    endloop
  endfacet
  facet normal 0.467728 0.531277 -0.706382
    outer loop
      vertex 5.79792 74.2979 1.5
      vertex 4.74771 73.2281 0
      vertex 4.73726 73.2373 0
    endloop
  endfacet
  facet normal 0.313107 -0.634856 -0.706344
    outer loop
      vertex 5.77541 78.4564 0
      vertex 6.34944 77.0706 1.5
      vertex 5.41247 78.2774 0
    endloop
  endfacet
  facet normal 0.694261 -0.13812 -0.706346
    outer loop
      vertex 5.31454 75.7219 1.5
      vertex 3.83009 75.9313 0
      vertex 5.35793 75.94 1.5
    endloop
  endfacet
  facet normal 0.694225 -0.138335 -0.70634
    outer loop
      vertex 3.83009 75.9313 0
      vertex 5.31454 75.7219 1.5
      vertex 3.82738 75.9177 0
    endloop
  endfacet
  facet normal 0.227594 -0.670273 -0.706354
    outer loop
      vertex 6.34944 77.0706 1.5
      vertex 5.78857 78.4609 0
      vertex 6.56001 77.1421 1.5
    endloop
  endfacet
  facet normal 0.229016 -0.669744 -0.706396
    outer loop
      vertex 5.78857 78.4609 0
      vertex 6.34944 77.0706 1.5
      vertex 5.77541 78.4564 0
    endloop
  endfacet
  facet normal 0.706352 -0.0462837 -0.706346
    outer loop
      vertex 3.82647 75.9038 0
      vertex 5.31454 75.7219 1.5
      vertex 5.3 75.5 1.5
    endloop
  endfacet
  facet normal 0.706355 -0.0462434 -0.706345
    outer loop
      vertex 5.31454 75.7219 1.5
      vertex 3.82647 75.9038 0
      vertex 3.82738 75.9177 0
    endloop
  endfacet
  facet normal 0.0463539 -0.706347 -0.706347
    outer loop
      vertex 7 78.7 0
      vertex 7 77.2 1.5
      vertex 6.59619 78.6735 0
    endloop
  endfacet
  facet normal -0.0463539 -0.706347 -0.706347
    outer loop
      vertex 7.40381 78.6735 0
      vertex 7 77.2 1.5
      vertex 7 78.7 0
    endloop
  endfacet
  facet normal -0.588526 -0.393336 -0.706346
    outer loop
      vertex 9.53873 77.448 0
      vertex 9.76356 77.1116 0
      vertex 8.3487 76.5349 1.5
    endloop
  endfacet
  facet normal 0.706355 0.0462434 -0.706345
    outer loop
      vertex 3.82647 75.0962 0
      vertex 5.31454 75.2781 1.5
      vertex 3.82738 75.0823 0
    endloop
  endfacet
  facet normal 0.706352 0.0462837 -0.706346
    outer loop
      vertex 5.31454 75.2781 1.5
      vertex 3.82647 75.0962 0
      vertex 5.3 75.5 1.5
    endloop
  endfacet
  facet normal 0.706348 0.0463027 -0.706348
    outer loop
      vertex 5.3 75.5 1.5
      vertex 3.82647 75.0962 0
      vertex 3.8 75.5 0
    endloop
  endfacet
  facet normal 0.39317 -0.588609 -0.706368
    outer loop
      vertex 5.38844 78.2636 0
      vertex 6.15 76.9722 1.5
      vertex 5.96511 76.8487 1.5
    endloop
  endfacet
  facet normal 0.392392 -0.589098 -0.706394
    outer loop
      vertex 6.15 76.9722 1.5
      vertex 5.38844 78.2636 0
      vertex 5.4 78.2713 0
    endloop
  endfacet
  facet normal 0.137549 0.694369 -0.706351
    outer loop
      vertex 6.56869 72.3301 0
      vertex 6.77811 73.8145 1.5
      vertex 6.58232 72.3274 0
    endloop
  endfacet
  facet normal 0.138153 0.694266 -0.706334
    outer loop
      vertex 6.77811 73.8145 1.5
      vertex 6.56869 72.3301 0
      vertex 6.56001 73.8579 1.5
    endloop
  endfacet
  facet normal 0.670482 0.22705 -0.70633
    outer loop
      vertex 4.03912 74.2886 0
      vertex 5.42941 74.8494 1.5
      vertex 4.04359 74.2754 0
    endloop
  endfacet
  facet normal 0.670311 0.227511 -0.706344
    outer loop
      vertex 5.42941 74.8494 1.5
      vertex 4.03912 74.2886 0
      vertex 5.35793 75.06 1.5
    endloop
  endfacet
  facet normal 0.0461603 0.706379 -0.706327
    outer loop
      vertex 6.59619 72.3265 0
      vertex 6.77811 73.8145 1.5
      vertex 7 73.8 1.5
    endloop
  endfacet
  facet normal 0.0458377 0.70641 -0.706317
    outer loop
      vertex 6.77811 73.8145 1.5
      vertex 6.59619 72.3265 0
      vertex 6.58232 72.3274 0
    endloop
  endfacet
  facet normal -0.670271 0.227598 -0.706353
    outer loop
      vertex 10.091 74.6718 0
      vertex 9.96088 74.2886 0
      vertex 8.64207 75.06 1.5
    endloop
  endfacet
  facet normal 0.588571 0.393251 -0.706355
    outer loop
      vertex 4.23644 73.8884 0
      vertex 5.52776 74.65 1.5
      vertex 5.6513 74.4651 1.5
    endloop
  endfacet
  facet normal 0.589256 0.39216 -0.706391
    outer loop
      vertex 5.52776 74.65 1.5
      vertex 4.23644 73.8884 0
      vertex 4.22872 73.9 0
    endloop
  endfacet
  facet normal 0.227563 0.670287 -0.70635
    outer loop
      vertex 6.56001 73.8579 1.5
      vertex 6.17178 72.409 0
      vertex 5.78857 72.5391 0
    endloop
  endfacet
  facet normal 0.670299 -0.227538 -0.706347
    outer loop
      vertex 4.03912 76.7114 0
      vertex 5.35793 75.94 1.5
      vertex 3.90904 76.3282 0
    endloop
  endfacet
  facet normal -0.694274 0.138015 -0.706354
    outer loop
      vertex 10.1699 75.0687 0
      vertex 10.091 74.6718 0
      vertex 8.64207 75.06 1.5
    endloop
  endfacet
  facet normal 0.313198 0.634799 -0.706355
    outer loop
      vertex 5.41247 72.7226 0
      vertex 6.15 74.0278 1.5
      vertex 6.34944 73.9294 1.5
    endloop
  endfacet
  facet normal 0.311075 0.635919 -0.706286
    outer loop
      vertex 6.15 74.0278 1.5
      vertex 5.41247 72.7226 0
      vertex 5.4 72.7287 0
    endloop
  endfacet
  facet normal -0.589256 -0.39216 -0.706391
    outer loop
      vertex 8.47224 76.35 1.5
      vertex 9.76356 77.1116 0
      vertex 9.77128 77.1 0
    endloop
  endfacet
  facet normal -0.588571 -0.393251 -0.706355
    outer loop
      vertex 9.76356 77.1116 0
      vertex 8.47224 76.35 1.5
      vertex 8.3487 76.5349 1.5
    endloop
  endfacet
  facet normal -0.0463539 0.706347 -0.706347
    outer loop
      vertex 7.40381 72.3265 0
      vertex 7 72.3 0
      vertex 7 73.8 1.5
    endloop
  endfacet
  facet normal 0.0463539 0.706347 -0.706347
    outer loop
      vertex 7 73.8 1.5
      vertex 7 72.3 0
      vertex 6.59619 72.3265 0
    endloop
  endfacet
  facet normal -0.588526 0.393336 -0.706346
    outer loop
      vertex 9.76356 73.8884 0
      vertex 9.53873 73.552 0
      vertex 8.3487 74.4651 1.5
    endloop
  endfacet
  facet normal -0.393355 -0.588511 -0.706347
    outer loop
      vertex 8.61156 78.2636 0
      vertex 8.94804 78.0387 0
      vertex 8.03489 76.8487 1.5
    endloop
  endfacet
  facet normal -0.46671 0.53222 -0.706345
    outer loop
      vertex 9.25229 73.2281 0
      vertex 8.94804 72.9613 0
      vertex 8.03489 74.1513 1.5
    endloop
  endfacet
  facet normal -0.393355 0.588511 -0.706347
    outer loop
      vertex 8.94804 72.9613 0
      vertex 8.61156 72.7364 0
      vertex 8.03489 74.1513 1.5
    endloop
  endfacet
  facet normal 0.588571 -0.393251 -0.706355
    outer loop
      vertex 5.52776 76.35 1.5
      vertex 4.23644 77.1116 0
      vertex 5.6513 76.5349 1.5
    endloop
  endfacet
  facet normal 0.589256 -0.39216 -0.706391
    outer loop
      vertex 4.23644 77.1116 0
      vertex 5.52776 76.35 1.5
      vertex 4.22872 77.1 0
    endloop
  endfacet
  facet normal 0.392392 0.589098 -0.706394
    outer loop
      vertex 5.38844 72.7364 0
      vertex 6.15 74.0278 1.5
      vertex 5.4 72.7287 0
    endloop
  endfacet
  facet normal 0.39317 0.588609 -0.706368
    outer loop
      vertex 6.15 74.0278 1.5
      vertex 5.38844 72.7364 0
      vertex 5.96511 74.1513 1.5
    endloop
  endfacet
  facet normal 0.588526 -0.393336 -0.706346
    outer loop
      vertex 4.46127 77.448 0
      vertex 5.6513 76.5349 1.5
      vertex 4.23644 77.1116 0
    endloop
  endfacet
  facet normal -0.227563 0.670287 -0.70635
    outer loop
      vertex 8.21143 72.5391 0
      vertex 7.82822 72.409 0
      vertex 7.43999 73.8579 1.5
    endloop
  endfacet
  facet normal -0.392392 0.589098 -0.706394
    outer loop
      vertex 7.85 74.0278 1.5
      vertex 8.61156 72.7364 0
      vertex 8.6 72.7287 0
    endloop
  endfacet
  facet normal -0.39317 0.588609 -0.706368
    outer loop
      vertex 8.61156 72.7364 0
      vertex 7.85 74.0278 1.5
      vertex 8.03489 74.1513 1.5
    endloop
  endfacet
  facet normal 0.393355 0.588511 -0.706347
    outer loop
      vertex 5.96511 74.1513 1.5
      vertex 5.38844 72.7364 0
      vertex 5.05196 72.9613 0
    endloop
  endfacet
  facet normal -0.635171 0.312504 -0.706327
    outer loop
      vertex 8.47224 74.65 1.5
      vertex 9.77743 73.9125 0
      vertex 9.77128 73.9 0
    endloop
  endfacet
  facet normal -0.634844 0.313124 -0.706347
    outer loop
      vertex 9.77743 73.9125 0
      vertex 8.47224 74.65 1.5
      vertex 8.57059 74.8494 1.5
    endloop
  endfacet
  facet normal -0.39317 -0.588609 -0.706368
    outer loop
      vertex 7.85 76.9722 1.5
      vertex 8.61156 78.2636 0
      vertex 8.03489 76.8487 1.5
    endloop
  endfacet
  facet normal -0.392392 -0.589098 -0.706394
    outer loop
      vertex 8.61156 78.2636 0
      vertex 7.85 76.9722 1.5
      vertex 8.6 78.2713 0
    endloop
  endfacet
  facet normal -0.589256 0.39216 -0.706391
    outer loop
      vertex 9.76356 73.8884 0
      vertex 8.47224 74.65 1.5
      vertex 9.77128 73.9 0
    endloop
  endfacet
  facet normal -0.588571 0.393251 -0.706355
    outer loop
      vertex 8.47224 74.65 1.5
      vertex 9.76356 73.8884 0
      vertex 8.3487 74.4651 1.5
    endloop
  endfacet
  facet normal -0.694311 0.137841 -0.706351
    outer loop
      vertex 10.1699 75.0687 0
      vertex 8.68546 75.2781 1.5
      vertex 10.1726 75.0823 0
    endloop
  endfacet
  facet normal -0.694264 0.138121 -0.706343
    outer loop
      vertex 8.68546 75.2781 1.5
      vertex 10.1699 75.0687 0
      vertex 8.64207 75.06 1.5
    endloop
  endfacet
  facet normal -0.467728 0.531277 -0.706382
    outer loop
      vertex 9.25229 73.2281 0
      vertex 8.20208 74.2979 1.5
      vertex 9.26274 73.2373 0
    endloop
  endfacet
  facet normal -0.466692 0.532239 -0.706343
    outer loop
      vertex 8.20208 74.2979 1.5
      vertex 9.25229 73.2281 0
      vertex 8.03489 74.1513 1.5
    endloop
  endfacet
  facet normal -0.530909 0.468119 -0.7064
    outer loop
      vertex 8.20208 74.2979 1.5
      vertex 9.27191 73.2477 0
      vertex 9.26274 73.2373 0
    endloop
  endfacet
  facet normal -0.532218 0.466709 -0.706347
    outer loop
      vertex 9.27191 73.2477 0
      vertex 8.20208 74.2979 1.5
      vertex 8.3487 74.4651 1.5
    endloop
  endfacet
  facet normal -0.311075 0.635919 -0.706286
    outer loop
      vertex 8.58753 72.7226 0
      vertex 7.85 74.0278 1.5
      vertex 8.6 72.7287 0
    endloop
  endfacet
  facet normal -0.313198 0.634799 -0.706355
    outer loop
      vertex 7.85 74.0278 1.5
      vertex 8.58753 72.7226 0
      vertex 7.65056 73.9294 1.5
    endloop
  endfacet
  facet normal -0.67065 0.226598 -0.706316
    outer loop
      vertex 8.57059 74.8494 1.5
      vertex 9.96088 74.2886 0
      vertex 9.95642 74.2754 0
    endloop
  endfacet
  facet normal -0.670311 0.227511 -0.706344
    outer loop
      vertex 9.96088 74.2886 0
      vertex 8.57059 74.8494 1.5
      vertex 8.64207 75.06 1.5
    endloop
  endfacet
  facet normal -0.980779 0.195122 0
    outer loop
      vertex 8.64207 6.56001 1.5
      vertex 8.68546 6.77811 3
      vertex 8.68546 6.77811 1.5
    endloop
  endfacet
  facet normal -0.980779 0.195122 0
    outer loop
      vertex 8.68546 6.77811 3
      vertex 8.64207 6.56001 1.5
      vertex 8.64207 6.56001 3
    endloop
  endfacet
  facet normal -0.99786 0.0653877 0
    outer loop
      vertex 8.68546 6.77811 1.5
      vertex 8.7 7 3
      vertex 8.7 7 1.5
    endloop
  endfacet
  facet normal -0.99786 0.0653877 0
    outer loop
      vertex 8.7 7 3
      vertex 8.68546 6.77811 1.5
      vertex 8.68546 6.77811 3
    endloop
  endfacet
  facet normal -0.0653877 -0.99786 0
    outer loop
      vertex 7 8.7 1.5
      vertex 7.22189 8.68546 3
      vertex 7 8.7 3
    endloop
  endfacet
  facet normal -0.0653877 -0.99786 -0
    outer loop
      vertex 7.22189 8.68546 3
      vertex 7 8.7 1.5
      vertex 7.22189 8.68546 1.5
    endloop
  endfacet
  facet normal 0.659342 0.751844 -0
    outer loop
      vertex 5.96511 5.6513 1.5
      vertex 5.79792 5.79792 3
      vertex 5.96511 5.6513 3
    endloop
  endfacet
  facet normal 0.659342 0.751844 0
    outer loop
      vertex 5.79792 5.79792 3
      vertex 5.96511 5.6513 1.5
      vertex 5.79792 5.79792 1.5
    endloop
  endfacet
  facet normal 0.831469 -0.555572 0
    outer loop
      vertex 5.52776 7.85 3
      vertex 5.6513 8.03489 1.5
      vertex 5.6513 8.03489 3
    endloop
  endfacet
  facet normal 0.831469 -0.555572 0
    outer loop
      vertex 5.6513 8.03489 1.5
      vertex 5.52776 7.85 3
      vertex 5.52776 7.85 1.5
    endloop
  endfacet
  facet normal 0.195122 -0.980779 0
    outer loop
      vertex 6.56001 8.64207 1.5
      vertex 6.77811 8.68546 3
      vertex 6.56001 8.64207 3
    endloop
  endfacet
  facet normal 0.195122 -0.980779 0
    outer loop
      vertex 6.77811 8.68546 3
      vertex 6.56001 8.64207 1.5
      vertex 6.77811 8.68546 1.5
    endloop
  endfacet
  facet normal -0.659342 0.751844 0
    outer loop
      vertex 8.20208 5.79792 1.5
      vertex 8.03489 5.6513 3
      vertex 8.20208 5.79792 3
    endloop
  endfacet
  facet normal -0.659342 0.751844 0
    outer loop
      vertex 8.03489 5.6513 3
      vertex 8.20208 5.79792 1.5
      vertex 8.03489 5.6513 1.5
    endloop
  endfacet
  facet normal -0.946929 -0.321444 0
    outer loop
      vertex 8.64207 7.43999 1.5
      vertex 8.57059 7.65056 3
      vertex 8.57059 7.65056 1.5
    endloop
  endfacet
  facet normal -0.946929 -0.321444 0
    outer loop
      vertex 8.57059 7.65056 3
      vertex 8.64207 7.43999 1.5
      vertex 8.64207 7.43999 3
    endloop
  endfacet
  facet normal -0.751844 -0.659342 0
    outer loop
      vertex 8.3487 8.03489 1.5
      vertex 8.20208 8.20208 3
      vertex 8.20208 8.20208 1.5
    endloop
  endfacet
  facet normal -0.751844 -0.659342 0
    outer loop
      vertex 8.20208 8.20208 3
      vertex 8.3487 8.03489 1.5
      vertex 8.3487 8.03489 3
    endloop
  endfacet
  facet normal -0.751844 0.659342 0
    outer loop
      vertex 8.20208 5.79792 1.5
      vertex 8.3487 5.96511 3
      vertex 8.3487 5.96511 1.5
    endloop
  endfacet
  facet normal -0.751844 0.659342 0
    outer loop
      vertex 8.3487 5.96511 3
      vertex 8.20208 5.79792 1.5
      vertex 8.20208 5.79792 3
    endloop
  endfacet
  facet normal 0.946929 -0.321444 0
    outer loop
      vertex 5.35793 7.43999 3
      vertex 5.42941 7.65056 1.5
      vertex 5.42941 7.65056 3
    endloop
  endfacet
  facet normal 0.946929 -0.321444 0
    outer loop
      vertex 5.42941 7.65056 1.5
      vertex 5.35793 7.43999 3
      vertex 5.35793 7.43999 1.5
    endloop
  endfacet
  facet normal -0.321444 -0.946929 0
    outer loop
      vertex 7.43999 8.64207 1.5
      vertex 7.65056 8.57059 3
      vertex 7.43999 8.64207 3
    endloop
  endfacet
  facet normal -0.321444 -0.946929 -0
    outer loop
      vertex 7.65056 8.57059 3
      vertex 7.43999 8.64207 1.5
      vertex 7.65056 8.57059 1.5
    endloop
  endfacet
  facet normal 0.0653877 -0.99786 0
    outer loop
      vertex 6.77811 8.68546 1.5
      vertex 7 8.7 3
      vertex 6.77811 8.68546 3
    endloop
  endfacet
  facet normal 0.0653877 -0.99786 0
    outer loop
      vertex 7 8.7 3
      vertex 6.77811 8.68546 1.5
      vertex 7 8.7 1.5
    endloop
  endfacet
  facet normal 0.321444 0.946929 -0
    outer loop
      vertex 6.56001 5.35793 1.5
      vertex 6.34944 5.42941 3
      vertex 6.56001 5.35793 3
    endloop
  endfacet
  facet normal 0.321444 0.946929 0
    outer loop
      vertex 6.34944 5.42941 3
      vertex 6.56001 5.35793 1.5
      vertex 6.34944 5.42941 1.5
    endloop
  endfacet
  facet normal -0.946929 0.321444 0
    outer loop
      vertex 8.57059 6.34944 1.5
      vertex 8.64207 6.56001 3
      vertex 8.64207 6.56001 1.5
    endloop
  endfacet
  facet normal -0.946929 0.321444 0
    outer loop
      vertex 8.64207 6.56001 3
      vertex 8.57059 6.34944 1.5
      vertex 8.57059 6.34944 3
    endloop
  endfacet
  facet normal 0.751844 0.659342 0
    outer loop
      vertex 5.79792 5.79792 3
      vertex 5.6513 5.96511 1.5
      vertex 5.6513 5.96511 3
    endloop
  endfacet
  facet normal 0.751844 0.659342 0
    outer loop
      vertex 5.6513 5.96511 1.5
      vertex 5.79792 5.79792 3
      vertex 5.79792 5.79792 1.5
    endloop
  endfacet
  facet normal 0.442278 -0.896878 0
    outer loop
      vertex 6.15 8.47224 1.5
      vertex 6.34944 8.57059 3
      vertex 6.15 8.47224 3
    endloop
  endfacet
  facet normal 0.442278 -0.896878 0
    outer loop
      vertex 6.34944 8.57059 3
      vertex 6.15 8.47224 1.5
      vertex 6.34944 8.57059 1.5
    endloop
  endfacet
  facet normal 0.0653877 0.99786 -0
    outer loop
      vertex 7 5.3 1.5
      vertex 6.77811 5.31454 3
      vertex 7 5.3 3
    endloop
  endfacet
  facet normal 0.0653877 0.99786 0
    outer loop
      vertex 6.77811 5.31454 3
      vertex 7 5.3 1.5
      vertex 6.77811 5.31454 1.5
    endloop
  endfacet
  facet normal -0.896878 -0.442278 0
    outer loop
      vertex 8.57059 7.65056 1.5
      vertex 8.47224 7.85 3
      vertex 8.47224 7.85 1.5
    endloop
  endfacet
  facet normal -0.896878 -0.442278 0
    outer loop
      vertex 8.47224 7.85 3
      vertex 8.57059 7.65056 1.5
      vertex 8.57059 7.65056 3
    endloop
  endfacet
  facet normal -0.555572 -0.831469 0
    outer loop
      vertex 7.85 8.47224 1.5
      vertex 8.03489 8.3487 3
      vertex 7.85 8.47224 3
    endloop
  endfacet
  facet normal -0.555572 -0.831469 -0
    outer loop
      vertex 8.03489 8.3487 3
      vertex 7.85 8.47224 1.5
      vertex 8.03489 8.3487 1.5
    endloop
  endfacet
  facet normal 0.980779 -0.195122 0
    outer loop
      vertex 5.31454 7.22189 3
      vertex 5.35793 7.43999 1.5
      vertex 5.35793 7.43999 3
    endloop
  endfacet
  facet normal 0.980779 -0.195122 0
    outer loop
      vertex 5.35793 7.43999 1.5
      vertex 5.31454 7.22189 3
      vertex 5.31454 7.22189 1.5
    endloop
  endfacet
  facet normal -0.195122 0.980779 0
    outer loop
      vertex 7.43999 5.35793 1.5
      vertex 7.22189 5.31454 3
      vertex 7.43999 5.35793 3
    endloop
  endfacet
  facet normal -0.195122 0.980779 0
    outer loop
      vertex 7.22189 5.31454 3
      vertex 7.43999 5.35793 1.5
      vertex 7.22189 5.31454 1.5
    endloop
  endfacet
  facet normal -0.831469 0.555572 0
    outer loop
      vertex 8.3487 5.96511 1.5
      vertex 8.47224 6.15 3
      vertex 8.47224 6.15 1.5
    endloop
  endfacet
  facet normal -0.831469 0.555572 0
    outer loop
      vertex 8.47224 6.15 3
      vertex 8.3487 5.96511 1.5
      vertex 8.3487 5.96511 3
    endloop
  endfacet
  facet normal -0.99786 -0.0653877 0
    outer loop
      vertex 8.7 7 1.5
      vertex 8.68546 7.22189 3
      vertex 8.68546 7.22189 1.5
    endloop
  endfacet
  facet normal -0.99786 -0.0653877 0
    outer loop
      vertex 8.68546 7.22189 3
      vertex 8.7 7 1.5
      vertex 8.7 7 3
    endloop
  endfacet
  facet normal -0.321444 0.946929 0
    outer loop
      vertex 7.65056 5.42941 1.5
      vertex 7.43999 5.35793 3
      vertex 7.65056 5.42941 3
    endloop
  endfacet
  facet normal -0.321444 0.946929 0
    outer loop
      vertex 7.43999 5.35793 3
      vertex 7.65056 5.42941 1.5
      vertex 7.43999 5.35793 1.5
    endloop
  endfacet
  facet normal -0.555572 0.831469 0
    outer loop
      vertex 8.03489 5.6513 1.5
      vertex 7.85 5.52776 3
      vertex 8.03489 5.6513 3
    endloop
  endfacet
  facet normal -0.555572 0.831469 0
    outer loop
      vertex 7.85 5.52776 3
      vertex 8.03489 5.6513 1.5
      vertex 7.85 5.52776 1.5
    endloop
  endfacet
  facet normal 0.195122 0.980779 -0
    outer loop
      vertex 6.77811 5.31454 1.5
      vertex 6.56001 5.35793 3
      vertex 6.77811 5.31454 3
    endloop
  endfacet
  facet normal 0.195122 0.980779 0
    outer loop
      vertex 6.56001 5.35793 3
      vertex 6.77811 5.31454 1.5
      vertex 6.56001 5.35793 1.5
    endloop
  endfacet
  facet normal -0.659342 -0.751844 0
    outer loop
      vertex 8.03489 8.3487 1.5
      vertex 8.20208 8.20208 3
      vertex 8.03489 8.3487 3
    endloop
  endfacet
  facet normal -0.659342 -0.751844 -0
    outer loop
      vertex 8.20208 8.20208 3
      vertex 8.03489 8.3487 1.5
      vertex 8.20208 8.20208 1.5
    endloop
  endfacet
  facet normal 0.896878 0.442278 0
    outer loop
      vertex 5.52776 6.15 3
      vertex 5.42941 6.34944 1.5
      vertex 5.42941 6.34944 3
    endloop
  endfacet
  facet normal 0.896878 0.442278 0
    outer loop
      vertex 5.42941 6.34944 1.5
      vertex 5.52776 6.15 3
      vertex 5.52776 6.15 1.5
    endloop
  endfacet
  facet normal -0.980779 -0.195122 0
    outer loop
      vertex 8.68546 7.22189 1.5
      vertex 8.64207 7.43999 3
      vertex 8.64207 7.43999 1.5
    endloop
  endfacet
  facet normal -0.980779 -0.195122 0
    outer loop
      vertex 8.64207 7.43999 3
      vertex 8.68546 7.22189 1.5
      vertex 8.68546 7.22189 3
    endloop
  endfacet
  facet normal -0.195122 -0.980779 0
    outer loop
      vertex 7.22189 8.68546 1.5
      vertex 7.43999 8.64207 3
      vertex 7.22189 8.68546 3
    endloop
  endfacet
  facet normal -0.195122 -0.980779 -0
    outer loop
      vertex 7.43999 8.64207 3
      vertex 7.22189 8.68546 1.5
      vertex 7.43999 8.64207 1.5
    endloop
  endfacet
  facet normal 0.659342 -0.751844 0
    outer loop
      vertex 5.79792 8.20208 1.5
      vertex 5.96511 8.3487 3
      vertex 5.79792 8.20208 3
    endloop
  endfacet
  facet normal 0.659342 -0.751844 0
    outer loop
      vertex 5.96511 8.3487 3
      vertex 5.79792 8.20208 1.5
      vertex 5.96511 8.3487 1.5
    endloop
  endfacet
  facet normal 0.751844 -0.659342 0
    outer loop
      vertex 5.6513 8.03489 3
      vertex 5.79792 8.20208 1.5
      vertex 5.79792 8.20208 3
    endloop
  endfacet
  facet normal 0.751844 -0.659342 0
    outer loop
      vertex 5.79792 8.20208 1.5
      vertex 5.6513 8.03489 3
      vertex 5.6513 8.03489 1.5
    endloop
  endfacet
  facet normal -0.0653877 0.99786 0
    outer loop
      vertex 7.22189 5.31454 1.5
      vertex 7 5.3 3
      vertex 7.22189 5.31454 3
    endloop
  endfacet
  facet normal -0.0653877 0.99786 0
    outer loop
      vertex 7 5.3 3
      vertex 7.22189 5.31454 1.5
      vertex 7 5.3 1.5
    endloop
  endfacet
  facet normal -0.442278 0.896878 0
    outer loop
      vertex 7.85 5.52776 1.5
      vertex 7.65056 5.42941 3
      vertex 7.85 5.52776 3
    endloop
  endfacet
  facet normal -0.442278 0.896878 0
    outer loop
      vertex 7.65056 5.42941 3
      vertex 7.85 5.52776 1.5
      vertex 7.65056 5.42941 1.5
    endloop
  endfacet
  facet normal -0.831469 -0.555572 0
    outer loop
      vertex 8.47224 7.85 1.5
      vertex 8.3487 8.03489 3
      vertex 8.3487 8.03489 1.5
    endloop
  endfacet
  facet normal -0.831469 -0.555572 0
    outer loop
      vertex 8.3487 8.03489 3
      vertex 8.47224 7.85 1.5
      vertex 8.47224 7.85 3
    endloop
  endfacet
  facet normal 0.99786 -0.0653877 0
    outer loop
      vertex 5.3 7 3
      vertex 5.31454 7.22189 1.5
      vertex 5.31454 7.22189 3
    endloop
  endfacet
  facet normal 0.99786 -0.0653877 0
    outer loop
      vertex 5.31454 7.22189 1.5
      vertex 5.3 7 3
      vertex 5.3 7 1.5
    endloop
  endfacet
  facet normal -0.442278 -0.896878 0
    outer loop
      vertex 7.65056 8.57059 1.5
      vertex 7.85 8.47224 3
      vertex 7.65056 8.57059 3
    endloop
  endfacet
  facet normal -0.442278 -0.896878 -0
    outer loop
      vertex 7.85 8.47224 3
      vertex 7.65056 8.57059 1.5
      vertex 7.85 8.47224 1.5
    endloop
  endfacet
  facet normal 0.980779 0.195122 0
    outer loop
      vertex 5.35793 6.56001 3
      vertex 5.31454 6.77811 1.5
      vertex 5.31454 6.77811 3
    endloop
  endfacet
  facet normal 0.980779 0.195122 0
    outer loop
      vertex 5.31454 6.77811 1.5
      vertex 5.35793 6.56001 3
      vertex 5.35793 6.56001 1.5
    endloop
  endfacet
  facet normal 0.896878 -0.442278 0
    outer loop
      vertex 5.42941 7.65056 3
      vertex 5.52776 7.85 1.5
      vertex 5.52776 7.85 3
    endloop
  endfacet
  facet normal 0.896878 -0.442278 0
    outer loop
      vertex 5.52776 7.85 1.5
      vertex 5.42941 7.65056 3
      vertex 5.42941 7.65056 1.5
    endloop
  endfacet
  facet normal 0.946929 0.321444 0
    outer loop
      vertex 5.42941 6.34944 3
      vertex 5.35793 6.56001 1.5
      vertex 5.35793 6.56001 3
    endloop
  endfacet
  facet normal 0.946929 0.321444 0
    outer loop
      vertex 5.35793 6.56001 1.5
      vertex 5.42941 6.34944 3
      vertex 5.42941 6.34944 1.5
    endloop
  endfacet
  facet normal 0.555572 0.831469 -0
    outer loop
      vertex 6.15 5.52776 1.5
      vertex 5.96511 5.6513 3
      vertex 6.15 5.52776 3
    endloop
  endfacet
  facet normal 0.555572 0.831469 0
    outer loop
      vertex 5.96511 5.6513 3
      vertex 6.15 5.52776 1.5
      vertex 5.96511 5.6513 1.5
    endloop
  endfacet
  facet normal -0.896878 0.442278 0
    outer loop
      vertex 8.47224 6.15 1.5
      vertex 8.57059 6.34944 3
      vertex 8.57059 6.34944 1.5
    endloop
  endfacet
  facet normal -0.896878 0.442278 0
    outer loop
      vertex 8.57059 6.34944 3
      vertex 8.47224 6.15 1.5
      vertex 8.47224 6.15 3
    endloop
  endfacet
  facet normal 0.99786 0.0653877 0
    outer loop
      vertex 5.31454 6.77811 3
      vertex 5.3 7 1.5
      vertex 5.3 7 3
    endloop
  endfacet
  facet normal 0.99786 0.0653877 0
    outer loop
      vertex 5.3 7 1.5
      vertex 5.31454 6.77811 3
      vertex 5.31454 6.77811 1.5
    endloop
  endfacet
  facet normal 0.321444 -0.946929 0
    outer loop
      vertex 6.34944 8.57059 1.5
      vertex 6.56001 8.64207 3
      vertex 6.34944 8.57059 3
    endloop
  endfacet
  facet normal 0.321444 -0.946929 0
    outer loop
      vertex 6.56001 8.64207 3
      vertex 6.34944 8.57059 1.5
      vertex 6.56001 8.64207 1.5
    endloop
  endfacet
  facet normal 0.442278 0.896878 -0
    outer loop
      vertex 6.34944 5.42941 1.5
      vertex 6.15 5.52776 3
      vertex 6.34944 5.42941 3
    endloop
  endfacet
  facet normal 0.442278 0.896878 0
    outer loop
      vertex 6.15 5.52776 3
      vertex 6.34944 5.42941 1.5
      vertex 6.15 5.52776 1.5
    endloop
  endfacet
  facet normal 0.831469 0.555572 0
    outer loop
      vertex 5.6513 5.96511 3
      vertex 5.52776 6.15 1.5
      vertex 5.52776 6.15 3
    endloop
  endfacet
  facet normal 0.831469 0.555572 0
    outer loop
      vertex 5.52776 6.15 1.5
      vertex 5.6513 5.96511 3
      vertex 5.6513 5.96511 1.5
    endloop
  endfacet
  facet normal 0.555572 -0.831469 0
    outer loop
      vertex 5.96511 8.3487 1.5
      vertex 6.15 8.47224 3
      vertex 5.96511 8.3487 3
    endloop
  endfacet
  facet normal 0.555572 -0.831469 0
    outer loop
      vertex 6.15 8.47224 3
      vertex 5.96511 8.3487 1.5
      vertex 6.15 8.47224 1.5
    endloop
  endfacet
  facet normal 0.393269 -0.588566 -0.70635
    outer loop
      vertex 5.38844 9.76356 0
      vertex 5.96511 8.3487 1.5
      vertex 5.05196 9.53873 0
    endloop
  endfacet
  facet normal 0.313073 -0.634868 -0.706349
    outer loop
      vertex 6.15 8.47224 1.5
      vertex 5.41247 9.77743 0
      vertex 6.34944 8.57059 1.5
    endloop
  endfacet
  facet normal 0.313099 -0.634853 -0.70635
    outer loop
      vertex 5.41247 9.77743 0
      vertex 6.15 8.47224 1.5
      vertex 5.4 9.77128 0
    endloop
  endfacet
  facet normal -0.706347 0.0463539 -0.706347
    outer loop
      vertex 10.2 7 0
      vertex 10.1735 6.59619 0
      vertex 8.7 7 1.5
    endloop
  endfacet
  facet normal -0.7064 0.0458371 -0.706327
    outer loop
      vertex 8.68546 6.77811 1.5
      vertex 10.1735 6.59619 0
      vertex 10.1726 6.58232 0
    endloop
  endfacet
  facet normal -0.706358 0.0462862 -0.70634
    outer loop
      vertex 10.1735 6.59619 0
      vertex 8.68546 6.77811 1.5
      vertex 8.7 7 1.5
    endloop
  endfacet
  facet normal -0.466726 -0.5322 -0.70635
    outer loop
      vertex 8.94804 9.53873 0
      vertex 9.25229 9.27191 0
      vertex 8.03489 8.3487 1.5
    endloop
  endfacet
  facet normal 0.227538 0.670296 -0.70635
    outer loop
      vertex 5.78857 4.03912 0
      vertex 6.34944 5.42941 1.5
      vertex 6.56001 5.35793 1.5
    endloop
  endfacet
  facet normal 0.227661 0.67025 -0.706353
    outer loop
      vertex 6.34944 5.42941 1.5
      vertex 5.78857 4.03912 0
      vertex 5.77541 4.04359 0
    endloop
  endfacet
  facet normal 0.694263 0.138097 -0.706349
    outer loop
      vertex 5.35793 6.56001 1.5
      vertex 3.90904 6.17178 0
      vertex 3.83009 6.56869 0
    endloop
  endfacet
  facet normal 0.466726 0.5322 -0.70635
    outer loop
      vertex 5.96511 5.6513 1.5
      vertex 5.05196 4.46127 0
      vertex 4.74771 4.72809 0
    endloop
  endfacet
  facet normal 0.634868 -0.313073 -0.706349
    outer loop
      vertex 4.22257 8.58753 0
      vertex 5.52776 7.85 1.5
      vertex 5.42941 7.65056 1.5
    endloop
  endfacet
  facet normal 0.634853 -0.313099 -0.70635
    outer loop
      vertex 5.52776 7.85 1.5
      vertex 4.22257 8.58753 0
      vertex 4.22872 8.6 0
    endloop
  endfacet
  facet normal -0.227209 -0.670418 -0.70634
    outer loop
      vertex 7.65056 8.57059 1.5
      vertex 8.21143 9.96088 0
      vertex 8.22459 9.95642 0
    endloop
  endfacet
  facet normal -0.227538 -0.670296 -0.70635
    outer loop
      vertex 8.21143 9.96088 0
      vertex 7.65056 8.57059 1.5
      vertex 7.43999 8.64207 1.5
    endloop
  endfacet
  facet normal -0.13804 0.694274 -0.706349
    outer loop
      vertex 7.22189 5.31454 1.5
      vertex 7.43131 3.83009 0
      vertex 7.41768 3.82738 0
    endloop
  endfacet
  facet normal -0.13812 0.69426 -0.706347
    outer loop
      vertex 7.43131 3.83009 0
      vertex 7.22189 5.31454 1.5
      vertex 7.43999 5.35793 1.5
    endloop
  endfacet
  facet normal -0.634868 -0.313073 -0.706349
    outer loop
      vertex 8.47224 7.85 1.5
      vertex 9.77743 8.58753 0
      vertex 8.57059 7.65056 1.5
    endloop
  endfacet
  facet normal -0.634853 -0.313099 -0.70635
    outer loop
      vertex 9.77743 8.58753 0
      vertex 8.47224 7.85 1.5
      vertex 9.77128 8.6 0
    endloop
  endfacet
  facet normal -0.0458371 -0.7064 -0.706327
    outer loop
      vertex 7.22189 8.68546 1.5
      vertex 7.40381 10.1735 0
      vertex 7.41768 10.1726 0
    endloop
  endfacet
  facet normal -0.0462862 -0.706358 -0.70634
    outer loop
      vertex 7.40381 10.1735 0
      vertex 7.22189 8.68546 1.5
      vertex 7 8.7 1.5
    endloop
  endfacet
  facet normal -0.138011 -0.694273 -0.706355
    outer loop
      vertex 7.82822 10.091 0
      vertex 7.43999 8.64207 1.5
      vertex 7.43131 10.1699 0
    endloop
  endfacet
  facet normal 0.227592 -0.670271 -0.706356
    outer loop
      vertex 6.17178 10.091 0
      vertex 6.56001 8.64207 1.5
      vertex 5.78857 9.96088 0
    endloop
  endfacet
  facet normal -0.313077 0.634865 -0.706349
    outer loop
      vertex 8.58753 4.22257 0
      vertex 8.22459 4.04359 0
      vertex 7.65056 5.42941 1.5
    endloop
  endfacet
  facet normal 0.532054 0.466884 -0.706356
    outer loop
      vertex 4.72809 4.74771 0
      vertex 5.79792 5.79792 1.5
      vertex 4.73726 4.73726 0
    endloop
  endfacet
  facet normal 0.532203 0.466724 -0.706349
    outer loop
      vertex 5.79792 5.79792 1.5
      vertex 4.72809 4.74771 0
      vertex 5.6513 5.96511 1.5
    endloop
  endfacet
  facet normal -0.706347 -0.0463539 -0.706347
    outer loop
      vertex 10.1735 7.40381 0
      vertex 10.2 7 0
      vertex 8.7 7 1.5
    endloop
  endfacet
  facet normal 0.69426 0.13812 -0.706347
    outer loop
      vertex 3.83009 6.56869 0
      vertex 5.31454 6.77811 1.5
      vertex 5.35793 6.56001 1.5
    endloop
  endfacet
  facet normal 0.694274 0.13804 -0.706349
    outer loop
      vertex 5.31454 6.77811 1.5
      vertex 3.83009 6.56869 0
      vertex 3.82738 6.58232 0
    endloop
  endfacet
  facet normal 0.137547 -0.69436 -0.70636
    outer loop
      vertex 6.77811 8.68546 1.5
      vertex 6.56869 10.1699 0
      vertex 6.58232 10.1726 0
    endloop
  endfacet
  facet normal 0.13812 -0.694263 -0.706344
    outer loop
      vertex 6.56869 10.1699 0
      vertex 6.77811 8.68546 1.5
      vertex 6.56001 8.64207 1.5
    endloop
  endfacet
  facet normal 0.313077 0.634865 -0.706349
    outer loop
      vertex 6.34944 5.42941 1.5
      vertex 5.77541 4.04359 0
      vertex 5.41247 4.22257 0
    endloop
  endfacet
  facet normal 0.532203 -0.466724 -0.706349
    outer loop
      vertex 4.72809 9.25229 0
      vertex 5.79792 8.20208 1.5
      vertex 5.6513 8.03489 1.5
    endloop
  endfacet
  facet normal 0.532054 -0.466884 -0.706356
    outer loop
      vertex 5.79792 8.20208 1.5
      vertex 4.72809 9.25229 0
      vertex 4.73726 9.26274 0
    endloop
  endfacet
  facet normal -0.670296 -0.227538 -0.70635
    outer loop
      vertex 8.57059 7.65056 1.5
      vertex 9.96088 8.21143 0
      vertex 8.64207 7.43999 1.5
    endloop
  endfacet
  facet normal -0.670418 -0.227209 -0.70634
    outer loop
      vertex 9.96088 8.21143 0
      vertex 8.57059 7.65056 1.5
      vertex 9.95642 8.22459 0
    endloop
  endfacet
  facet normal -0.5322 0.466726 -0.70635
    outer loop
      vertex 9.53873 5.05196 0
      vertex 9.27191 4.74771 0
      vertex 8.3487 5.96511 1.5
    endloop
  endfacet
  facet normal -0.634857 -0.31309 -0.706351
    outer loop
      vertex 9.77743 8.58753 0
      vertex 9.95642 8.22459 0
      vertex 8.57059 7.65056 1.5
    endloop
  endfacet
  facet normal 0.588566 0.393269 -0.70635
    outer loop
      vertex 5.6513 5.96511 1.5
      vertex 4.46127 5.05196 0
      vertex 4.23644 5.38844 0
    endloop
  endfacet
  facet normal -0.227661 0.67025 -0.706353
    outer loop
      vertex 8.21143 4.03912 0
      vertex 7.65056 5.42941 1.5
      vertex 8.22459 4.04359 0
    endloop
  endfacet
  facet normal -0.227538 0.670296 -0.70635
    outer loop
      vertex 7.65056 5.42941 1.5
      vertex 8.21143 4.03912 0
      vertex 7.43999 5.35793 1.5
    endloop
  endfacet
  facet normal 0.706348 -0.0463016 -0.706348
    outer loop
      vertex 3.82647 7.40381 0
      vertex 5.3 7 1.5
      vertex 3.8 7 0
    endloop
  endfacet
  facet normal 0.466726 -0.5322 -0.70635
    outer loop
      vertex 5.05196 9.53873 0
      vertex 5.96511 8.3487 1.5
      vertex 4.74771 9.27191 0
    endloop
  endfacet
  facet normal 0.634853 0.313099 -0.70635
    outer loop
      vertex 4.22257 5.41247 0
      vertex 5.52776 6.15 1.5
      vertex 4.22872 5.4 0
    endloop
  endfacet
  facet normal 0.634868 0.313073 -0.706349
    outer loop
      vertex 5.52776 6.15 1.5
      vertex 4.22257 5.41247 0
      vertex 5.42941 6.34944 1.5
    endloop
  endfacet
  facet normal -0.466884 -0.532054 -0.706356
    outer loop
      vertex 8.20208 8.20208 1.5
      vertex 9.25229 9.27191 0
      vertex 9.26274 9.26274 0
    endloop
  endfacet
  facet normal -0.466724 -0.532203 -0.706349
    outer loop
      vertex 9.25229 9.27191 0
      vertex 8.20208 8.20208 1.5
      vertex 8.03489 8.3487 1.5
    endloop
  endfacet
  facet normal 0.138011 -0.694273 -0.706355
    outer loop
      vertex 6.56869 10.1699 0
      vertex 6.56001 8.64207 1.5
      vertex 6.17178 10.091 0
    endloop
  endfacet
  facet normal 0.634865 -0.313077 -0.706349
    outer loop
      vertex 4.22257 8.58753 0
      vertex 5.42941 7.65056 1.5
      vertex 4.04359 8.22459 0
    endloop
  endfacet
  facet normal -0.706358 -0.0462862 -0.70634
    outer loop
      vertex 8.68546 7.22189 1.5
      vertex 10.1735 7.40381 0
      vertex 8.7 7 1.5
    endloop
  endfacet
  facet normal -0.7064 -0.0458371 -0.706327
    outer loop
      vertex 10.1735 7.40381 0
      vertex 8.68546 7.22189 1.5
      vertex 10.1726 7.41768 0
    endloop
  endfacet
  facet normal -0.227592 -0.670271 -0.706356
    outer loop
      vertex 7.82822 10.091 0
      vertex 8.21143 9.96088 0
      vertex 7.43999 8.64207 1.5
    endloop
  endfacet
  facet normal -0.31309 -0.634857 -0.706351
    outer loop
      vertex 8.22459 9.95642 0
      vertex 8.58753 9.77743 0
      vertex 7.65056 8.57059 1.5
    endloop
  endfacet
  facet normal -0.69436 -0.137547 -0.70636
    outer loop
      vertex 8.68546 7.22189 1.5
      vertex 10.1699 7.43131 0
      vertex 10.1726 7.41768 0
    endloop
  endfacet
  facet normal -0.694263 -0.13812 -0.706344
    outer loop
      vertex 10.1699 7.43131 0
      vertex 8.68546 7.22189 1.5
      vertex 8.64207 7.43999 1.5
    endloop
  endfacet
  facet normal -0.313099 -0.634853 -0.70635
    outer loop
      vertex 7.85 8.47224 1.5
      vertex 8.58753 9.77743 0
      vertex 8.6 9.77128 0
    endloop
  endfacet
  facet normal -0.313073 -0.634868 -0.706349
    outer loop
      vertex 8.58753 9.77743 0
      vertex 7.85 8.47224 1.5
      vertex 7.65056 8.57059 1.5
    endloop
  endfacet
  facet normal 0.0462862 -0.706358 -0.70634
    outer loop
      vertex 6.77811 8.68546 1.5
      vertex 6.59619 10.1735 0
      vertex 7 8.7 1.5
    endloop
  endfacet
  facet normal 0.0458371 -0.7064 -0.706327
    outer loop
      vertex 6.59619 10.1735 0
      vertex 6.77811 8.68546 1.5
      vertex 6.58232 10.1726 0
    endloop
  endfacet
  facet normal 0.670299 0.227532 -0.706349
    outer loop
      vertex 5.35793 6.56001 1.5
      vertex 4.03912 5.78857 0
      vertex 3.90904 6.17178 0
    endloop
  endfacet
  facet normal 0.694263 -0.138097 -0.706349
    outer loop
      vertex 3.90904 7.82822 0
      vertex 5.35793 7.43999 1.5
      vertex 3.83009 7.43131 0
    endloop
  endfacet
  facet normal -0.0463428 0.706346 -0.706348
    outer loop
      vertex 7.40381 3.82647 0
      vertex 7.22189 5.31454 1.5
      vertex 7.41768 3.82738 0
    endloop
  endfacet
  facet normal -0.0462857 0.706351 -0.706347
    outer loop
      vertex 7.22189 5.31454 1.5
      vertex 7.40381 3.82647 0
      vertex 7 5.3 1.5
    endloop
  endfacet
  facet normal -0.670271 -0.227592 -0.706356
    outer loop
      vertex 9.96088 8.21143 0
      vertex 10.091 7.82822 0
      vertex 8.64207 7.43999 1.5
    endloop
  endfacet
  facet normal -0.13812 -0.694263 -0.706344
    outer loop
      vertex 7.22189 8.68546 1.5
      vertex 7.43131 10.1699 0
      vertex 7.43999 8.64207 1.5
    endloop
  endfacet
  facet normal -0.137547 -0.69436 -0.70636
    outer loop
      vertex 7.43131 10.1699 0
      vertex 7.22189 8.68546 1.5
      vertex 7.41768 10.1726 0
    endloop
  endfacet
  facet normal 0.138097 0.694263 -0.706349
    outer loop
      vertex 6.56001 5.35793 1.5
      vertex 6.56869 3.83009 0
      vertex 6.17178 3.90904 0
    endloop
  endfacet
  facet normal 0.634865 0.313077 -0.706349
    outer loop
      vertex 5.42941 6.34944 1.5
      vertex 4.22257 5.41247 0
      vertex 4.04359 5.77541 0
    endloop
  endfacet
  facet normal -0.138097 0.694263 -0.706349
    outer loop
      vertex 7.43999 5.35793 1.5
      vertex 7.82822 3.90904 0
      vertex 7.43131 3.83009 0
    endloop
  endfacet
  facet normal 0.5322 0.466726 -0.70635
    outer loop
      vertex 5.6513 5.96511 1.5
      vertex 4.72809 4.74771 0
      vertex 4.46127 5.05196 0
    endloop
  endfacet
  facet normal -0.634857 0.31309 -0.706351
    outer loop
      vertex 9.95642 5.77541 0
      vertex 9.77743 5.41247 0
      vertex 8.57059 6.34944 1.5
    endloop
  endfacet
  facet normal 0.670296 -0.227538 -0.70635
    outer loop
      vertex 4.03912 8.21143 0
      vertex 5.42941 7.65056 1.5
      vertex 5.35793 7.43999 1.5
    endloop
  endfacet
  facet normal 0.67025 -0.227661 -0.706353
    outer loop
      vertex 5.42941 7.65056 1.5
      vertex 4.03912 8.21143 0
      vertex 4.04359 8.22459 0
    endloop
  endfacet
  facet normal -0.532203 -0.466724 -0.706349
    outer loop
      vertex 8.20208 8.20208 1.5
      vertex 9.27191 9.25229 0
      vertex 8.3487 8.03489 1.5
    endloop
  endfacet
  facet normal -0.532054 -0.466884 -0.706356
    outer loop
      vertex 9.27191 9.25229 0
      vertex 8.20208 8.20208 1.5
      vertex 9.26274 9.26274 0
    endloop
  endfacet
  facet normal -0.5322 -0.466726 -0.70635
    outer loop
      vertex 9.27191 9.25229 0
      vertex 9.53873 8.94804 0
      vertex 8.3487 8.03489 1.5
    endloop
  endfacet
  facet normal -0.694273 -0.138011 -0.706355
    outer loop
      vertex 10.091 7.82822 0
      vertex 10.1699 7.43131 0
      vertex 8.64207 7.43999 1.5
    endloop
  endfacet
  facet normal 0.5322 -0.466726 -0.70635
    outer loop
      vertex 4.72809 9.25229 0
      vertex 5.6513 8.03489 1.5
      vertex 4.46127 8.94804 0
    endloop
  endfacet
  facet normal 0.466724 -0.532203 -0.706349
    outer loop
      vertex 5.79792 8.20208 1.5
      vertex 4.74771 9.27191 0
      vertex 5.96511 8.3487 1.5
    endloop
  endfacet
  facet normal 0.466884 -0.532054 -0.706356
    outer loop
      vertex 4.74771 9.27191 0
      vertex 5.79792 8.20208 1.5
      vertex 4.73726 9.26274 0
    endloop
  endfacet
  facet normal 0.466724 0.532203 -0.706349
    outer loop
      vertex 4.74771 4.72809 0
      vertex 5.79792 5.79792 1.5
      vertex 5.96511 5.6513 1.5
    endloop
  endfacet
  facet normal 0.466884 0.532054 -0.706356
    outer loop
      vertex 5.79792 5.79792 1.5
      vertex 4.74771 4.72809 0
      vertex 4.73726 4.73726 0
    endloop
  endfacet
  facet normal 0.31309 -0.634857 -0.706351
    outer loop
      vertex 5.77541 9.95642 0
      vertex 6.34944 8.57059 1.5
      vertex 5.41247 9.77743 0
    endloop
  endfacet
  facet normal 0.69426 -0.13812 -0.706347
    outer loop
      vertex 5.31454 7.22189 1.5
      vertex 3.83009 7.43131 0
      vertex 5.35793 7.43999 1.5
    endloop
  endfacet
  facet normal 0.694274 -0.13804 -0.706349
    outer loop
      vertex 3.83009 7.43131 0
      vertex 5.31454 7.22189 1.5
      vertex 3.82738 7.41768 0
    endloop
  endfacet
  facet normal 0.227538 -0.670296 -0.70635
    outer loop
      vertex 6.34944 8.57059 1.5
      vertex 5.78857 9.96088 0
      vertex 6.56001 8.64207 1.5
    endloop
  endfacet
  facet normal 0.227209 -0.670418 -0.70634
    outer loop
      vertex 5.78857 9.96088 0
      vertex 6.34944 8.57059 1.5
      vertex 5.77541 9.95642 0
    endloop
  endfacet
  facet normal 0.706351 -0.0462857 -0.706347
    outer loop
      vertex 3.82647 7.40381 0
      vertex 5.31454 7.22189 1.5
      vertex 5.3 7 1.5
    endloop
  endfacet
  facet normal 0.706346 -0.0463428 -0.706348
    outer loop
      vertex 5.31454 7.22189 1.5
      vertex 3.82647 7.40381 0
      vertex 3.82738 7.41768 0
    endloop
  endfacet
  facet normal 0.0463539 -0.706347 -0.706347
    outer loop
      vertex 7 10.2 0
      vertex 7 8.7 1.5
      vertex 6.59619 10.1735 0
    endloop
  endfacet
  facet normal -0.0463539 -0.706347 -0.706347
    outer loop
      vertex 7.40381 10.1735 0
      vertex 7 8.7 1.5
      vertex 7 10.2 0
    endloop
  endfacet
  facet normal -0.588566 -0.393269 -0.70635
    outer loop
      vertex 9.53873 8.94804 0
      vertex 9.76356 8.61156 0
      vertex 8.3487 8.03489 1.5
    endloop
  endfacet
  facet normal 0.706346 0.0463428 -0.706348
    outer loop
      vertex 3.82647 6.59619 0
      vertex 5.31454 6.77811 1.5
      vertex 3.82738 6.58232 0
    endloop
  endfacet
  facet normal 0.706351 0.0462857 -0.706347
    outer loop
      vertex 5.31454 6.77811 1.5
      vertex 3.82647 6.59619 0
      vertex 5.3 7 1.5
    endloop
  endfacet
  facet normal 0.706348 0.0463016 -0.706348
    outer loop
      vertex 5.3 7 1.5
      vertex 3.82647 6.59619 0
      vertex 3.8 7 0
    endloop
  endfacet
  facet normal 0.393269 -0.588566 -0.70635
    outer loop
      vertex 5.38844 9.76356 0
      vertex 6.15 8.47224 1.5
      vertex 5.96511 8.3487 1.5
    endloop
  endfacet
  facet normal 0.393119 -0.58866 -0.706355
    outer loop
      vertex 6.15 8.47224 1.5
      vertex 5.38844 9.76356 0
      vertex 5.4 9.77128 0
    endloop
  endfacet
  facet normal 0.13804 0.694274 -0.706349
    outer loop
      vertex 6.56869 3.83009 0
      vertex 6.77811 5.31454 1.5
      vertex 6.58232 3.82738 0
    endloop
  endfacet
  facet normal 0.13812 0.69426 -0.706347
    outer loop
      vertex 6.77811 5.31454 1.5
      vertex 6.56869 3.83009 0
      vertex 6.56001 5.35793 1.5
    endloop
  endfacet
  facet normal 0.67025 0.227661 -0.706353
    outer loop
      vertex 4.03912 5.78857 0
      vertex 5.42941 6.34944 1.5
      vertex 4.04359 5.77541 0
    endloop
  endfacet
  facet normal 0.670296 0.227538 -0.70635
    outer loop
      vertex 5.42941 6.34944 1.5
      vertex 4.03912 5.78857 0
      vertex 5.35793 6.56001 1.5
    endloop
  endfacet
  facet normal 0.0462857 0.706351 -0.706347
    outer loop
      vertex 6.59619 3.82647 0
      vertex 6.77811 5.31454 1.5
      vertex 7 5.3 1.5
    endloop
  endfacet
  facet normal 0.0463428 0.706346 -0.706348
    outer loop
      vertex 6.77811 5.31454 1.5
      vertex 6.59619 3.82647 0
      vertex 6.58232 3.82738 0
    endloop
  endfacet
  facet normal -0.670271 0.227592 -0.706356
    outer loop
      vertex 10.091 6.17178 0
      vertex 9.96088 5.78857 0
      vertex 8.64207 6.56001 1.5
    endloop
  endfacet
  facet normal 0.588566 0.393269 -0.70635
    outer loop
      vertex 4.23644 5.38844 0
      vertex 5.52776 6.15 1.5
      vertex 5.6513 5.96511 1.5
    endloop
  endfacet
  facet normal 0.58866 0.393119 -0.706355
    outer loop
      vertex 5.52776 6.15 1.5
      vertex 4.23644 5.38844 0
      vertex 4.22872 5.4 0
    endloop
  endfacet
  facet normal 0.227532 0.670299 -0.706349
    outer loop
      vertex 6.56001 5.35793 1.5
      vertex 6.17178 3.90904 0
      vertex 5.78857 4.03912 0
    endloop
  endfacet
  facet normal 0.670299 -0.227532 -0.706349
    outer loop
      vertex 4.03912 8.21143 0
      vertex 5.35793 7.43999 1.5
      vertex 3.90904 7.82822 0
    endloop
  endfacet
  facet normal -0.694273 0.138011 -0.706355
    outer loop
      vertex 10.1699 6.56869 0
      vertex 10.091 6.17178 0
      vertex 8.64207 6.56001 1.5
    endloop
  endfacet
  facet normal 0.313073 0.634868 -0.706349
    outer loop
      vertex 5.41247 4.22257 0
      vertex 6.15 5.52776 1.5
      vertex 6.34944 5.42941 1.5
    endloop
  endfacet
  facet normal 0.313099 0.634853 -0.70635
    outer loop
      vertex 6.15 5.52776 1.5
      vertex 5.41247 4.22257 0
      vertex 5.4 4.22872 0
    endloop
  endfacet
  facet normal -0.58866 -0.393119 -0.706355
    outer loop
      vertex 8.47224 7.85 1.5
      vertex 9.76356 8.61156 0
      vertex 9.77128 8.6 0
    endloop
  endfacet
  facet normal -0.588566 -0.393269 -0.70635
    outer loop
      vertex 9.76356 8.61156 0
      vertex 8.47224 7.85 1.5
      vertex 8.3487 8.03489 1.5
    endloop
  endfacet
  facet normal -0.0463016 0.706348 -0.706348
    outer loop
      vertex 7.40381 3.82647 0
      vertex 7 3.8 0
      vertex 7 5.3 1.5
    endloop
  endfacet
  facet normal 0.0463016 0.706348 -0.706348
    outer loop
      vertex 7 5.3 1.5
      vertex 7 3.8 0
      vertex 6.59619 3.82647 0
    endloop
  endfacet
  facet normal -0.588566 0.393269 -0.70635
    outer loop
      vertex 9.76356 5.38844 0
      vertex 9.53873 5.05196 0
      vertex 8.3487 5.96511 1.5
    endloop
  endfacet
  facet normal -0.393269 -0.588566 -0.70635
    outer loop
      vertex 8.61156 9.76356 0
      vertex 8.94804 9.53873 0
      vertex 8.03489 8.3487 1.5
    endloop
  endfacet
  facet normal -0.466726 0.5322 -0.70635
    outer loop
      vertex 9.25229 4.72809 0
      vertex 8.94804 4.46127 0
      vertex 8.03489 5.6513 1.5
    endloop
  endfacet
  facet normal -0.393269 0.588566 -0.70635
    outer loop
      vertex 8.94804 4.46127 0
      vertex 8.61156 4.23644 0
      vertex 8.03489 5.6513 1.5
    endloop
  endfacet
  facet normal 0.588566 -0.393269 -0.70635
    outer loop
      vertex 5.52776 7.85 1.5
      vertex 4.23644 8.61156 0
      vertex 5.6513 8.03489 1.5
    endloop
  endfacet
  facet normal 0.58866 -0.393119 -0.706355
    outer loop
      vertex 4.23644 8.61156 0
      vertex 5.52776 7.85 1.5
      vertex 4.22872 8.6 0
    endloop
  endfacet
  facet normal 0.393119 0.58866 -0.706355
    outer loop
      vertex 5.38844 4.23644 0
      vertex 6.15 5.52776 1.5
      vertex 5.4 4.22872 0
    endloop
  endfacet
  facet normal 0.393269 0.588566 -0.70635
    outer loop
      vertex 6.15 5.52776 1.5
      vertex 5.38844 4.23644 0
      vertex 5.96511 5.6513 1.5
    endloop
  endfacet
  facet normal 0.588566 -0.393269 -0.70635
    outer loop
      vertex 4.46127 8.94804 0
      vertex 5.6513 8.03489 1.5
      vertex 4.23644 8.61156 0
    endloop
  endfacet
  facet normal -0.227532 0.670299 -0.706349
    outer loop
      vertex 8.21143 4.03912 0
      vertex 7.82822 3.90904 0
      vertex 7.43999 5.35793 1.5
    endloop
  endfacet
  facet normal -0.393119 0.58866 -0.706355
    outer loop
      vertex 7.85 5.52776 1.5
      vertex 8.61156 4.23644 0
      vertex 8.6 4.22872 0
    endloop
  endfacet
  facet normal -0.393269 0.588566 -0.70635
    outer loop
      vertex 8.61156 4.23644 0
      vertex 7.85 5.52776 1.5
      vertex 8.03489 5.6513 1.5
    endloop
  endfacet
  facet normal 0.393269 0.588566 -0.70635
    outer loop
      vertex 5.96511 5.6513 1.5
      vertex 5.38844 4.23644 0
      vertex 5.05196 4.46127 0
    endloop
  endfacet
  facet normal -0.634853 0.313099 -0.70635
    outer loop
      vertex 8.47224 6.15 1.5
      vertex 9.77743 5.41247 0
      vertex 9.77128 5.4 0
    endloop
  endfacet
  facet normal -0.634868 0.313073 -0.706349
    outer loop
      vertex 9.77743 5.41247 0
      vertex 8.47224 6.15 1.5
      vertex 8.57059 6.34944 1.5
    endloop
  endfacet
  facet normal -0.393269 -0.588566 -0.70635
    outer loop
      vertex 7.85 8.47224 1.5
      vertex 8.61156 9.76356 0
      vertex 8.03489 8.3487 1.5
    endloop
  endfacet
  facet normal -0.393119 -0.58866 -0.706355
    outer loop
      vertex 8.61156 9.76356 0
      vertex 7.85 8.47224 1.5
      vertex 8.6 9.77128 0
    endloop
  endfacet
  facet normal -0.58866 0.393119 -0.706355
    outer loop
      vertex 9.76356 5.38844 0
      vertex 8.47224 6.15 1.5
      vertex 9.77128 5.4 0
    endloop
  endfacet
  facet normal -0.588566 0.393269 -0.70635
    outer loop
      vertex 8.47224 6.15 1.5
      vertex 9.76356 5.38844 0
      vertex 8.3487 5.96511 1.5
    endloop
  endfacet
  facet normal -0.69436 0.137547 -0.70636
    outer loop
      vertex 10.1699 6.56869 0
      vertex 8.68546 6.77811 1.5
      vertex 10.1726 6.58232 0
    endloop
  endfacet
  facet normal -0.694263 0.13812 -0.706344
    outer loop
      vertex 8.68546 6.77811 1.5
      vertex 10.1699 6.56869 0
      vertex 8.64207 6.56001 1.5
    endloop
  endfacet
  facet normal -0.466884 0.532054 -0.706356
    outer loop
      vertex 9.25229 4.72809 0
      vertex 8.20208 5.79792 1.5
      vertex 9.26274 4.73726 0
    endloop
  endfacet
  facet normal -0.466724 0.532203 -0.706349
    outer loop
      vertex 8.20208 5.79792 1.5
      vertex 9.25229 4.72809 0
      vertex 8.03489 5.6513 1.5
    endloop
  endfacet
  facet normal -0.532054 0.466884 -0.706356
    outer loop
      vertex 8.20208 5.79792 1.5
      vertex 9.27191 4.74771 0
      vertex 9.26274 4.73726 0
    endloop
  endfacet
  facet normal -0.532203 0.466724 -0.706349
    outer loop
      vertex 9.27191 4.74771 0
      vertex 8.20208 5.79792 1.5
      vertex 8.3487 5.96511 1.5
    endloop
  endfacet
  facet normal -0.313099 0.634853 -0.70635
    outer loop
      vertex 8.58753 4.22257 0
      vertex 7.85 5.52776 1.5
      vertex 8.6 4.22872 0
    endloop
  endfacet
  facet normal -0.313073 0.634868 -0.706349
    outer loop
      vertex 7.85 5.52776 1.5
      vertex 8.58753 4.22257 0
      vertex 7.65056 5.42941 1.5
    endloop
  endfacet
  facet normal -0.670418 0.227209 -0.70634
    outer loop
      vertex 8.57059 6.34944 1.5
      vertex 9.96088 5.78857 0
      vertex 9.95642 5.77541 0
    endloop
  endfacet
  facet normal -0.670296 0.227538 -0.70635
    outer loop
      vertex 9.96088 5.78857 0
      vertex 8.57059 6.34944 1.5
      vertex 8.64207 6.56001 1.5
    endloop
  endfacet
  facet normal -0.981097 0.193519 0
    outer loop
      vertex 257.642 143.56 1.5
      vertex 257.685 143.778 3
      vertex 257.685 143.778 1.5
    endloop
  endfacet
  facet normal -0.981097 0.193519 0
    outer loop
      vertex 257.685 143.778 3
      vertex 257.642 143.56 1.5
      vertex 257.642 143.56 3
    endloop
  endfacet
  facet normal -0.997725 0.0674139 0
    outer loop
      vertex 257.685 143.778 1.5
      vertex 257.7 144 3
      vertex 257.7 144 1.5
    endloop
  endfacet
  facet normal -0.997725 0.0674139 0
    outer loop
      vertex 257.7 144 3
      vertex 257.685 143.778 1.5
      vertex 257.685 143.778 3
    endloop
  endfacet
  facet normal -0.0674139 -0.997725 0
    outer loop
      vertex 256 145.7 1.5
      vertex 256.222 145.685 3
      vertex 256 145.7 3
    endloop
  endfacet
  facet normal -0.0674139 -0.997725 -0
    outer loop
      vertex 256.222 145.685 3
      vertex 256 145.7 1.5
      vertex 256.222 145.685 1.5
    endloop
  endfacet
  facet normal 0.660729 0.750624 -0
    outer loop
      vertex 254.965 142.651 1.5
      vertex 254.798 142.798 3
      vertex 254.965 142.651 3
    endloop
  endfacet
  facet normal 0.660729 0.750624 0
    outer loop
      vertex 254.798 142.798 3
      vertex 254.965 142.651 1.5
      vertex 254.798 142.798 1.5
    endloop
  endfacet
  facet normal 0.832742 -0.553661 0
    outer loop
      vertex 254.528 144.85 3
      vertex 254.651 145.035 1.5
      vertex 254.651 145.035 3
    endloop
  endfacet
  facet normal 0.832742 -0.553661 0
    outer loop
      vertex 254.651 145.035 1.5
      vertex 254.528 144.85 3
      vertex 254.528 144.85 1.5
    endloop
  endfacet
  facet normal 0.193519 -0.981097 0
    outer loop
      vertex 255.56 145.642 1.5
      vertex 255.778 145.685 3
      vertex 255.56 145.642 3
    endloop
  endfacet
  facet normal 0.193519 -0.981097 0
    outer loop
      vertex 255.778 145.685 3
      vertex 255.56 145.642 1.5
      vertex 255.778 145.685 1.5
    endloop
  endfacet
  facet normal -0.660729 0.750624 0
    outer loop
      vertex 257.202 142.798 1.5
      vertex 257.035 142.651 3
      vertex 257.202 142.798 3
    endloop
  endfacet
  facet normal -0.660729 0.750624 0
    outer loop
      vertex 257.035 142.651 3
      vertex 257.202 142.798 1.5
      vertex 257.035 142.651 1.5
    endloop
  endfacet
  facet normal -0.947781 -0.318922 0
    outer loop
      vertex 257.642 144.44 1.5
      vertex 257.571 144.651 3
      vertex 257.571 144.651 1.5
    endloop
  endfacet
  facet normal -0.947781 -0.318922 0
    outer loop
      vertex 257.571 144.651 3
      vertex 257.642 144.44 1.5
      vertex 257.642 144.44 3
    endloop
  endfacet
  facet normal -0.750624 -0.660729 0
    outer loop
      vertex 257.349 145.035 1.5
      vertex 257.202 145.202 3
      vertex 257.202 145.202 1.5
    endloop
  endfacet
  facet normal -0.750624 -0.660729 0
    outer loop
      vertex 257.202 145.202 3
      vertex 257.349 145.035 1.5
      vertex 257.349 145.035 3
    endloop
  endfacet
  facet normal -0.750624 0.660729 0
    outer loop
      vertex 257.202 142.798 1.5
      vertex 257.349 142.965 3
      vertex 257.349 142.965 1.5
    endloop
  endfacet
  facet normal -0.750624 0.660729 0
    outer loop
      vertex 257.349 142.965 3
      vertex 257.202 142.798 1.5
      vertex 257.202 142.798 3
    endloop
  endfacet
  facet normal 0.947781 -0.318922 0
    outer loop
      vertex 254.358 144.44 3
      vertex 254.429 144.651 1.5
      vertex 254.429 144.651 3
    endloop
  endfacet
  facet normal 0.947781 -0.318922 0
    outer loop
      vertex 254.429 144.651 1.5
      vertex 254.358 144.44 3
      vertex 254.358 144.44 1.5
    endloop
  endfacet
  facet normal -0.318922 -0.947781 0
    outer loop
      vertex 256.44 145.642 1.5
      vertex 256.651 145.571 3
      vertex 256.44 145.642 3
    endloop
  endfacet
  facet normal -0.318922 -0.947781 -0
    outer loop
      vertex 256.651 145.571 3
      vertex 256.44 145.642 1.5
      vertex 256.651 145.571 1.5
    endloop
  endfacet
  facet normal 0.0674139 -0.997725 0
    outer loop
      vertex 255.778 145.685 1.5
      vertex 256 145.7 3
      vertex 255.778 145.685 3
    endloop
  endfacet
  facet normal 0.0674139 -0.997725 0
    outer loop
      vertex 256 145.7 3
      vertex 255.778 145.685 1.5
      vertex 256 145.7 1.5
    endloop
  endfacet
  facet normal 0.318922 0.947781 -0
    outer loop
      vertex 255.56 142.358 1.5
      vertex 255.349 142.429 3
      vertex 255.56 142.358 3
    endloop
  endfacet
  facet normal 0.318922 0.947781 0
    outer loop
      vertex 255.349 142.429 3
      vertex 255.56 142.358 1.5
      vertex 255.349 142.429 1.5
    endloop
  endfacet
  facet normal -0.947781 0.318922 0
    outer loop
      vertex 257.571 143.349 1.5
      vertex 257.642 143.56 3
      vertex 257.642 143.56 1.5
    endloop
  endfacet
  facet normal -0.947781 0.318922 0
    outer loop
      vertex 257.642 143.56 3
      vertex 257.571 143.349 1.5
      vertex 257.571 143.349 3
    endloop
  endfacet
  facet normal 0.750624 0.660729 0
    outer loop
      vertex 254.798 142.798 3
      vertex 254.651 142.965 1.5
      vertex 254.651 142.965 3
    endloop
  endfacet
  facet normal 0.750624 0.660729 0
    outer loop
      vertex 254.651 142.965 1.5
      vertex 254.798 142.798 3
      vertex 254.798 142.798 1.5
    endloop
  endfacet
  facet normal 0.445413 -0.895325 0
    outer loop
      vertex 255.15 145.472 1.5
      vertex 255.349 145.571 3
      vertex 255.15 145.472 3
    endloop
  endfacet
  facet normal 0.445413 -0.895325 0
    outer loop
      vertex 255.349 145.571 3
      vertex 255.15 145.472 1.5
      vertex 255.349 145.571 1.5
    endloop
  endfacet
  facet normal 0.0674139 0.997725 -0
    outer loop
      vertex 256 142.3 1.5
      vertex 255.778 142.315 3
      vertex 256 142.3 3
    endloop
  endfacet
  facet normal 0.0674139 0.997725 0
    outer loop
      vertex 255.778 142.315 3
      vertex 256 142.3 1.5
      vertex 255.778 142.315 1.5
    endloop
  endfacet
  facet normal -0.895325 -0.445413 0
    outer loop
      vertex 257.571 144.651 1.5
      vertex 257.472 144.85 3
      vertex 257.472 144.85 1.5
    endloop
  endfacet
  facet normal -0.895325 -0.445413 0
    outer loop
      vertex 257.472 144.85 3
      vertex 257.571 144.651 1.5
      vertex 257.571 144.651 3
    endloop
  endfacet
  facet normal -0.553661 -0.832742 0
    outer loop
      vertex 256.85 145.472 1.5
      vertex 257.035 145.349 3
      vertex 256.85 145.472 3
    endloop
  endfacet
  facet normal -0.553661 -0.832742 -0
    outer loop
      vertex 257.035 145.349 3
      vertex 256.85 145.472 1.5
      vertex 257.035 145.349 1.5
    endloop
  endfacet
  facet normal 0.981097 -0.193519 0
    outer loop
      vertex 254.315 144.222 3
      vertex 254.358 144.44 1.5
      vertex 254.358 144.44 3
    endloop
  endfacet
  facet normal 0.981097 -0.193519 0
    outer loop
      vertex 254.358 144.44 1.5
      vertex 254.315 144.222 3
      vertex 254.315 144.222 1.5
    endloop
  endfacet
  facet normal -0.193519 0.981097 0
    outer loop
      vertex 256.44 142.358 1.5
      vertex 256.222 142.315 3
      vertex 256.44 142.358 3
    endloop
  endfacet
  facet normal -0.193519 0.981097 0
    outer loop
      vertex 256.222 142.315 3
      vertex 256.44 142.358 1.5
      vertex 256.222 142.315 1.5
    endloop
  endfacet
  facet normal -0.832742 0.553661 0
    outer loop
      vertex 257.349 142.965 1.5
      vertex 257.472 143.15 3
      vertex 257.472 143.15 1.5
    endloop
  endfacet
  facet normal -0.832742 0.553661 0
    outer loop
      vertex 257.472 143.15 3
      vertex 257.349 142.965 1.5
      vertex 257.349 142.965 3
    endloop
  endfacet
  facet normal -0.997725 -0.0674139 0
    outer loop
      vertex 257.7 144 1.5
      vertex 257.685 144.222 3
      vertex 257.685 144.222 1.5
    endloop
  endfacet
  facet normal -0.997725 -0.0674139 0
    outer loop
      vertex 257.685 144.222 3
      vertex 257.7 144 1.5
      vertex 257.7 144 3
    endloop
  endfacet
  facet normal -0.318922 0.947781 0
    outer loop
      vertex 256.651 142.429 1.5
      vertex 256.44 142.358 3
      vertex 256.651 142.429 3
    endloop
  endfacet
  facet normal -0.318922 0.947781 0
    outer loop
      vertex 256.44 142.358 3
      vertex 256.651 142.429 1.5
      vertex 256.44 142.358 1.5
    endloop
  endfacet
  facet normal -0.553661 0.832742 0
    outer loop
      vertex 257.035 142.651 1.5
      vertex 256.85 142.528 3
      vertex 257.035 142.651 3
    endloop
  endfacet
  facet normal -0.553661 0.832742 0
    outer loop
      vertex 256.85 142.528 3
      vertex 257.035 142.651 1.5
      vertex 256.85 142.528 1.5
    endloop
  endfacet
  facet normal 0.193519 0.981097 -0
    outer loop
      vertex 255.778 142.315 1.5
      vertex 255.56 142.358 3
      vertex 255.778 142.315 3
    endloop
  endfacet
  facet normal 0.193519 0.981097 0
    outer loop
      vertex 255.56 142.358 3
      vertex 255.778 142.315 1.5
      vertex 255.56 142.358 1.5
    endloop
  endfacet
  facet normal -0.660729 -0.750624 0
    outer loop
      vertex 257.035 145.349 1.5
      vertex 257.202 145.202 3
      vertex 257.035 145.349 3
    endloop
  endfacet
  facet normal -0.660729 -0.750624 -0
    outer loop
      vertex 257.202 145.202 3
      vertex 257.035 145.349 1.5
      vertex 257.202 145.202 1.5
    endloop
  endfacet
  facet normal 0.895325 0.445413 0
    outer loop
      vertex 254.528 143.15 3
      vertex 254.429 143.349 1.5
      vertex 254.429 143.349 3
    endloop
  endfacet
  facet normal 0.895325 0.445413 0
    outer loop
      vertex 254.429 143.349 1.5
      vertex 254.528 143.15 3
      vertex 254.528 143.15 1.5
    endloop
  endfacet
  facet normal -0.981097 -0.193519 0
    outer loop
      vertex 257.685 144.222 1.5
      vertex 257.642 144.44 3
      vertex 257.642 144.44 1.5
    endloop
  endfacet
  facet normal -0.981097 -0.193519 0
    outer loop
      vertex 257.642 144.44 3
      vertex 257.685 144.222 1.5
      vertex 257.685 144.222 3
    endloop
  endfacet
  facet normal -0.193519 -0.981097 0
    outer loop
      vertex 256.222 145.685 1.5
      vertex 256.44 145.642 3
      vertex 256.222 145.685 3
    endloop
  endfacet
  facet normal -0.193519 -0.981097 -0
    outer loop
      vertex 256.44 145.642 3
      vertex 256.222 145.685 1.5
      vertex 256.44 145.642 1.5
    endloop
  endfacet
  facet normal 0.660729 -0.750624 0
    outer loop
      vertex 254.798 145.202 1.5
      vertex 254.965 145.349 3
      vertex 254.798 145.202 3
    endloop
  endfacet
  facet normal 0.660729 -0.750624 0
    outer loop
      vertex 254.965 145.349 3
      vertex 254.798 145.202 1.5
      vertex 254.965 145.349 1.5
    endloop
  endfacet
  facet normal 0.750624 -0.660729 0
    outer loop
      vertex 254.651 145.035 3
      vertex 254.798 145.202 1.5
      vertex 254.798 145.202 3
    endloop
  endfacet
  facet normal 0.750624 -0.660729 0
    outer loop
      vertex 254.798 145.202 1.5
      vertex 254.651 145.035 3
      vertex 254.651 145.035 1.5
    endloop
  endfacet
  facet normal -0.0674139 0.997725 0
    outer loop
      vertex 256.222 142.315 1.5
      vertex 256 142.3 3
      vertex 256.222 142.315 3
    endloop
  endfacet
  facet normal -0.0674139 0.997725 0
    outer loop
      vertex 256 142.3 3
      vertex 256.222 142.315 1.5
      vertex 256 142.3 1.5
    endloop
  endfacet
  facet normal -0.445413 0.895325 0
    outer loop
      vertex 256.85 142.528 1.5
      vertex 256.651 142.429 3
      vertex 256.85 142.528 3
    endloop
  endfacet
  facet normal -0.445413 0.895325 0
    outer loop
      vertex 256.651 142.429 3
      vertex 256.85 142.528 1.5
      vertex 256.651 142.429 1.5
    endloop
  endfacet
  facet normal -0.832742 -0.553661 0
    outer loop
      vertex 257.472 144.85 1.5
      vertex 257.349 145.035 3
      vertex 257.349 145.035 1.5
    endloop
  endfacet
  facet normal -0.832742 -0.553661 0
    outer loop
      vertex 257.349 145.035 3
      vertex 257.472 144.85 1.5
      vertex 257.472 144.85 3
    endloop
  endfacet
  facet normal 0.997725 -0.0674139 0
    outer loop
      vertex 254.3 144 3
      vertex 254.315 144.222 1.5
      vertex 254.315 144.222 3
    endloop
  endfacet
  facet normal 0.997725 -0.0674139 0
    outer loop
      vertex 254.315 144.222 1.5
      vertex 254.3 144 3
      vertex 254.3 144 1.5
    endloop
  endfacet
  facet normal -0.445413 -0.895325 0
    outer loop
      vertex 256.651 145.571 1.5
      vertex 256.85 145.472 3
      vertex 256.651 145.571 3
    endloop
  endfacet
  facet normal -0.445413 -0.895325 -0
    outer loop
      vertex 256.85 145.472 3
      vertex 256.651 145.571 1.5
      vertex 256.85 145.472 1.5
    endloop
  endfacet
  facet normal 0.981097 0.193519 0
    outer loop
      vertex 254.358 143.56 3
      vertex 254.315 143.778 1.5
      vertex 254.315 143.778 3
    endloop
  endfacet
  facet normal 0.981097 0.193519 0
    outer loop
      vertex 254.315 143.778 1.5
      vertex 254.358 143.56 3
      vertex 254.358 143.56 1.5
    endloop
  endfacet
  facet normal 0.895325 -0.445413 0
    outer loop
      vertex 254.429 144.651 3
      vertex 254.528 144.85 1.5
      vertex 254.528 144.85 3
    endloop
  endfacet
  facet normal 0.895325 -0.445413 0
    outer loop
      vertex 254.528 144.85 1.5
      vertex 254.429 144.651 3
      vertex 254.429 144.651 1.5
    endloop
  endfacet
  facet normal 0.947781 0.318922 0
    outer loop
      vertex 254.429 143.349 3
      vertex 254.358 143.56 1.5
      vertex 254.358 143.56 3
    endloop
  endfacet
  facet normal 0.947781 0.318922 0
    outer loop
      vertex 254.358 143.56 1.5
      vertex 254.429 143.349 3
      vertex 254.429 143.349 1.5
    endloop
  endfacet
  facet normal -0.895325 0.445413 0
    outer loop
      vertex 257.472 143.15 1.5
      vertex 257.571 143.349 3
      vertex 257.571 143.349 1.5
    endloop
  endfacet
  facet normal -0.895325 0.445413 0
    outer loop
      vertex 257.571 143.349 3
      vertex 257.472 143.15 1.5
      vertex 257.472 143.15 3
    endloop
  endfacet
  facet normal 0.997725 0.0674139 0
    outer loop
      vertex 254.315 143.778 3
      vertex 254.3 144 1.5
      vertex 254.3 144 3
    endloop
  endfacet
  facet normal 0.997725 0.0674139 0
    outer loop
      vertex 254.3 144 1.5
      vertex 254.315 143.778 3
      vertex 254.315 143.778 1.5
    endloop
  endfacet
  facet normal 0.318922 -0.947781 0
    outer loop
      vertex 255.349 145.571 1.5
      vertex 255.56 145.642 3
      vertex 255.349 145.571 3
    endloop
  endfacet
  facet normal 0.318922 -0.947781 0
    outer loop
      vertex 255.56 145.642 3
      vertex 255.349 145.571 1.5
      vertex 255.56 145.642 1.5
    endloop
  endfacet
  facet normal 0.445413 0.895325 -0
    outer loop
      vertex 255.349 142.429 1.5
      vertex 255.15 142.528 3
      vertex 255.349 142.429 3
    endloop
  endfacet
  facet normal 0.445413 0.895325 0
    outer loop
      vertex 255.15 142.528 3
      vertex 255.349 142.429 1.5
      vertex 255.15 142.528 1.5
    endloop
  endfacet
  facet normal 0.553661 0.832742 -0
    outer loop
      vertex 255.15 142.528 1.5
      vertex 254.965 142.651 3
      vertex 255.15 142.528 3
    endloop
  endfacet
  facet normal 0.553661 0.832742 0
    outer loop
      vertex 254.965 142.651 3
      vertex 255.15 142.528 1.5
      vertex 254.965 142.651 1.5
    endloop
  endfacet
  facet normal 0.832742 0.553661 0
    outer loop
      vertex 254.651 142.965 3
      vertex 254.528 143.15 1.5
      vertex 254.528 143.15 3
    endloop
  endfacet
  facet normal 0.832742 0.553661 0
    outer loop
      vertex 254.528 143.15 1.5
      vertex 254.651 142.965 3
      vertex 254.651 142.965 1.5
    endloop
  endfacet
  facet normal 0.553661 -0.832742 0
    outer loop
      vertex 254.965 145.349 1.5
      vertex 255.15 145.472 3
      vertex 254.965 145.349 3
    endloop
  endfacet
  facet normal 0.553661 -0.832742 0
    outer loop
      vertex 255.15 145.472 3
      vertex 254.965 145.349 1.5
      vertex 255.15 145.472 1.5
    endloop
  endfacet
  facet normal 0.393864 -0.588171 -0.706347
    outer loop
      vertex 254.388 146.764 0
      vertex 254.965 145.349 1.5
      vertex 254.052 146.539 0
    endloop
  endfacet
  facet normal 0.315258 -0.6337 -0.706426
    outer loop
      vertex 255.15 145.472 1.5
      vertex 254.412 146.777 0
      vertex 255.349 145.571 1.5
    endloop
  endfacet
  facet normal 0.316516 -0.633031 -0.706463
    outer loop
      vertex 254.412 146.777 0
      vertex 255.15 145.472 1.5
      vertex 254.4 146.771 0
    endloop
  endfacet
  facet normal -0.706376 0.0454598 -0.706376
    outer loop
      vertex 259.2 144 0
      vertex 259.174 143.596 0
      vertex 257.7 144 1.5
    endloop
  endfacet
  facet normal -0.705737 0.0504098 -0.706678
    outer loop
      vertex 257.685 143.778 1.5
      vertex 259.174 143.596 0
      vertex 259.173 143.582 0
    endloop
  endfacet
  facet normal -0.705996 0.0477025 -0.706607
    outer loop
      vertex 259.174 143.596 0
      vertex 257.685 143.778 1.5
      vertex 257.7 144 1.5
    endloop
  endfacet
  facet normal -0.467151 -0.531888 -0.706304
    outer loop
      vertex 257.948 146.539 0
      vertex 258.252 146.272 0
      vertex 257.035 145.349 1.5
    endloop
  endfacet
  facet normal 0.225812 0.671074 -0.706165
    outer loop
      vertex 254.789 141.039 0
      vertex 255.349 142.429 1.5
      vertex 255.56 142.358 1.5
    endloop
  endfacet
  facet normal 0.238034 0.666496 -0.706486
    outer loop
      vertex 255.349 142.429 1.5
      vertex 254.789 141.039 0
      vertex 254.775 141.044 0
    endloop
  endfacet
  facet normal 0.694235 0.138148 -0.706366
    outer loop
      vertex 254.358 143.56 1.5
      vertex 252.909 143.172 0
      vertex 252.83 143.569 0
    endloop
  endfacet
  facet normal 0.467151 0.531888 -0.706304
    outer loop
      vertex 254.965 142.651 1.5
      vertex 254.052 141.461 0
      vertex 253.748 141.728 0
    endloop
  endfacet
  facet normal 0.6337 -0.315258 -0.706426
    outer loop
      vertex 253.223 145.588 0
      vertex 254.528 144.85 1.5
      vertex 254.429 144.651 1.5
    endloop
  endfacet
  facet normal 0.633031 -0.316516 -0.706463
    outer loop
      vertex 254.528 144.85 1.5
      vertex 253.223 145.588 0
      vertex 253.229 145.6 0
    endloop
  endfacet
  facet normal -0.238034 -0.666496 -0.706486
    outer loop
      vertex 256.651 145.571 1.5
      vertex 257.211 146.961 0
      vertex 257.225 146.956 0
    endloop
  endfacet
  facet normal -0.225812 -0.671074 -0.706165
    outer loop
      vertex 257.211 146.961 0
      vertex 256.651 145.571 1.5
      vertex 256.44 145.642 1.5
    endloop
  endfacet
  facet normal -0.15932 0.690386 -0.70568
    outer loop
      vertex 256.222 142.315 1.5
      vertex 256.431 140.83 0
      vertex 256.418 140.827 0
    endloop
  endfacet
  facet normal -0.136958 0.694348 -0.706487
    outer loop
      vertex 256.431 140.83 0
      vertex 256.222 142.315 1.5
      vertex 256.44 142.358 1.5
    endloop
  endfacet
  facet normal -0.6337 -0.315258 -0.706426
    outer loop
      vertex 257.472 144.85 1.5
      vertex 258.777 145.588 0
      vertex 257.571 144.651 1.5
    endloop
  endfacet
  facet normal -0.633031 -0.316516 -0.706463
    outer loop
      vertex 258.777 145.588 0
      vertex 257.472 144.85 1.5
      vertex 258.771 145.6 0
    endloop
  endfacet
  facet normal -0.0477025 -0.705996 -0.706607
    outer loop
      vertex 256.404 147.174 0
      vertex 256.222 145.685 1.5
      vertex 256 145.7 1.5
    endloop
  endfacet
  facet normal -0.0504098 -0.705737 -0.706678
    outer loop
      vertex 256.222 145.685 1.5
      vertex 256.404 147.174 0
      vertex 256.418 147.173 0
    endloop
  endfacet
  facet normal -0.138148 -0.694235 -0.706366
    outer loop
      vertex 256.828 147.091 0
      vertex 256.44 145.642 1.5
      vertex 256.431 147.17 0
    endloop
  endfacet
  facet normal 0.227516 -0.670296 -0.706357
    outer loop
      vertex 255.172 147.091 0
      vertex 255.56 145.642 1.5
      vertex 254.789 146.961 0
    endloop
  endfacet
  facet normal -0.313141 0.63503 -0.706173
    outer loop
      vertex 257.588 141.223 0
      vertex 257.225 141.044 0
      vertex 256.651 142.429 1.5
    endloop
  endfacet
  facet normal 0.548543 0.448808 -0.705459
    outer loop
      vertex 253.728 141.748 0
      vertex 254.798 142.798 1.5
      vertex 253.737 141.737 0
    endloop
  endfacet
  facet normal 0.531314 0.467684 -0.706383
    outer loop
      vertex 254.798 142.798 1.5
      vertex 253.728 141.748 0
      vertex 254.651 142.965 1.5
    endloop
  endfacet
  facet normal -0.706376 -0.0454598 -0.706376
    outer loop
      vertex 259.174 144.404 0
      vertex 259.2 144 0
      vertex 257.7 144 1.5
    endloop
  endfacet
  facet normal 0.694348 0.136958 -0.706487
    outer loop
      vertex 252.83 143.569 0
      vertex 254.315 143.778 1.5
      vertex 254.358 143.56 1.5
    endloop
  endfacet
  facet normal 0.690386 0.15932 -0.70568
    outer loop
      vertex 254.315 143.778 1.5
      vertex 252.83 143.569 0
      vertex 252.827 143.582 0
    endloop
  endfacet
  facet normal 0.15932 -0.690386 -0.70568
    outer loop
      vertex 255.778 145.685 1.5
      vertex 255.569 147.17 0
      vertex 255.582 147.173 0
    endloop
  endfacet
  facet normal 0.136958 -0.694348 -0.706487
    outer loop
      vertex 255.569 147.17 0
      vertex 255.778 145.685 1.5
      vertex 255.56 145.642 1.5
    endloop
  endfacet
  facet normal 0.313141 0.63503 -0.706173
    outer loop
      vertex 255.349 142.429 1.5
      vertex 254.775 141.044 0
      vertex 254.412 141.223 0
    endloop
  endfacet
  facet normal 0.531314 -0.467684 -0.706383
    outer loop
      vertex 253.728 146.252 0
      vertex 254.798 145.202 1.5
      vertex 254.651 145.035 1.5
    endloop
  endfacet
  facet normal 0.548543 -0.448808 -0.705459
    outer loop
      vertex 254.798 145.202 1.5
      vertex 253.728 146.252 0
      vertex 253.737 146.263 0
    endloop
  endfacet
  facet normal -0.671074 -0.225812 -0.706165
    outer loop
      vertex 257.571 144.651 1.5
      vertex 258.961 145.211 0
      vertex 257.642 144.44 1.5
    endloop
  endfacet
  facet normal -0.666496 -0.238034 -0.706486
    outer loop
      vertex 258.961 145.211 0
      vertex 257.571 144.651 1.5
      vertex 258.956 145.225 0
    endloop
  endfacet
  facet normal -0.531888 0.467151 -0.706304
    outer loop
      vertex 258.539 142.052 0
      vertex 258.272 141.748 0
      vertex 257.349 142.965 1.5
    endloop
  endfacet
  facet normal -0.63503 -0.313141 -0.706173
    outer loop
      vertex 258.777 145.588 0
      vertex 258.956 145.225 0
      vertex 257.571 144.651 1.5
    endloop
  endfacet
  facet normal 0.588171 0.393864 -0.706347
    outer loop
      vertex 254.651 142.965 1.5
      vertex 253.461 142.052 0
      vertex 253.236 142.388 0
    endloop
  endfacet
  facet normal -0.238034 0.666496 -0.706486
    outer loop
      vertex 257.211 141.039 0
      vertex 256.651 142.429 1.5
      vertex 257.225 141.044 0
    endloop
  endfacet
  facet normal -0.225812 0.671074 -0.706165
    outer loop
      vertex 256.651 142.429 1.5
      vertex 257.211 141.039 0
      vertex 256.44 142.358 1.5
    endloop
  endfacet
  facet normal 0.706376 -0.0454598 -0.706376
    outer loop
      vertex 252.826 144.404 0
      vertex 254.3 144 1.5
      vertex 252.8 144 0
    endloop
  endfacet
  facet normal 0.467151 -0.531888 -0.706304
    outer loop
      vertex 254.052 146.539 0
      vertex 254.965 145.349 1.5
      vertex 253.748 146.272 0
    endloop
  endfacet
  facet normal 0.633031 0.316516 -0.706463
    outer loop
      vertex 253.223 142.412 0
      vertex 254.528 143.15 1.5
      vertex 253.229 142.4 0
    endloop
  endfacet
  facet normal 0.6337 0.315258 -0.706426
    outer loop
      vertex 254.528 143.15 1.5
      vertex 253.223 142.412 0
      vertex 254.429 143.349 1.5
    endloop
  endfacet
  facet normal -0.448808 -0.548543 -0.705459
    outer loop
      vertex 257.202 145.202 1.5
      vertex 258.252 146.272 0
      vertex 258.263 146.263 0
    endloop
  endfacet
  facet normal -0.467684 -0.531314 -0.706383
    outer loop
      vertex 258.252 146.272 0
      vertex 257.202 145.202 1.5
      vertex 257.035 145.349 1.5
    endloop
  endfacet
  facet normal 0.138148 -0.694235 -0.706366
    outer loop
      vertex 255.569 147.17 0
      vertex 255.56 145.642 1.5
      vertex 255.172 147.091 0
    endloop
  endfacet
  facet normal 0.63503 -0.313141 -0.706173
    outer loop
      vertex 253.223 145.588 0
      vertex 254.429 144.651 1.5
      vertex 253.044 145.225 0
    endloop
  endfacet
  facet normal -0.705996 -0.0477025 -0.706607
    outer loop
      vertex 257.685 144.222 1.5
      vertex 259.174 144.404 0
      vertex 257.7 144 1.5
    endloop
  endfacet
  facet normal -0.705737 -0.0504098 -0.706678
    outer loop
      vertex 259.174 144.404 0
      vertex 257.685 144.222 1.5
      vertex 259.173 144.418 0
    endloop
  endfacet
  facet normal -0.227516 -0.670296 -0.706357
    outer loop
      vertex 256.828 147.091 0
      vertex 257.211 146.961 0
      vertex 256.44 145.642 1.5
    endloop
  endfacet
  facet normal -0.313141 -0.63503 -0.706173
    outer loop
      vertex 257.225 146.956 0
      vertex 257.588 146.777 0
      vertex 256.651 145.571 1.5
    endloop
  endfacet
  facet normal -0.690386 -0.15932 -0.70568
    outer loop
      vertex 257.685 144.222 1.5
      vertex 259.17 144.431 0
      vertex 259.173 144.418 0
    endloop
  endfacet
  facet normal -0.694348 -0.136958 -0.706487
    outer loop
      vertex 259.17 144.431 0
      vertex 257.685 144.222 1.5
      vertex 257.642 144.44 1.5
    endloop
  endfacet
  facet normal -0.316516 -0.633031 -0.706463
    outer loop
      vertex 256.85 145.472 1.5
      vertex 257.588 146.777 0
      vertex 257.6 146.771 0
    endloop
  endfacet
  facet normal -0.315258 -0.6337 -0.706426
    outer loop
      vertex 257.588 146.777 0
      vertex 256.85 145.472 1.5
      vertex 256.651 145.571 1.5
    endloop
  endfacet
  facet normal 0.0504098 -0.705737 -0.706678
    outer loop
      vertex 255.596 147.174 0
      vertex 255.778 145.685 1.5
      vertex 255.582 147.173 0
    endloop
  endfacet
  facet normal 0.0477025 -0.705996 -0.706607
    outer loop
      vertex 255.778 145.685 1.5
      vertex 255.596 147.174 0
      vertex 256 145.7 1.5
    endloop
  endfacet
  facet normal 0.670296 0.227516 -0.706357
    outer loop
      vertex 254.358 143.56 1.5
      vertex 253.039 142.789 0
      vertex 252.909 143.172 0
    endloop
  endfacet
  facet normal 0.694235 -0.138148 -0.706366
    outer loop
      vertex 252.909 144.828 0
      vertex 254.358 144.44 1.5
      vertex 252.83 144.431 0
    endloop
  endfacet
  facet normal -0.0504098 0.705737 -0.706678
    outer loop
      vertex 256.404 140.826 0
      vertex 256.222 142.315 1.5
      vertex 256.418 140.827 0
    endloop
  endfacet
  facet normal -0.0477025 0.705996 -0.706607
    outer loop
      vertex 256.222 142.315 1.5
      vertex 256.404 140.826 0
      vertex 256 142.3 1.5
    endloop
  endfacet
  facet normal -0.670296 -0.227516 -0.706357
    outer loop
      vertex 258.961 145.211 0
      vertex 259.091 144.828 0
      vertex 257.642 144.44 1.5
    endloop
  endfacet
  facet normal -0.136958 -0.694348 -0.706487
    outer loop
      vertex 256.222 145.685 1.5
      vertex 256.431 147.17 0
      vertex 256.44 145.642 1.5
    endloop
  endfacet
  facet normal -0.15932 -0.690386 -0.70568
    outer loop
      vertex 256.431 147.17 0
      vertex 256.222 145.685 1.5
      vertex 256.418 147.173 0
    endloop
  endfacet
  facet normal 0.138148 0.694235 -0.706366
    outer loop
      vertex 255.56 142.358 1.5
      vertex 255.569 140.83 0
      vertex 255.172 140.909 0
    endloop
  endfacet
  facet normal 0.63503 0.313141 -0.706173
    outer loop
      vertex 254.429 143.349 1.5
      vertex 253.223 142.412 0
      vertex 253.044 142.775 0
    endloop
  endfacet
  facet normal -0.138148 0.694235 -0.706366
    outer loop
      vertex 256.44 142.358 1.5
      vertex 256.828 140.909 0
      vertex 256.431 140.83 0
    endloop
  endfacet
  facet normal 0.531888 0.467151 -0.706304
    outer loop
      vertex 254.651 142.965 1.5
      vertex 253.728 141.748 0
      vertex 253.461 142.052 0
    endloop
  endfacet
  facet normal -0.63503 0.313141 -0.706173
    outer loop
      vertex 258.956 142.775 0
      vertex 258.777 142.412 0
      vertex 257.571 143.349 1.5
    endloop
  endfacet
  facet normal 0.671074 -0.225812 -0.706165
    outer loop
      vertex 253.039 145.211 0
      vertex 254.429 144.651 1.5
      vertex 254.358 144.44 1.5
    endloop
  endfacet
  facet normal 0.666496 -0.238034 -0.706486
    outer loop
      vertex 254.429 144.651 1.5
      vertex 253.039 145.211 0
      vertex 253.044 145.225 0
    endloop
  endfacet
  facet normal -0.531314 -0.467684 -0.706383
    outer loop
      vertex 257.202 145.202 1.5
      vertex 258.272 146.252 0
      vertex 257.349 145.035 1.5
    endloop
  endfacet
  facet normal -0.548543 -0.448808 -0.705459
    outer loop
      vertex 258.272 146.252 0
      vertex 257.202 145.202 1.5
      vertex 258.263 146.263 0
    endloop
  endfacet
  facet normal -0.531888 -0.467151 -0.706304
    outer loop
      vertex 258.272 146.252 0
      vertex 258.539 145.948 0
      vertex 257.349 145.035 1.5
    endloop
  endfacet
  facet normal -0.694235 -0.138148 -0.706366
    outer loop
      vertex 259.091 144.828 0
      vertex 259.17 144.431 0
      vertex 257.642 144.44 1.5
    endloop
  endfacet
  facet normal 0.531888 -0.467151 -0.706304
    outer loop
      vertex 253.728 146.252 0
      vertex 254.651 145.035 1.5
      vertex 253.461 145.948 0
    endloop
  endfacet
  facet normal 0.467684 -0.531314 -0.706383
    outer loop
      vertex 254.798 145.202 1.5
      vertex 253.748 146.272 0
      vertex 254.965 145.349 1.5
    endloop
  endfacet
  facet normal 0.448808 -0.548543 -0.705459
    outer loop
      vertex 253.748 146.272 0
      vertex 254.798 145.202 1.5
      vertex 253.737 146.263 0
    endloop
  endfacet
  facet normal 0.467684 0.531314 -0.706383
    outer loop
      vertex 253.748 141.728 0
      vertex 254.798 142.798 1.5
      vertex 254.965 142.651 1.5
    endloop
  endfacet
  facet normal 0.448808 0.548543 -0.705459
    outer loop
      vertex 254.798 142.798 1.5
      vertex 253.748 141.728 0
      vertex 253.737 141.737 0
    endloop
  endfacet
  facet normal 0.313141 -0.63503 -0.706173
    outer loop
      vertex 254.775 146.956 0
      vertex 255.349 145.571 1.5
      vertex 254.412 146.777 0
    endloop
  endfacet
  facet normal 0.694348 -0.136958 -0.706487
    outer loop
      vertex 254.315 144.222 1.5
      vertex 252.83 144.431 0
      vertex 254.358 144.44 1.5
    endloop
  endfacet
  facet normal 0.690386 -0.15932 -0.70568
    outer loop
      vertex 252.83 144.431 0
      vertex 254.315 144.222 1.5
      vertex 252.827 144.418 0
    endloop
  endfacet
  facet normal 0.225812 -0.671074 -0.706165
    outer loop
      vertex 255.349 145.571 1.5
      vertex 254.789 146.961 0
      vertex 255.56 145.642 1.5
    endloop
  endfacet
  facet normal 0.238034 -0.666496 -0.706486
    outer loop
      vertex 254.789 146.961 0
      vertex 255.349 145.571 1.5
      vertex 254.775 146.956 0
    endloop
  endfacet
  facet normal 0.705996 -0.0477025 -0.706607
    outer loop
      vertex 252.826 144.404 0
      vertex 254.315 144.222 1.5
      vertex 254.3 144 1.5
    endloop
  endfacet
  facet normal 0.705737 -0.0504098 -0.706678
    outer loop
      vertex 254.315 144.222 1.5
      vertex 252.826 144.404 0
      vertex 252.827 144.418 0
    endloop
  endfacet
  facet normal 0.0454598 -0.706376 -0.706376
    outer loop
      vertex 256 147.2 0
      vertex 256 145.7 1.5
      vertex 255.596 147.174 0
    endloop
  endfacet
  facet normal -0.0454598 -0.706376 -0.706376
    outer loop
      vertex 256.404 147.174 0
      vertex 256 145.7 1.5
      vertex 256 147.2 0
    endloop
  endfacet
  facet normal -0.588171 -0.393864 -0.706347
    outer loop
      vertex 258.539 145.948 0
      vertex 258.764 145.612 0
      vertex 257.349 145.035 1.5
    endloop
  endfacet
  facet normal 0.705996 0.0477025 -0.706607
    outer loop
      vertex 254.315 143.778 1.5
      vertex 252.826 143.596 0
      vertex 254.3 144 1.5
    endloop
  endfacet
  facet normal 0.705737 0.0504098 -0.706678
    outer loop
      vertex 252.826 143.596 0
      vertex 254.315 143.778 1.5
      vertex 252.827 143.582 0
    endloop
  endfacet
  facet normal 0.706376 0.0454598 -0.706376
    outer loop
      vertex 254.3 144 1.5
      vertex 252.826 143.596 0
      vertex 252.8 144 0
    endloop
  endfacet
  facet normal 0.391786 -0.589271 -0.706586
    outer loop
      vertex 254.388 146.764 0
      vertex 255.15 145.472 1.5
      vertex 254.965 145.349 1.5
    endloop
  endfacet
  facet normal 0.356296 -0.610794 -0.707095
    outer loop
      vertex 255.15 145.472 1.5
      vertex 254.388 146.764 0
      vertex 254.4 146.771 0
    endloop
  endfacet
  facet normal 0.15932 0.690386 -0.70568
    outer loop
      vertex 255.569 140.83 0
      vertex 255.778 142.315 1.5
      vertex 255.582 140.827 0
    endloop
  endfacet
  facet normal 0.136958 0.694348 -0.706487
    outer loop
      vertex 255.778 142.315 1.5
      vertex 255.569 140.83 0
      vertex 255.56 142.358 1.5
    endloop
  endfacet
  facet normal 0.666496 0.238034 -0.706486
    outer loop
      vertex 253.039 142.789 0
      vertex 254.429 143.349 1.5
      vertex 253.044 142.775 0
    endloop
  endfacet
  facet normal 0.671074 0.225812 -0.706165
    outer loop
      vertex 254.429 143.349 1.5
      vertex 253.039 142.789 0
      vertex 254.358 143.56 1.5
    endloop
  endfacet
  facet normal 0.0477025 0.705996 -0.706607
    outer loop
      vertex 255.596 140.826 0
      vertex 255.778 142.315 1.5
      vertex 256 142.3 1.5
    endloop
  endfacet
  facet normal 0.0504098 0.705737 -0.706678
    outer loop
      vertex 255.778 142.315 1.5
      vertex 255.596 140.826 0
      vertex 255.582 140.827 0
    endloop
  endfacet
  facet normal -0.670296 0.227516 -0.706357
    outer loop
      vertex 259.091 143.172 0
      vertex 258.961 142.789 0
      vertex 257.642 143.56 1.5
    endloop
  endfacet
  facet normal 0.589271 0.391786 -0.706586
    outer loop
      vertex 253.236 142.388 0
      vertex 254.528 143.15 1.5
      vertex 254.651 142.965 1.5
    endloop
  endfacet
  facet normal 0.610794 0.356296 -0.707095
    outer loop
      vertex 254.528 143.15 1.5
      vertex 253.236 142.388 0
      vertex 253.229 142.4 0
    endloop
  endfacet
  facet normal 0.227516 0.670296 -0.706357
    outer loop
      vertex 255.56 142.358 1.5
      vertex 255.172 140.909 0
      vertex 254.789 141.039 0
    endloop
  endfacet
  facet normal 0.670296 -0.227516 -0.706357
    outer loop
      vertex 253.039 145.211 0
      vertex 254.358 144.44 1.5
      vertex 252.909 144.828 0
    endloop
  endfacet
  facet normal -0.694235 0.138148 -0.706366
    outer loop
      vertex 259.17 143.569 0
      vertex 259.091 143.172 0
      vertex 257.642 143.56 1.5
    endloop
  endfacet
  facet normal 0.315258 0.6337 -0.706426
    outer loop
      vertex 254.412 141.223 0
      vertex 255.15 142.528 1.5
      vertex 255.349 142.429 1.5
    endloop
  endfacet
  facet normal 0.316516 0.633031 -0.706463
    outer loop
      vertex 255.15 142.528 1.5
      vertex 254.412 141.223 0
      vertex 254.4 141.229 0
    endloop
  endfacet
  facet normal -0.610794 -0.356296 -0.707095
    outer loop
      vertex 257.472 144.85 1.5
      vertex 258.764 145.612 0
      vertex 258.771 145.6 0
    endloop
  endfacet
  facet normal -0.589271 -0.391786 -0.706586
    outer loop
      vertex 258.764 145.612 0
      vertex 257.472 144.85 1.5
      vertex 257.349 145.035 1.5
    endloop
  endfacet
  facet normal -0.0454598 0.706376 -0.706376
    outer loop
      vertex 256.404 140.826 0
      vertex 256 140.8 0
      vertex 256 142.3 1.5
    endloop
  endfacet
  facet normal 0.0454598 0.706376 -0.706376
    outer loop
      vertex 256 142.3 1.5
      vertex 256 140.8 0
      vertex 255.596 140.826 0
    endloop
  endfacet
  facet normal -0.588171 0.393864 -0.706347
    outer loop
      vertex 258.764 142.388 0
      vertex 258.539 142.052 0
      vertex 257.349 142.965 1.5
    endloop
  endfacet
  facet normal -0.393864 -0.588171 -0.706347
    outer loop
      vertex 257.612 146.764 0
      vertex 257.948 146.539 0
      vertex 257.035 145.349 1.5
    endloop
  endfacet
  facet normal -0.467151 0.531888 -0.706304
    outer loop
      vertex 258.252 141.728 0
      vertex 257.948 141.461 0
      vertex 257.035 142.651 1.5
    endloop
  endfacet
  facet normal -0.393864 0.588171 -0.706347
    outer loop
      vertex 257.948 141.461 0
      vertex 257.612 141.236 0
      vertex 257.035 142.651 1.5
    endloop
  endfacet
  facet normal 0.589271 -0.391786 -0.706586
    outer loop
      vertex 254.528 144.85 1.5
      vertex 253.236 145.612 0
      vertex 254.651 145.035 1.5
    endloop
  endfacet
  facet normal 0.610794 -0.356296 -0.707095
    outer loop
      vertex 253.236 145.612 0
      vertex 254.528 144.85 1.5
      vertex 253.229 145.6 0
    endloop
  endfacet
  facet normal 0.356296 0.610794 -0.707095
    outer loop
      vertex 254.388 141.236 0
      vertex 255.15 142.528 1.5
      vertex 254.4 141.229 0
    endloop
  endfacet
  facet normal 0.391786 0.589271 -0.706586
    outer loop
      vertex 255.15 142.528 1.5
      vertex 254.388 141.236 0
      vertex 254.965 142.651 1.5
    endloop
  endfacet
  facet normal 0.588171 -0.393864 -0.706347
    outer loop
      vertex 253.461 145.948 0
      vertex 254.651 145.035 1.5
      vertex 253.236 145.612 0
    endloop
  endfacet
  facet normal -0.227516 0.670296 -0.706357
    outer loop
      vertex 257.211 141.039 0
      vertex 256.828 140.909 0
      vertex 256.44 142.358 1.5
    endloop
  endfacet
  facet normal -0.356296 0.610794 -0.707095
    outer loop
      vertex 256.85 142.528 1.5
      vertex 257.612 141.236 0
      vertex 257.6 141.229 0
    endloop
  endfacet
  facet normal -0.391786 0.589271 -0.706586
    outer loop
      vertex 257.612 141.236 0
      vertex 256.85 142.528 1.5
      vertex 257.035 142.651 1.5
    endloop
  endfacet
  facet normal 0.393864 0.588171 -0.706347
    outer loop
      vertex 254.965 142.651 1.5
      vertex 254.388 141.236 0
      vertex 254.052 141.461 0
    endloop
  endfacet
  facet normal -0.633031 0.316516 -0.706463
    outer loop
      vertex 257.472 143.15 1.5
      vertex 258.777 142.412 0
      vertex 258.771 142.4 0
    endloop
  endfacet
  facet normal -0.6337 0.315258 -0.706426
    outer loop
      vertex 258.777 142.412 0
      vertex 257.472 143.15 1.5
      vertex 257.571 143.349 1.5
    endloop
  endfacet
  facet normal -0.391786 -0.589271 -0.706586
    outer loop
      vertex 256.85 145.472 1.5
      vertex 257.612 146.764 0
      vertex 257.035 145.349 1.5
    endloop
  endfacet
  facet normal -0.356296 -0.610794 -0.707095
    outer loop
      vertex 257.612 146.764 0
      vertex 256.85 145.472 1.5
      vertex 257.6 146.771 0
    endloop
  endfacet
  facet normal -0.610794 0.356296 -0.707095
    outer loop
      vertex 258.764 142.388 0
      vertex 257.472 143.15 1.5
      vertex 258.771 142.4 0
    endloop
  endfacet
  facet normal -0.589271 0.391786 -0.706586
    outer loop
      vertex 257.472 143.15 1.5
      vertex 258.764 142.388 0
      vertex 257.349 142.965 1.5
    endloop
  endfacet
  facet normal -0.690386 0.15932 -0.70568
    outer loop
      vertex 259.17 143.569 0
      vertex 257.685 143.778 1.5
      vertex 259.173 143.582 0
    endloop
  endfacet
  facet normal -0.694348 0.136958 -0.706487
    outer loop
      vertex 257.685 143.778 1.5
      vertex 259.17 143.569 0
      vertex 257.642 143.56 1.5
    endloop
  endfacet
  facet normal -0.448808 0.548543 -0.705459
    outer loop
      vertex 258.252 141.728 0
      vertex 257.202 142.798 1.5
      vertex 258.263 141.737 0
    endloop
  endfacet
  facet normal -0.467684 0.531314 -0.706383
    outer loop
      vertex 257.202 142.798 1.5
      vertex 258.252 141.728 0
      vertex 257.035 142.651 1.5
    endloop
  endfacet
  facet normal -0.548543 0.448808 -0.705459
    outer loop
      vertex 257.202 142.798 1.5
      vertex 258.272 141.748 0
      vertex 258.263 141.737 0
    endloop
  endfacet
  facet normal -0.531314 0.467684 -0.706383
    outer loop
      vertex 258.272 141.748 0
      vertex 257.202 142.798 1.5
      vertex 257.349 142.965 1.5
    endloop
  endfacet
  facet normal -0.316516 0.633031 -0.706463
    outer loop
      vertex 257.588 141.223 0
      vertex 256.85 142.528 1.5
      vertex 257.6 141.229 0
    endloop
  endfacet
  facet normal -0.315258 0.6337 -0.706426
    outer loop
      vertex 256.85 142.528 1.5
      vertex 257.588 141.223 0
      vertex 256.651 142.429 1.5
    endloop
  endfacet
  facet normal -0.666496 0.238034 -0.706486
    outer loop
      vertex 257.571 143.349 1.5
      vertex 258.961 142.789 0
      vertex 258.956 142.775 0
    endloop
  endfacet
  facet normal -0.671074 0.225812 -0.706165
    outer loop
      vertex 258.961 142.789 0
      vertex 257.571 143.349 1.5
      vertex 257.642 143.56 1.5
    endloop
  endfacet
  facet normal -0.981113 0.193434 0
    outer loop
      vertex 257.642 75.06 1.5
      vertex 257.685 75.2781 3
      vertex 257.685 75.2781 1.5
    endloop
  endfacet
  facet normal -0.981113 0.193434 0
    outer loop
      vertex 257.685 75.2781 3
      vertex 257.642 75.06 1.5
      vertex 257.642 75.06 3
    endloop
  endfacet
  facet normal -0.997723 0.0674441 0
    outer loop
      vertex 257.685 75.2781 1.5
      vertex 257.7 75.5 3
      vertex 257.7 75.5 1.5
    endloop
  endfacet
  facet normal -0.997723 0.0674441 0
    outer loop
      vertex 257.7 75.5 3
      vertex 257.685 75.2781 1.5
      vertex 257.685 75.2781 3
    endloop
  endfacet
  facet normal -0.0651764 -0.997874 0
    outer loop
      vertex 256 77.2 1.5
      vertex 256.222 77.1855 3
      vertex 256 77.2 3
    endloop
  endfacet
  facet normal -0.0651764 -0.997874 -0
    outer loop
      vertex 256.222 77.1855 3
      vertex 256 77.2 1.5
      vertex 256.222 77.1855 1.5
    endloop
  endfacet
  facet normal 0.659714 0.751516 -0
    outer loop
      vertex 254.965 74.1513 1.5
      vertex 254.798 74.2979 3
      vertex 254.965 74.1513 3
    endloop
  endfacet
  facet normal 0.659714 0.751516 0
    outer loop
      vertex 254.798 74.2979 3
      vertex 254.965 74.1513 1.5
      vertex 254.798 74.2979 1.5
    endloop
  endfacet
  facet normal 0.832604 -0.553869 0
    outer loop
      vertex 254.528 76.35 3
      vertex 254.651 76.5349 1.5
      vertex 254.651 76.5349 3
    endloop
  endfacet
  facet normal 0.832604 -0.553869 0
    outer loop
      vertex 254.651 76.5349 1.5
      vertex 254.528 76.35 3
      vertex 254.528 76.35 1.5
    endloop
  endfacet
  facet normal 0.195251 -0.980753 0
    outer loop
      vertex 255.56 77.1421 1.5
      vertex 255.778 77.1855 3
      vertex 255.56 77.1421 3
    endloop
  endfacet
  facet normal 0.195251 -0.980753 0
    outer loop
      vertex 255.778 77.1855 3
      vertex 255.56 77.1421 1.5
      vertex 255.778 77.1855 1.5
    endloop
  endfacet
  facet normal -0.659714 0.751516 0
    outer loop
      vertex 257.202 74.2979 1.5
      vertex 257.035 74.1513 3
      vertex 257.202 74.2979 3
    endloop
  endfacet
  facet normal -0.659714 0.751516 0
    outer loop
      vertex 257.035 74.1513 3
      vertex 257.202 74.2979 1.5
      vertex 257.035 74.1513 1.5
    endloop
  endfacet
  facet normal -0.947598 -0.319466 0
    outer loop
      vertex 257.642 75.94 1.5
      vertex 257.571 76.1506 3
      vertex 257.571 76.1506 1.5
    endloop
  endfacet
  facet normal -0.947598 -0.319466 0
    outer loop
      vertex 257.571 76.1506 3
      vertex 257.642 75.94 1.5
      vertex 257.642 75.94 3
    endloop
  endfacet
  facet normal -0.751016 -0.660284 0
    outer loop
      vertex 257.349 76.5349 1.5
      vertex 257.202 76.7021 3
      vertex 257.202 76.7021 1.5
    endloop
  endfacet
  facet normal -0.751016 -0.660284 0
    outer loop
      vertex 257.202 76.7021 3
      vertex 257.349 76.5349 1.5
      vertex 257.349 76.5349 3
    endloop
  endfacet
  facet normal -0.751016 0.660284 0
    outer loop
      vertex 257.202 74.2979 1.5
      vertex 257.349 74.4651 3
      vertex 257.349 74.4651 1.5
    endloop
  endfacet
  facet normal -0.751016 0.660284 0
    outer loop
      vertex 257.349 74.4651 3
      vertex 257.202 74.2979 1.5
      vertex 257.202 74.2979 3
    endloop
  endfacet
  facet normal 0.947598 -0.319466 0
    outer loop
      vertex 254.358 75.94 3
      vertex 254.429 76.1506 1.5
      vertex 254.429 76.1506 3
    endloop
  endfacet
  facet normal 0.947598 -0.319466 0
    outer loop
      vertex 254.429 76.1506 1.5
      vertex 254.358 75.94 3
      vertex 254.358 75.94 1.5
    endloop
  endfacet
  facet normal -0.320937 -0.947101 0
    outer loop
      vertex 256.44 77.1421 1.5
      vertex 256.651 77.0706 3
      vertex 256.44 77.1421 3
    endloop
  endfacet
  facet normal -0.320937 -0.947101 -0
    outer loop
      vertex 256.651 77.0706 3
      vertex 256.44 77.1421 1.5
      vertex 256.651 77.0706 1.5
    endloop
  endfacet
  facet normal 0.0651764 -0.997874 0
    outer loop
      vertex 255.778 77.1855 1.5
      vertex 256 77.2 3
      vertex 255.778 77.1855 3
    endloop
  endfacet
  facet normal 0.0651764 -0.997874 0
    outer loop
      vertex 256 77.2 3
      vertex 255.778 77.1855 1.5
      vertex 256 77.2 1.5
    endloop
  endfacet
  facet normal 0.320937 0.947101 -0
    outer loop
      vertex 255.56 73.8579 1.5
      vertex 255.349 73.9294 3
      vertex 255.56 73.8579 3
    endloop
  endfacet
  facet normal 0.320937 0.947101 0
    outer loop
      vertex 255.349 73.9294 3
      vertex 255.56 73.8579 1.5
      vertex 255.349 73.9294 1.5
    endloop
  endfacet
  facet normal -0.947598 0.319466 0
    outer loop
      vertex 257.571 74.8494 1.5
      vertex 257.642 75.06 3
      vertex 257.642 75.06 1.5
    endloop
  endfacet
  facet normal -0.947598 0.319466 0
    outer loop
      vertex 257.642 75.06 3
      vertex 257.571 74.8494 1.5
      vertex 257.571 74.8494 3
    endloop
  endfacet
  facet normal 0.751016 0.660284 0
    outer loop
      vertex 254.798 74.2979 3
      vertex 254.651 74.4651 1.5
      vertex 254.651 74.4651 3
    endloop
  endfacet
  facet normal 0.751016 0.660284 0
    outer loop
      vertex 254.651 74.4651 1.5
      vertex 254.798 74.2979 3
      vertex 254.798 74.2979 1.5
    endloop
  endfacet
  facet normal 0.443245 -0.8964 0
    outer loop
      vertex 255.15 76.9722 1.5
      vertex 255.349 77.0706 3
      vertex 255.15 76.9722 3
    endloop
  endfacet
  facet normal 0.443245 -0.8964 0
    outer loop
      vertex 255.349 77.0706 3
      vertex 255.15 76.9722 1.5
      vertex 255.349 77.0706 1.5
    endloop
  endfacet
  facet normal 0.0651764 0.997874 -0
    outer loop
      vertex 256 73.8 1.5
      vertex 255.778 73.8145 3
      vertex 256 73.8 3
    endloop
  endfacet
  facet normal 0.0651764 0.997874 0
    outer loop
      vertex 255.778 73.8145 3
      vertex 256 73.8 1.5
      vertex 255.778 73.8145 1.5
    endloop
  endfacet
  facet normal -0.895681 -0.444696 0
    outer loop
      vertex 257.571 76.1506 1.5
      vertex 257.472 76.35 3
      vertex 257.472 76.35 1.5
    endloop
  endfacet
  facet normal -0.895681 -0.444696 0
    outer loop
      vertex 257.472 76.35 3
      vertex 257.571 76.1506 1.5
      vertex 257.571 76.1506 3
    endloop
  endfacet
  facet normal -0.555219 -0.831704 0
    outer loop
      vertex 256.85 76.9722 1.5
      vertex 257.035 76.8487 3
      vertex 256.85 76.9722 3
    endloop
  endfacet
  facet normal -0.555219 -0.831704 -0
    outer loop
      vertex 257.035 76.8487 3
      vertex 256.85 76.9722 1.5
      vertex 257.035 76.8487 1.5
    endloop
  endfacet
  facet normal 0.981113 -0.193434 0
    outer loop
      vertex 254.315 75.7219 3
      vertex 254.358 75.94 1.5
      vertex 254.358 75.94 3
    endloop
  endfacet
  facet normal 0.981113 -0.193434 0
    outer loop
      vertex 254.358 75.94 1.5
      vertex 254.315 75.7219 3
      vertex 254.315 75.7219 1.5
    endloop
  endfacet
  facet normal -0.195251 0.980753 0
    outer loop
      vertex 256.44 73.8579 1.5
      vertex 256.222 73.8145 3
      vertex 256.44 73.8579 3
    endloop
  endfacet
  facet normal -0.195251 0.980753 0
    outer loop
      vertex 256.222 73.8145 3
      vertex 256.44 73.8579 1.5
      vertex 256.222 73.8145 1.5
    endloop
  endfacet
  facet normal -0.832604 0.553869 0
    outer loop
      vertex 257.349 74.4651 1.5
      vertex 257.472 74.65 3
      vertex 257.472 74.65 1.5
    endloop
  endfacet
  facet normal -0.832604 0.553869 0
    outer loop
      vertex 257.472 74.65 3
      vertex 257.349 74.4651 1.5
      vertex 257.349 74.4651 3
    endloop
  endfacet
  facet normal -0.997723 -0.0674441 0
    outer loop
      vertex 257.7 75.5 1.5
      vertex 257.685 75.7219 3
      vertex 257.685 75.7219 1.5
    endloop
  endfacet
  facet normal -0.997723 -0.0674441 0
    outer loop
      vertex 257.685 75.7219 3
      vertex 257.7 75.5 1.5
      vertex 257.7 75.5 3
    endloop
  endfacet
  facet normal -0.320937 0.947101 0
    outer loop
      vertex 256.651 73.9294 1.5
      vertex 256.44 73.8579 3
      vertex 256.651 73.9294 3
    endloop
  endfacet
  facet normal -0.320937 0.947101 0
    outer loop
      vertex 256.44 73.8579 3
      vertex 256.651 73.9294 1.5
      vertex 256.44 73.8579 1.5
    endloop
  endfacet
  facet normal -0.555219 0.831704 0
    outer loop
      vertex 257.035 74.1513 1.5
      vertex 256.85 74.0278 3
      vertex 257.035 74.1513 3
    endloop
  endfacet
  facet normal -0.555219 0.831704 0
    outer loop
      vertex 256.85 74.0278 3
      vertex 257.035 74.1513 1.5
      vertex 256.85 74.0278 1.5
    endloop
  endfacet
  facet normal 0.195251 0.980753 -0
    outer loop
      vertex 255.778 73.8145 1.5
      vertex 255.56 73.8579 3
      vertex 255.778 73.8145 3
    endloop
  endfacet
  facet normal 0.195251 0.980753 0
    outer loop
      vertex 255.56 73.8579 3
      vertex 255.778 73.8145 1.5
      vertex 255.56 73.8579 1.5
    endloop
  endfacet
  facet normal -0.659714 -0.751516 0
    outer loop
      vertex 257.035 76.8487 1.5
      vertex 257.202 76.7021 3
      vertex 257.035 76.8487 3
    endloop
  endfacet
  facet normal -0.659714 -0.751516 -0
    outer loop
      vertex 257.202 76.7021 3
      vertex 257.035 76.8487 1.5
      vertex 257.202 76.7021 1.5
    endloop
  endfacet
  facet normal 0.895681 0.444696 0
    outer loop
      vertex 254.528 74.65 3
      vertex 254.429 74.8494 1.5
      vertex 254.429 74.8494 3
    endloop
  endfacet
  facet normal 0.895681 0.444696 0
    outer loop
      vertex 254.429 74.8494 1.5
      vertex 254.528 74.65 3
      vertex 254.528 74.65 1.5
    endloop
  endfacet
  facet normal -0.981113 -0.193434 0
    outer loop
      vertex 257.685 75.7219 1.5
      vertex 257.642 75.94 3
      vertex 257.642 75.94 1.5
    endloop
  endfacet
  facet normal -0.981113 -0.193434 0
    outer loop
      vertex 257.642 75.94 3
      vertex 257.685 75.7219 1.5
      vertex 257.685 75.7219 3
    endloop
  endfacet
  facet normal -0.195251 -0.980753 0
    outer loop
      vertex 256.222 77.1855 1.5
      vertex 256.44 77.1421 3
      vertex 256.222 77.1855 3
    endloop
  endfacet
  facet normal -0.195251 -0.980753 -0
    outer loop
      vertex 256.44 77.1421 3
      vertex 256.222 77.1855 1.5
      vertex 256.44 77.1421 1.5
    endloop
  endfacet
  facet normal 0.659714 -0.751516 0
    outer loop
      vertex 254.798 76.7021 1.5
      vertex 254.965 76.8487 3
      vertex 254.798 76.7021 3
    endloop
  endfacet
  facet normal 0.659714 -0.751516 0
    outer loop
      vertex 254.965 76.8487 3
      vertex 254.798 76.7021 1.5
      vertex 254.965 76.8487 1.5
    endloop
  endfacet
  facet normal 0.751016 -0.660284 0
    outer loop
      vertex 254.651 76.5349 3
      vertex 254.798 76.7021 1.5
      vertex 254.798 76.7021 3
    endloop
  endfacet
  facet normal 0.751016 -0.660284 0
    outer loop
      vertex 254.798 76.7021 1.5
      vertex 254.651 76.5349 3
      vertex 254.651 76.5349 1.5
    endloop
  endfacet
  facet normal -0.0651764 0.997874 0
    outer loop
      vertex 256.222 73.8145 1.5
      vertex 256 73.8 3
      vertex 256.222 73.8145 3
    endloop
  endfacet
  facet normal -0.0651764 0.997874 0
    outer loop
      vertex 256 73.8 3
      vertex 256.222 73.8145 1.5
      vertex 256 73.8 1.5
    endloop
  endfacet
  facet normal -0.443245 0.8964 0
    outer loop
      vertex 256.85 74.0278 1.5
      vertex 256.651 73.9294 3
      vertex 256.85 74.0278 3
    endloop
  endfacet
  facet normal -0.443245 0.8964 0
    outer loop
      vertex 256.651 73.9294 3
      vertex 256.85 74.0278 1.5
      vertex 256.651 73.9294 1.5
    endloop
  endfacet
  facet normal -0.832604 -0.553869 0
    outer loop
      vertex 257.472 76.35 1.5
      vertex 257.349 76.5349 3
      vertex 257.349 76.5349 1.5
    endloop
  endfacet
  facet normal -0.832604 -0.553869 0
    outer loop
      vertex 257.349 76.5349 3
      vertex 257.472 76.35 1.5
      vertex 257.472 76.35 3
    endloop
  endfacet
  facet normal 0.997723 -0.0674441 0
    outer loop
      vertex 254.3 75.5 3
      vertex 254.315 75.7219 1.5
      vertex 254.315 75.7219 3
    endloop
  endfacet
  facet normal 0.997723 -0.0674441 0
    outer loop
      vertex 254.315 75.7219 1.5
      vertex 254.3 75.5 3
      vertex 254.3 75.5 1.5
    endloop
  endfacet
  facet normal -0.443245 -0.8964 0
    outer loop
      vertex 256.651 77.0706 1.5
      vertex 256.85 76.9722 3
      vertex 256.651 77.0706 3
    endloop
  endfacet
  facet normal -0.443245 -0.8964 -0
    outer loop
      vertex 256.85 76.9722 3
      vertex 256.651 77.0706 1.5
      vertex 256.85 76.9722 1.5
    endloop
  endfacet
  facet normal 0.981113 0.193434 0
    outer loop
      vertex 254.358 75.06 3
      vertex 254.315 75.2781 1.5
      vertex 254.315 75.2781 3
    endloop
  endfacet
  facet normal 0.981113 0.193434 0
    outer loop
      vertex 254.315 75.2781 1.5
      vertex 254.358 75.06 3
      vertex 254.358 75.06 1.5
    endloop
  endfacet
  facet normal 0.895681 -0.444696 0
    outer loop
      vertex 254.429 76.1506 3
      vertex 254.528 76.35 1.5
      vertex 254.528 76.35 3
    endloop
  endfacet
  facet normal 0.895681 -0.444696 0
    outer loop
      vertex 254.528 76.35 1.5
      vertex 254.429 76.1506 3
      vertex 254.429 76.1506 1.5
    endloop
  endfacet
  facet normal 0.947598 0.319466 0
    outer loop
      vertex 254.429 74.8494 3
      vertex 254.358 75.06 1.5
      vertex 254.358 75.06 3
    endloop
  endfacet
  facet normal 0.947598 0.319466 0
    outer loop
      vertex 254.358 75.06 1.5
      vertex 254.429 74.8494 3
      vertex 254.429 74.8494 1.5
    endloop
  endfacet
  facet normal -0.895681 0.444696 0
    outer loop
      vertex 257.472 74.65 1.5
      vertex 257.571 74.8494 3
      vertex 257.571 74.8494 1.5
    endloop
  endfacet
  facet normal -0.895681 0.444696 0
    outer loop
      vertex 257.571 74.8494 3
      vertex 257.472 74.65 1.5
      vertex 257.472 74.65 3
    endloop
  endfacet
  facet normal 0.997723 0.0674441 0
    outer loop
      vertex 254.315 75.2781 3
      vertex 254.3 75.5 1.5
      vertex 254.3 75.5 3
    endloop
  endfacet
  facet normal 0.997723 0.0674441 0
    outer loop
      vertex 254.3 75.5 1.5
      vertex 254.315 75.2781 3
      vertex 254.315 75.2781 1.5
    endloop
  endfacet
  facet normal 0.320937 -0.947101 0
    outer loop
      vertex 255.349 77.0706 1.5
      vertex 255.56 77.1421 3
      vertex 255.349 77.0706 3
    endloop
  endfacet
  facet normal 0.320937 -0.947101 0
    outer loop
      vertex 255.56 77.1421 3
      vertex 255.349 77.0706 1.5
      vertex 255.56 77.1421 1.5
    endloop
  endfacet
  facet normal 0.443245 0.8964 -0
    outer loop
      vertex 255.349 73.9294 1.5
      vertex 255.15 74.0278 3
      vertex 255.349 73.9294 3
    endloop
  endfacet
  facet normal 0.443245 0.8964 0
    outer loop
      vertex 255.15 74.0278 3
      vertex 255.349 73.9294 1.5
      vertex 255.15 74.0278 1.5
    endloop
  endfacet
  facet normal 0.555219 0.831704 -0
    outer loop
      vertex 255.15 74.0278 1.5
      vertex 254.965 74.1513 3
      vertex 255.15 74.0278 3
    endloop
  endfacet
  facet normal 0.555219 0.831704 0
    outer loop
      vertex 254.965 74.1513 3
      vertex 255.15 74.0278 1.5
      vertex 254.965 74.1513 1.5
    endloop
  endfacet
  facet normal 0.832604 0.553869 0
    outer loop
      vertex 254.651 74.4651 3
      vertex 254.528 74.65 1.5
      vertex 254.528 74.65 3
    endloop
  endfacet
  facet normal 0.832604 0.553869 0
    outer loop
      vertex 254.528 74.65 1.5
      vertex 254.651 74.4651 3
      vertex 254.651 74.4651 1.5
    endloop
  endfacet
  facet normal 0.555219 -0.831704 0
    outer loop
      vertex 254.965 76.8487 1.5
      vertex 255.15 76.9722 3
      vertex 254.965 76.8487 3
    endloop
  endfacet
  facet normal 0.555219 -0.831704 0
    outer loop
      vertex 255.15 76.9722 3
      vertex 254.965 76.8487 1.5
      vertex 255.15 76.9722 1.5
    endloop
  endfacet
  facet normal 0.393746 -0.588255 -0.706343
    outer loop
      vertex 254.388 78.2636 0
      vertex 254.965 76.8487 1.5
      vertex 254.052 78.0387 0
    endloop
  endfacet
  facet normal 0.313725 -0.634465 -0.706421
    outer loop
      vertex 255.15 76.9722 1.5
      vertex 254.412 78.2774 0
      vertex 255.349 77.0706 1.5
    endloop
  endfacet
  facet normal 0.320645 -0.630777 -0.706617
    outer loop
      vertex 254.412 78.2774 0
      vertex 255.15 76.9722 1.5
      vertex 254.4 78.2713 0
    endloop
  endfacet
  facet normal -0.706375 0.0454823 -0.706375
    outer loop
      vertex 259.2 75.5 0
      vertex 259.174 75.0962 0
      vertex 257.7 75.5 1.5
    endloop
  endfacet
  facet normal -0.705704 0.0507701 -0.706685
    outer loop
      vertex 257.685 75.2781 1.5
      vertex 259.174 75.0962 0
      vertex 259.173 75.0823 0
    endloop
  endfacet
  facet normal -0.705996 0.0477239 -0.706606
    outer loop
      vertex 259.174 75.0962 0
      vertex 257.685 75.2781 1.5
      vertex 257.7 75.5 1.5
    endloop
  endfacet
  facet normal -0.466948 -0.532055 -0.706312
    outer loop
      vertex 257.948 78.0387 0
      vertex 258.252 77.7719 0
      vertex 257.035 76.8487 1.5
    endloop
  endfacet
  facet normal 0.227203 0.670488 -0.706275
    outer loop
      vertex 254.789 72.5391 0
      vertex 255.349 73.9294 1.5
      vertex 255.56 73.8579 1.5
    endloop
  endfacet
  facet normal 0.216744 0.674315 -0.705918
    outer loop
      vertex 255.349 73.9294 1.5
      vertex 254.789 72.5391 0
      vertex 254.775 72.5436 0
    endloop
  endfacet
  facet normal 0.694219 0.138179 -0.706376
    outer loop
      vertex 254.358 75.06 1.5
      vertex 252.909 74.6718 0
      vertex 252.83 75.0687 0
    endloop
  endfacet
  facet normal 0.466948 0.532055 -0.706312
    outer loop
      vertex 254.965 74.1513 1.5
      vertex 254.052 72.9613 0
      vertex 253.748 73.2281 0
    endloop
  endfacet
  facet normal 0.634012 -0.31478 -0.706358
    outer loop
      vertex 253.223 77.0875 0
      vertex 254.528 76.35 1.5
      vertex 254.429 76.1506 1.5
    endloop
  endfacet
  facet normal 0.638403 -0.306433 -0.706074
    outer loop
      vertex 254.528 76.35 1.5
      vertex 253.223 77.0875 0
      vertex 253.229 77.1 0
    endloop
  endfacet
  facet normal -0.216744 -0.674315 -0.705918
    outer loop
      vertex 256.651 77.0706 1.5
      vertex 257.211 78.4609 0
      vertex 257.225 78.4564 0
    endloop
  endfacet
  facet normal -0.227203 -0.670488 -0.706275
    outer loop
      vertex 257.211 78.4609 0
      vertex 256.651 77.0706 1.5
      vertex 256.44 77.1421 1.5
    endloop
  endfacet
  facet normal -0.143989 0.693282 -0.706135
    outer loop
      vertex 256.222 73.8145 1.5
      vertex 256.431 72.3301 0
      vertex 256.418 72.3274 0
    endloop
  endfacet
  facet normal -0.138218 0.694275 -0.706313
    outer loop
      vertex 256.431 72.3301 0
      vertex 256.222 73.8145 1.5
      vertex 256.44 73.8579 1.5
    endloop
  endfacet
  facet normal -0.634012 -0.31478 -0.706358
    outer loop
      vertex 257.472 76.35 1.5
      vertex 258.777 77.0875 0
      vertex 257.571 76.1506 1.5
    endloop
  endfacet
  facet normal -0.638403 -0.306433 -0.706074
    outer loop
      vertex 258.777 77.0875 0
      vertex 257.472 76.35 1.5
      vertex 258.771 77.1 0
    endloop
  endfacet
  facet normal -0.0461375 -0.70638 -0.706327
    outer loop
      vertex 256.404 78.6735 0
      vertex 256.222 77.1855 1.5
      vertex 256 77.2 1.5
    endloop
  endfacet
  facet normal -0.0454145 -0.706448 -0.706307
    outer loop
      vertex 256.222 77.1855 1.5
      vertex 256.404 78.6735 0
      vertex 256.418 78.6726 0
    endloop
  endfacet
  facet normal -0.137985 -0.694297 -0.706337
    outer loop
      vertex 256.828 78.591 0
      vertex 256.44 77.1421 1.5
      vertex 256.431 78.6699 0
    endloop
  endfacet
  facet normal 0.227681 -0.670269 -0.706329
    outer loop
      vertex 255.172 78.591 0
      vertex 255.56 77.1421 1.5
      vertex 254.789 78.4609 0
    endloop
  endfacet
  facet normal -0.313066 0.634878 -0.706342
    outer loop
      vertex 257.588 72.7226 0
      vertex 257.225 72.5436 0
      vertex 256.651 73.9294 1.5
    endloop
  endfacet
  facet normal 0.535347 0.463281 -0.706239
    outer loop
      vertex 253.728 73.2477 0
      vertex 254.798 74.2979 1.5
      vertex 253.737 73.2373 0
    endloop
  endfacet
  facet normal 0.531577 0.467355 -0.706403
    outer loop
      vertex 254.798 74.2979 1.5
      vertex 253.728 73.2477 0
      vertex 254.651 74.4651 1.5
    endloop
  endfacet
  facet normal -0.706375 -0.0454823 -0.706375
    outer loop
      vertex 259.174 75.9038 0
      vertex 259.2 75.5 0
      vertex 257.7 75.5 1.5
    endloop
  endfacet
  facet normal 0.69434 0.136894 -0.706507
    outer loop
      vertex 252.83 75.0687 0
      vertex 254.315 75.2781 1.5
      vertex 254.358 75.06 1.5
    endloop
  endfacet
  facet normal 0.691602 0.152559 -0.705983
    outer loop
      vertex 254.315 75.2781 1.5
      vertex 252.83 75.0687 0
      vertex 252.827 75.0823 0
    endloop
  endfacet
  facet normal 0.143989 -0.693282 -0.706135
    outer loop
      vertex 255.778 77.1855 1.5
      vertex 255.569 78.6699 0
      vertex 255.582 78.6726 0
    endloop
  endfacet
  facet normal 0.138218 -0.694275 -0.706313
    outer loop
      vertex 255.569 78.6699 0
      vertex 255.778 77.1855 1.5
      vertex 255.56 77.1421 1.5
    endloop
  endfacet
  facet normal 0.313066 0.634878 -0.706342
    outer loop
      vertex 255.349 73.9294 1.5
      vertex 254.775 72.5436 0
      vertex 254.412 72.7226 0
    endloop
  endfacet
  facet normal 0.531577 -0.467355 -0.706403
    outer loop
      vertex 253.728 77.7523 0
      vertex 254.798 76.7021 1.5
      vertex 254.651 76.5349 1.5
    endloop
  endfacet
  facet normal 0.535347 -0.463281 -0.706239
    outer loop
      vertex 254.798 76.7021 1.5
      vertex 253.728 77.7523 0
      vertex 253.737 77.7627 0
    endloop
  endfacet
  facet normal -0.670876 -0.226174 -0.706237
    outer loop
      vertex 257.571 76.1506 1.5
      vertex 258.961 76.7114 0
      vertex 257.642 75.94 1.5
    endloop
  endfacet
  facet normal -0.661583 -0.2506 -0.706758
    outer loop
      vertex 258.961 76.7114 0
      vertex 257.571 76.1506 1.5
      vertex 258.956 76.7246 0
    endloop
  endfacet
  facet normal -0.532096 0.466873 -0.706331
    outer loop
      vertex 258.539 73.552 0
      vertex 258.272 73.2477 0
      vertex 257.349 74.4651 1.5
    endloop
  endfacet
  facet normal -0.634998 -0.313212 -0.70617
    outer loop
      vertex 258.777 77.0875 0
      vertex 258.956 76.7246 0
      vertex 257.571 76.1506 1.5
    endloop
  endfacet
  facet normal 0.588387 0.39354 -0.706348
    outer loop
      vertex 254.651 74.4651 1.5
      vertex 253.461 73.552 0
      vertex 253.236 73.8884 0
    endloop
  endfacet
  facet normal -0.216744 0.674315 -0.705918
    outer loop
      vertex 257.211 72.5391 0
      vertex 256.651 73.9294 1.5
      vertex 257.225 72.5436 0
    endloop
  endfacet
  facet normal -0.227203 0.670488 -0.706275
    outer loop
      vertex 256.651 73.9294 1.5
      vertex 257.211 72.5391 0
      vertex 256.44 73.8579 1.5
    endloop
  endfacet
  facet normal 0.706375 -0.0454823 -0.706375
    outer loop
      vertex 252.826 75.9038 0
      vertex 254.3 75.5 1.5
      vertex 252.8 75.5 0
    endloop
  endfacet
  facet normal 0.466948 -0.532055 -0.706312
    outer loop
      vertex 254.052 78.0387 0
      vertex 254.965 76.8487 1.5
      vertex 253.748 77.7719 0
    endloop
  endfacet
  facet normal 0.638403 0.306433 -0.706074
    outer loop
      vertex 253.223 73.9125 0
      vertex 254.528 74.65 1.5
      vertex 253.229 73.9 0
    endloop
  endfacet
  facet normal 0.634012 0.31478 -0.706358
    outer loop
      vertex 254.528 74.65 1.5
      vertex 253.223 73.9125 0
      vertex 254.429 74.8494 1.5
    endloop
  endfacet
  facet normal -0.454518 -0.543446 -0.705748
    outer loop
      vertex 257.202 76.7021 1.5
      vertex 258.252 77.7719 0
      vertex 258.263 77.7627 0
    endloop
  endfacet
  facet normal -0.467006 -0.531992 -0.706321
    outer loop
      vertex 258.252 77.7719 0
      vertex 257.202 76.7021 1.5
      vertex 257.035 76.8487 1.5
    endloop
  endfacet
  facet normal 0.137985 -0.694297 -0.706337
    outer loop
      vertex 255.569 78.6699 0
      vertex 255.56 77.1421 1.5
      vertex 255.172 78.591 0
    endloop
  endfacet
  facet normal 0.634998 -0.313212 -0.70617
    outer loop
      vertex 253.223 77.0875 0
      vertex 254.429 76.1506 1.5
      vertex 253.044 76.7246 0
    endloop
  endfacet
  facet normal -0.705996 -0.0477239 -0.706606
    outer loop
      vertex 257.685 75.7219 1.5
      vertex 259.174 75.9038 0
      vertex 257.7 75.5 1.5
    endloop
  endfacet
  facet normal -0.705704 -0.0507701 -0.706685
    outer loop
      vertex 259.174 75.9038 0
      vertex 257.685 75.7219 1.5
      vertex 259.173 75.9177 0
    endloop
  endfacet
  facet normal -0.227681 -0.670269 -0.706329
    outer loop
      vertex 256.828 78.591 0
      vertex 257.211 78.4609 0
      vertex 256.44 77.1421 1.5
    endloop
  endfacet
  facet normal -0.313066 -0.634878 -0.706342
    outer loop
      vertex 257.225 78.4564 0
      vertex 257.588 78.2774 0
      vertex 256.651 77.0706 1.5
    endloop
  endfacet
  facet normal -0.691602 -0.152559 -0.705983
    outer loop
      vertex 257.685 75.7219 1.5
      vertex 259.17 75.9313 0
      vertex 259.173 75.9177 0
    endloop
  endfacet
  facet normal -0.69434 -0.136894 -0.706507
    outer loop
      vertex 259.17 75.9313 0
      vertex 257.685 75.7219 1.5
      vertex 257.642 75.94 1.5
    endloop
  endfacet
  facet normal -0.320645 -0.630777 -0.706617
    outer loop
      vertex 256.85 76.9722 1.5
      vertex 257.588 78.2774 0
      vertex 257.6 78.2713 0
    endloop
  endfacet
  facet normal -0.313725 -0.634465 -0.706421
    outer loop
      vertex 257.588 78.2774 0
      vertex 256.85 76.9722 1.5
      vertex 256.651 77.0706 1.5
    endloop
  endfacet
  facet normal 0.0454145 -0.706448 -0.706307
    outer loop
      vertex 255.596 78.6735 0
      vertex 255.778 77.1855 1.5
      vertex 255.582 78.6726 0
    endloop
  endfacet
  facet normal 0.0461375 -0.70638 -0.706327
    outer loop
      vertex 255.778 77.1855 1.5
      vertex 255.596 78.6735 0
      vertex 256 77.2 1.5
    endloop
  endfacet
  facet normal 0.670314 0.227403 -0.706376
    outer loop
      vertex 254.358 75.06 1.5
      vertex 253.039 74.2886 0
      vertex 252.909 74.6718 0
    endloop
  endfacet
  facet normal 0.694219 -0.138179 -0.706376
    outer loop
      vertex 252.909 76.3282 0
      vertex 254.358 75.94 1.5
      vertex 252.83 75.9313 0
    endloop
  endfacet
  facet normal -0.0454145 0.706448 -0.706307
    outer loop
      vertex 256.404 72.3265 0
      vertex 256.222 73.8145 1.5
      vertex 256.418 72.3274 0
    endloop
  endfacet
  facet normal -0.0461375 0.70638 -0.706327
    outer loop
      vertex 256.222 73.8145 1.5
      vertex 256.404 72.3265 0
      vertex 256 73.8 1.5
    endloop
  endfacet
  facet normal -0.670314 -0.227403 -0.706376
    outer loop
      vertex 258.961 76.7114 0
      vertex 259.091 76.3282 0
      vertex 257.642 75.94 1.5
    endloop
  endfacet
  facet normal -0.138218 -0.694275 -0.706313
    outer loop
      vertex 256.222 77.1855 1.5
      vertex 256.431 78.6699 0
      vertex 256.44 77.1421 1.5
    endloop
  endfacet
  facet normal -0.143989 -0.693282 -0.706135
    outer loop
      vertex 256.431 78.6699 0
      vertex 256.222 77.1855 1.5
      vertex 256.418 78.6726 0
    endloop
  endfacet
  facet normal 0.137985 0.694297 -0.706337
    outer loop
      vertex 255.56 73.8579 1.5
      vertex 255.569 72.3301 0
      vertex 255.172 72.409 0
    endloop
  endfacet
  facet normal 0.634998 0.313212 -0.70617
    outer loop
      vertex 254.429 74.8494 1.5
      vertex 253.223 73.9125 0
      vertex 253.044 74.2754 0
    endloop
  endfacet
  facet normal -0.137985 0.694297 -0.706337
    outer loop
      vertex 256.44 73.8579 1.5
      vertex 256.828 72.409 0
      vertex 256.431 72.3301 0
    endloop
  endfacet
  facet normal 0.532096 0.466873 -0.706331
    outer loop
      vertex 254.651 74.4651 1.5
      vertex 253.728 73.2477 0
      vertex 253.461 73.552 0
    endloop
  endfacet
  facet normal -0.634998 0.313212 -0.70617
    outer loop
      vertex 258.956 74.2754 0
      vertex 258.777 73.9125 0
      vertex 257.571 74.8494 1.5
    endloop
  endfacet
  facet normal 0.670876 -0.226174 -0.706237
    outer loop
      vertex 253.039 76.7114 0
      vertex 254.429 76.1506 1.5
      vertex 254.358 75.94 1.5
    endloop
  endfacet
  facet normal 0.661583 -0.2506 -0.706758
    outer loop
      vertex 254.429 76.1506 1.5
      vertex 253.039 76.7114 0
      vertex 253.044 76.7246 0
    endloop
  endfacet
  facet normal -0.531577 -0.467355 -0.706403
    outer loop
      vertex 257.202 76.7021 1.5
      vertex 258.272 77.7523 0
      vertex 257.349 76.5349 1.5
    endloop
  endfacet
  facet normal -0.535347 -0.463281 -0.706239
    outer loop
      vertex 258.272 77.7523 0
      vertex 257.202 76.7021 1.5
      vertex 258.263 77.7627 0
    endloop
  endfacet
  facet normal -0.532096 -0.466873 -0.706331
    outer loop
      vertex 258.272 77.7523 0
      vertex 258.539 77.448 0
      vertex 257.349 76.5349 1.5
    endloop
  endfacet
  facet normal -0.694219 -0.138179 -0.706376
    outer loop
      vertex 259.091 76.3282 0
      vertex 259.17 75.9313 0
      vertex 257.642 75.94 1.5
    endloop
  endfacet
  facet normal 0.532096 -0.466873 -0.706331
    outer loop
      vertex 253.728 77.7523 0
      vertex 254.651 76.5349 1.5
      vertex 253.461 77.448 0
    endloop
  endfacet
  facet normal 0.467006 -0.531992 -0.706321
    outer loop
      vertex 254.798 76.7021 1.5
      vertex 253.748 77.7719 0
      vertex 254.965 76.8487 1.5
    endloop
  endfacet
  facet normal 0.454518 -0.543446 -0.705748
    outer loop
      vertex 253.748 77.7719 0
      vertex 254.798 76.7021 1.5
      vertex 253.737 77.7627 0
    endloop
  endfacet
  facet normal 0.467006 0.531992 -0.706321
    outer loop
      vertex 253.748 73.2281 0
      vertex 254.798 74.2979 1.5
      vertex 254.965 74.1513 1.5
    endloop
  endfacet
  facet normal 0.454518 0.543446 -0.705748
    outer loop
      vertex 254.798 74.2979 1.5
      vertex 253.748 73.2281 0
      vertex 253.737 73.2373 0
    endloop
  endfacet
  facet normal 0.313066 -0.634878 -0.706342
    outer loop
      vertex 254.775 78.4564 0
      vertex 255.349 77.0706 1.5
      vertex 254.412 78.2774 0
    endloop
  endfacet
  facet normal 0.69434 -0.136894 -0.706507
    outer loop
      vertex 254.315 75.7219 1.5
      vertex 252.83 75.9313 0
      vertex 254.358 75.94 1.5
    endloop
  endfacet
  facet normal 0.691602 -0.152559 -0.705983
    outer loop
      vertex 252.83 75.9313 0
      vertex 254.315 75.7219 1.5
      vertex 252.827 75.9177 0
    endloop
  endfacet
  facet normal 0.227203 -0.670488 -0.706275
    outer loop
      vertex 255.349 77.0706 1.5
      vertex 254.789 78.4609 0
      vertex 255.56 77.1421 1.5
    endloop
  endfacet
  facet normal 0.216744 -0.674315 -0.705918
    outer loop
      vertex 254.789 78.4609 0
      vertex 255.349 77.0706 1.5
      vertex 254.775 78.4564 0
    endloop
  endfacet
  facet normal 0.705996 -0.0477239 -0.706606
    outer loop
      vertex 252.826 75.9038 0
      vertex 254.315 75.7219 1.5
      vertex 254.3 75.5 1.5
    endloop
  endfacet
  facet normal 0.705704 -0.0507701 -0.706685
    outer loop
      vertex 254.315 75.7219 1.5
      vertex 252.826 75.9038 0
      vertex 252.827 75.9177 0
    endloop
  endfacet
  facet normal 0.0463322 -0.706347 -0.706347
    outer loop
      vertex 256 78.7 0
      vertex 256 77.2 1.5
      vertex 255.596 78.6735 0
    endloop
  endfacet
  facet normal -0.0463322 -0.706347 -0.706347
    outer loop
      vertex 256.404 78.6735 0
      vertex 256 77.2 1.5
      vertex 256 78.7 0
    endloop
  endfacet
  facet normal -0.588387 -0.39354 -0.706348
    outer loop
      vertex 258.539 77.448 0
      vertex 258.764 77.1116 0
      vertex 257.349 76.5349 1.5
    endloop
  endfacet
  facet normal 0.705996 0.0477239 -0.706606
    outer loop
      vertex 254.315 75.2781 1.5
      vertex 252.826 75.0962 0
      vertex 254.3 75.5 1.5
    endloop
  endfacet
  facet normal 0.705704 0.0507701 -0.706685
    outer loop
      vertex 252.826 75.0962 0
      vertex 254.315 75.2781 1.5
      vertex 252.827 75.0823 0
    endloop
  endfacet
  facet normal 0.706375 0.0454823 -0.706375
    outer loop
      vertex 254.3 75.5 1.5
      vertex 252.826 75.0962 0
      vertex 252.8 75.5 0
    endloop
  endfacet
  facet normal 0.392973 -0.588665 -0.706432
    outer loop
      vertex 254.388 78.2636 0
      vertex 255.15 76.9722 1.5
      vertex 254.965 76.8487 1.5
    endloop
  endfacet
  facet normal 0.382075 -0.595442 -0.70673
    outer loop
      vertex 255.15 76.9722 1.5
      vertex 254.388 78.2636 0
      vertex 254.4 78.2713 0
    endloop
  endfacet
  facet normal 0.143989 0.693282 -0.706135
    outer loop
      vertex 255.569 72.3301 0
      vertex 255.778 73.8145 1.5
      vertex 255.582 72.3274 0
    endloop
  endfacet
  facet normal 0.138218 0.694275 -0.706313
    outer loop
      vertex 255.778 73.8145 1.5
      vertex 255.569 72.3301 0
      vertex 255.56 73.8579 1.5
    endloop
  endfacet
  facet normal 0.661583 0.2506 -0.706758
    outer loop
      vertex 253.039 74.2886 0
      vertex 254.429 74.8494 1.5
      vertex 253.044 74.2754 0
    endloop
  endfacet
  facet normal 0.670876 0.226174 -0.706237
    outer loop
      vertex 254.429 74.8494 1.5
      vertex 253.039 74.2886 0
      vertex 254.358 75.06 1.5
    endloop
  endfacet
  facet normal 0.0461375 0.70638 -0.706327
    outer loop
      vertex 255.596 72.3265 0
      vertex 255.778 73.8145 1.5
      vertex 256 73.8 1.5
    endloop
  endfacet
  facet normal 0.0454145 0.706448 -0.706307
    outer loop
      vertex 255.778 73.8145 1.5
      vertex 255.596 72.3265 0
      vertex 255.582 72.3274 0
    endloop
  endfacet
  facet normal -0.670314 0.227403 -0.706376
    outer loop
      vertex 259.091 74.6718 0
      vertex 258.961 74.2886 0
      vertex 257.642 75.06 1.5
    endloop
  endfacet
  facet normal 0.589221 0.391964 -0.706529
    outer loop
      vertex 253.236 73.8884 0
      vertex 254.528 74.65 1.5
      vertex 254.651 74.4651 1.5
    endloop
  endfacet
  facet normal 0.605479 0.365375 -0.707033
    outer loop
      vertex 254.528 74.65 1.5
      vertex 253.236 73.8884 0
      vertex 253.229 73.9 0
    endloop
  endfacet
  facet normal 0.227681 0.670269 -0.706329
    outer loop
      vertex 255.56 73.8579 1.5
      vertex 255.172 72.409 0
      vertex 254.789 72.5391 0
    endloop
  endfacet
  facet normal 0.670314 -0.227403 -0.706376
    outer loop
      vertex 253.039 76.7114 0
      vertex 254.358 75.94 1.5
      vertex 252.909 76.3282 0
    endloop
  endfacet
  facet normal -0.694219 0.138179 -0.706376
    outer loop
      vertex 259.17 75.0687 0
      vertex 259.091 74.6718 0
      vertex 257.642 75.06 1.5
    endloop
  endfacet
  facet normal 0.313725 0.634465 -0.706421
    outer loop
      vertex 254.412 72.7226 0
      vertex 255.15 74.0278 1.5
      vertex 255.349 73.9294 1.5
    endloop
  endfacet
  facet normal 0.320645 0.630777 -0.706617
    outer loop
      vertex 255.15 74.0278 1.5
      vertex 254.412 72.7226 0
      vertex 254.4 72.7287 0
    endloop
  endfacet
  facet normal -0.605479 -0.365375 -0.707033
    outer loop
      vertex 257.472 76.35 1.5
      vertex 258.764 77.1116 0
      vertex 258.771 77.1 0
    endloop
  endfacet
  facet normal -0.589221 -0.391964 -0.706529
    outer loop
      vertex 258.764 77.1116 0
      vertex 257.472 76.35 1.5
      vertex 257.349 76.5349 1.5
    endloop
  endfacet
  facet normal -0.0463322 0.706347 -0.706347
    outer loop
      vertex 256.404 72.3265 0
      vertex 256 72.3 0
      vertex 256 73.8 1.5
    endloop
  endfacet
  facet normal 0.0463322 0.706347 -0.706347
    outer loop
      vertex 256 73.8 1.5
      vertex 256 72.3 0
      vertex 255.596 72.3265 0
    endloop
  endfacet
  facet normal -0.588387 0.39354 -0.706348
    outer loop
      vertex 258.764 73.8884 0
      vertex 258.539 73.552 0
      vertex 257.349 74.4651 1.5
    endloop
  endfacet
  facet normal -0.393746 -0.588255 -0.706343
    outer loop
      vertex 257.612 78.2636 0
      vertex 257.948 78.0387 0
      vertex 257.035 76.8487 1.5
    endloop
  endfacet
  facet normal -0.466948 0.532055 -0.706312
    outer loop
      vertex 258.252 73.2281 0
      vertex 257.948 72.9613 0
      vertex 257.035 74.1513 1.5
    endloop
  endfacet
  facet normal -0.393746 0.588255 -0.706343
    outer loop
      vertex 257.948 72.9613 0
      vertex 257.612 72.7364 0
      vertex 257.035 74.1513 1.5
    endloop
  endfacet
  facet normal 0.589221 -0.391964 -0.706529
    outer loop
      vertex 254.528 76.35 1.5
      vertex 253.236 77.1116 0
      vertex 254.651 76.5349 1.5
    endloop
  endfacet
  facet normal 0.605479 -0.365375 -0.707033
    outer loop
      vertex 253.236 77.1116 0
      vertex 254.528 76.35 1.5
      vertex 253.229 77.1 0
    endloop
  endfacet
  facet normal 0.382075 0.595442 -0.70673
    outer loop
      vertex 254.388 72.7364 0
      vertex 255.15 74.0278 1.5
      vertex 254.4 72.7287 0
    endloop
  endfacet
  facet normal 0.392973 0.588665 -0.706432
    outer loop
      vertex 255.15 74.0278 1.5
      vertex 254.388 72.7364 0
      vertex 254.965 74.1513 1.5
    endloop
  endfacet
  facet normal 0.588387 -0.39354 -0.706348
    outer loop
      vertex 253.461 77.448 0
      vertex 254.651 76.5349 1.5
      vertex 253.236 77.1116 0
    endloop
  endfacet
  facet normal -0.227681 0.670269 -0.706329
    outer loop
      vertex 257.211 72.5391 0
      vertex 256.828 72.409 0
      vertex 256.44 73.8579 1.5
    endloop
  endfacet
  facet normal -0.382075 0.595442 -0.70673
    outer loop
      vertex 256.85 74.0278 1.5
      vertex 257.612 72.7364 0
      vertex 257.6 72.7287 0
    endloop
  endfacet
  facet normal -0.392973 0.588665 -0.706432
    outer loop
      vertex 257.612 72.7364 0
      vertex 256.85 74.0278 1.5
      vertex 257.035 74.1513 1.5
    endloop
  endfacet
  facet normal 0.393746 0.588255 -0.706343
    outer loop
      vertex 254.965 74.1513 1.5
      vertex 254.388 72.7364 0
      vertex 254.052 72.9613 0
    endloop
  endfacet
  facet normal -0.638403 0.306433 -0.706074
    outer loop
      vertex 257.472 74.65 1.5
      vertex 258.777 73.9125 0
      vertex 258.771 73.9 0
    endloop
  endfacet
  facet normal -0.634012 0.31478 -0.706358
    outer loop
      vertex 258.777 73.9125 0
      vertex 257.472 74.65 1.5
      vertex 257.571 74.8494 1.5
    endloop
  endfacet
  facet normal -0.392973 -0.588665 -0.706432
    outer loop
      vertex 256.85 76.9722 1.5
      vertex 257.612 78.2636 0
      vertex 257.035 76.8487 1.5
    endloop
  endfacet
  facet normal -0.382075 -0.595442 -0.70673
    outer loop
      vertex 257.612 78.2636 0
      vertex 256.85 76.9722 1.5
      vertex 257.6 78.2713 0
    endloop
  endfacet
  facet normal -0.605479 0.365375 -0.707033
    outer loop
      vertex 258.764 73.8884 0
      vertex 257.472 74.65 1.5
      vertex 258.771 73.9 0
    endloop
  endfacet
  facet normal -0.589221 0.391964 -0.706529
    outer loop
      vertex 257.472 74.65 1.5
      vertex 258.764 73.8884 0
      vertex 257.349 74.4651 1.5
    endloop
  endfacet
  facet normal -0.691602 0.152559 -0.705983
    outer loop
      vertex 259.17 75.0687 0
      vertex 257.685 75.2781 1.5
      vertex 259.173 75.0823 0
    endloop
  endfacet
  facet normal -0.69434 0.136894 -0.706507
    outer loop
      vertex 257.685 75.2781 1.5
      vertex 259.17 75.0687 0
      vertex 257.642 75.06 1.5
    endloop
  endfacet
  facet normal -0.454518 0.543446 -0.705748
    outer loop
      vertex 258.252 73.2281 0
      vertex 257.202 74.2979 1.5
      vertex 258.263 73.2373 0
    endloop
  endfacet
  facet normal -0.467006 0.531992 -0.706321
    outer loop
      vertex 257.202 74.2979 1.5
      vertex 258.252 73.2281 0
      vertex 257.035 74.1513 1.5
    endloop
  endfacet
  facet normal -0.535347 0.463281 -0.706239
    outer loop
      vertex 257.202 74.2979 1.5
      vertex 258.272 73.2477 0
      vertex 258.263 73.2373 0
    endloop
  endfacet
  facet normal -0.531577 0.467355 -0.706403
    outer loop
      vertex 258.272 73.2477 0
      vertex 257.202 74.2979 1.5
      vertex 257.349 74.4651 1.5
    endloop
  endfacet
  facet normal -0.320645 0.630777 -0.706617
    outer loop
      vertex 257.588 72.7226 0
      vertex 256.85 74.0278 1.5
      vertex 257.6 72.7287 0
    endloop
  endfacet
  facet normal -0.313725 0.634465 -0.706421
    outer loop
      vertex 256.85 74.0278 1.5
      vertex 257.588 72.7226 0
      vertex 256.651 73.9294 1.5
    endloop
  endfacet
  facet normal -0.661583 0.2506 -0.706758
    outer loop
      vertex 257.571 74.8494 1.5
      vertex 258.961 74.2886 0
      vertex 258.956 74.2754 0
    endloop
  endfacet
  facet normal -0.670876 0.226174 -0.706237
    outer loop
      vertex 258.961 74.2886 0
      vertex 257.571 74.8494 1.5
      vertex 257.642 75.06 1.5
    endloop
  endfacet
  facet normal -0.981113 0.193434 0
    outer loop
      vertex 257.642 6.56001 1.5
      vertex 257.685 6.77811 3
      vertex 257.685 6.77811 1.5
    endloop
  endfacet
  facet normal -0.981113 0.193434 0
    outer loop
      vertex 257.685 6.77811 3
      vertex 257.642 6.56001 1.5
      vertex 257.642 6.56001 3
    endloop
  endfacet
  facet normal -0.997723 0.0674471 0
    outer loop
      vertex 257.685 6.77811 1.5
      vertex 257.7 7 3
      vertex 257.7 7 1.5
    endloop
  endfacet
  facet normal -0.997723 0.0674471 0
    outer loop
      vertex 257.7 7 3
      vertex 257.685 6.77811 1.5
      vertex 257.685 6.77811 3
    endloop
  endfacet
  facet normal -0.0653555 -0.997862 0
    outer loop
      vertex 256 8.7 1.5
      vertex 256.222 8.68546 3
      vertex 256 8.7 3
    endloop
  endfacet
  facet normal -0.0653555 -0.997862 -0
    outer loop
      vertex 256.222 8.68546 3
      vertex 256 8.7 1.5
      vertex 256.222 8.68546 1.5
    endloop
  endfacet
  facet normal 0.659765 0.751472 -0
    outer loop
      vertex 254.965 5.6513 1.5
      vertex 254.798 5.79792 3
      vertex 254.965 5.6513 3
    endloop
  endfacet
  facet normal 0.659765 0.751472 0
    outer loop
      vertex 254.798 5.79792 3
      vertex 254.965 5.6513 1.5
      vertex 254.798 5.79792 1.5
    endloop
  endfacet
  facet normal 0.83259 -0.553889 0
    outer loop
      vertex 254.528 7.85 3
      vertex 254.651 8.03489 1.5
      vertex 254.651 8.03489 3
    endloop
  endfacet
  facet normal 0.83259 -0.553889 0
    outer loop
      vertex 254.651 8.03489 1.5
      vertex 254.528 7.85 3
      vertex 254.528 7.85 1.5
    endloop
  endfacet
  facet normal 0.195208 -0.980762 0
    outer loop
      vertex 255.56 8.64207 1.5
      vertex 255.778 8.68546 3
      vertex 255.56 8.64207 3
    endloop
  endfacet
  facet normal 0.195208 -0.980762 0
    outer loop
      vertex 255.778 8.68546 3
      vertex 255.56 8.64207 1.5
      vertex 255.778 8.68546 1.5
    endloop
  endfacet
  facet normal -0.659765 0.751472 0
    outer loop
      vertex 257.202 5.79792 1.5
      vertex 257.035 5.6513 3
      vertex 257.202 5.79792 3
    endloop
  endfacet
  facet normal -0.659765 0.751472 0
    outer loop
      vertex 257.035 5.6513 3
      vertex 257.202 5.79792 1.5
      vertex 257.035 5.6513 1.5
    endloop
  endfacet
  facet normal -0.947584 -0.319506 0
    outer loop
      vertex 257.642 7.43999 1.5
      vertex 257.571 7.65056 3
      vertex 257.571 7.65056 1.5
    endloop
  endfacet
  facet normal -0.947584 -0.319506 0
    outer loop
      vertex 257.571 7.65056 3
      vertex 257.642 7.43999 1.5
      vertex 257.642 7.43999 3
    endloop
  endfacet
  facet normal -0.750997 -0.660306 0
    outer loop
      vertex 257.349 8.03489 1.5
      vertex 257.202 8.20208 3
      vertex 257.202 8.20208 1.5
    endloop
  endfacet
  facet normal -0.750997 -0.660306 0
    outer loop
      vertex 257.202 8.20208 3
      vertex 257.349 8.03489 1.5
      vertex 257.349 8.03489 3
    endloop
  endfacet
  facet normal -0.750997 0.660306 0
    outer loop
      vertex 257.202 5.79792 1.5
      vertex 257.349 5.96511 3
      vertex 257.349 5.96511 1.5
    endloop
  endfacet
  facet normal -0.750997 0.660306 0
    outer loop
      vertex 257.349 5.96511 3
      vertex 257.202 5.79792 1.5
      vertex 257.202 5.79792 3
    endloop
  endfacet
  facet normal 0.947584 -0.319506 0
    outer loop
      vertex 254.358 7.43999 3
      vertex 254.429 7.65056 1.5
      vertex 254.429 7.65056 3
    endloop
  endfacet
  facet normal 0.947584 -0.319506 0
    outer loop
      vertex 254.429 7.65056 1.5
      vertex 254.358 7.43999 3
      vertex 254.358 7.43999 1.5
    endloop
  endfacet
  facet normal -0.320856 -0.947128 0
    outer loop
      vertex 256.44 8.64207 1.5
      vertex 256.651 8.57059 3
      vertex 256.44 8.64207 3
    endloop
  endfacet
  facet normal -0.320856 -0.947128 -0
    outer loop
      vertex 256.651 8.57059 3
      vertex 256.44 8.64207 1.5
      vertex 256.651 8.57059 1.5
    endloop
  endfacet
  facet normal 0.0653555 -0.997862 0
    outer loop
      vertex 255.778 8.68546 1.5
      vertex 256 8.7 3
      vertex 255.778 8.68546 3
    endloop
  endfacet
  facet normal 0.0653555 -0.997862 0
    outer loop
      vertex 256 8.7 3
      vertex 255.778 8.68546 1.5
      vertex 256 8.7 1.5
    endloop
  endfacet
  facet normal 0.320856 0.947128 -0
    outer loop
      vertex 255.56 5.35793 1.5
      vertex 255.349 5.42941 3
      vertex 255.56 5.35793 3
    endloop
  endfacet
  facet normal 0.320856 0.947128 0
    outer loop
      vertex 255.349 5.42941 3
      vertex 255.56 5.35793 1.5
      vertex 255.349 5.42941 1.5
    endloop
  endfacet
  facet normal -0.947584 0.319506 0
    outer loop
      vertex 257.571 6.34944 1.5
      vertex 257.642 6.56001 3
      vertex 257.642 6.56001 1.5
    endloop
  endfacet
  facet normal -0.947584 0.319506 0
    outer loop
      vertex 257.642 6.56001 3
      vertex 257.571 6.34944 1.5
      vertex 257.571 6.34944 3
    endloop
  endfacet
  facet normal 0.750997 0.660306 0
    outer loop
      vertex 254.798 5.79792 3
      vertex 254.651 5.96511 1.5
      vertex 254.651 5.96511 3
    endloop
  endfacet
  facet normal 0.750997 0.660306 0
    outer loop
      vertex 254.651 5.96511 1.5
      vertex 254.798 5.79792 3
      vertex 254.798 5.79792 1.5
    endloop
  endfacet
  facet normal 0.443064 -0.89649 0
    outer loop
      vertex 255.15 8.47224 1.5
      vertex 255.349 8.57059 3
      vertex 255.15 8.47224 3
    endloop
  endfacet
  facet normal 0.443064 -0.89649 0
    outer loop
      vertex 255.349 8.57059 3
      vertex 255.15 8.47224 1.5
      vertex 255.349 8.57059 1.5
    endloop
  endfacet
  facet normal 0.0653555 0.997862 -0
    outer loop
      vertex 256 5.3 1.5
      vertex 255.778 5.31454 3
      vertex 256 5.3 3
    endloop
  endfacet
  facet normal 0.0653555 0.997862 0
    outer loop
      vertex 255.778 5.31454 3
      vertex 256 5.3 1.5
      vertex 255.778 5.31454 1.5
    endloop
  endfacet
  facet normal -0.895717 -0.444625 0
    outer loop
      vertex 257.571 7.65056 1.5
      vertex 257.472 7.85 3
      vertex 257.472 7.85 1.5
    endloop
  endfacet
  facet normal -0.895717 -0.444625 0
    outer loop
      vertex 257.472 7.85 3
      vertex 257.571 7.65056 1.5
      vertex 257.571 7.65056 3
    endloop
  endfacet
  facet normal -0.555343 -0.831621 0
    outer loop
      vertex 256.85 8.47224 1.5
      vertex 257.035 8.3487 3
      vertex 256.85 8.47224 3
    endloop
  endfacet
  facet normal -0.555343 -0.831621 -0
    outer loop
      vertex 257.035 8.3487 3
      vertex 256.85 8.47224 1.5
      vertex 257.035 8.3487 1.5
    endloop
  endfacet
  facet normal 0.981113 -0.193434 0
    outer loop
      vertex 254.315 7.22189 3
      vertex 254.358 7.43999 1.5
      vertex 254.358 7.43999 3
    endloop
  endfacet
  facet normal 0.981113 -0.193434 0
    outer loop
      vertex 254.358 7.43999 1.5
      vertex 254.315 7.22189 3
      vertex 254.315 7.22189 1.5
    endloop
  endfacet
  facet normal -0.195208 0.980762 0
    outer loop
      vertex 256.44 5.35793 1.5
      vertex 256.222 5.31454 3
      vertex 256.44 5.35793 3
    endloop
  endfacet
  facet normal -0.195208 0.980762 0
    outer loop
      vertex 256.222 5.31454 3
      vertex 256.44 5.35793 1.5
      vertex 256.222 5.31454 1.5
    endloop
  endfacet
  facet normal -0.83259 0.553889 0
    outer loop
      vertex 257.349 5.96511 1.5
      vertex 257.472 6.15 3
      vertex 257.472 6.15 1.5
    endloop
  endfacet
  facet normal -0.83259 0.553889 0
    outer loop
      vertex 257.472 6.15 3
      vertex 257.349 5.96511 1.5
      vertex 257.349 5.96511 3
    endloop
  endfacet
  facet normal -0.997723 -0.0674471 0
    outer loop
      vertex 257.7 7 1.5
      vertex 257.685 7.22189 3
      vertex 257.685 7.22189 1.5
    endloop
  endfacet
  facet normal -0.997723 -0.0674471 0
    outer loop
      vertex 257.685 7.22189 3
      vertex 257.7 7 1.5
      vertex 257.7 7 3
    endloop
  endfacet
  facet normal -0.320856 0.947128 0
    outer loop
      vertex 256.651 5.42941 1.5
      vertex 256.44 5.35793 3
      vertex 256.651 5.42941 3
    endloop
  endfacet
  facet normal -0.320856 0.947128 0
    outer loop
      vertex 256.44 5.35793 3
      vertex 256.651 5.42941 1.5
      vertex 256.44 5.35793 1.5
    endloop
  endfacet
  facet normal -0.555343 0.831621 0
    outer loop
      vertex 257.035 5.6513 1.5
      vertex 256.85 5.52776 3
      vertex 257.035 5.6513 3
    endloop
  endfacet
  facet normal -0.555343 0.831621 0
    outer loop
      vertex 256.85 5.52776 3
      vertex 257.035 5.6513 1.5
      vertex 256.85 5.52776 1.5
    endloop
  endfacet
  facet normal 0.195208 0.980762 -0
    outer loop
      vertex 255.778 5.31454 1.5
      vertex 255.56 5.35793 3
      vertex 255.778 5.31454 3
    endloop
  endfacet
  facet normal 0.195208 0.980762 0
    outer loop
      vertex 255.56 5.35793 3
      vertex 255.778 5.31454 1.5
      vertex 255.56 5.35793 1.5
    endloop
  endfacet
  facet normal -0.659765 -0.751472 0
    outer loop
      vertex 257.035 8.3487 1.5
      vertex 257.202 8.20208 3
      vertex 257.035 8.3487 3
    endloop
  endfacet
  facet normal -0.659765 -0.751472 -0
    outer loop
      vertex 257.202 8.20208 3
      vertex 257.035 8.3487 1.5
      vertex 257.202 8.20208 1.5
    endloop
  endfacet
  facet normal 0.895717 0.444625 0
    outer loop
      vertex 254.528 6.15 3
      vertex 254.429 6.34944 1.5
      vertex 254.429 6.34944 3
    endloop
  endfacet
  facet normal 0.895717 0.444625 0
    outer loop
      vertex 254.429 6.34944 1.5
      vertex 254.528 6.15 3
      vertex 254.528 6.15 1.5
    endloop
  endfacet
  facet normal -0.981113 -0.193434 0
    outer loop
      vertex 257.685 7.22189 1.5
      vertex 257.642 7.43999 3
      vertex 257.642 7.43999 1.5
    endloop
  endfacet
  facet normal -0.981113 -0.193434 0
    outer loop
      vertex 257.642 7.43999 3
      vertex 257.685 7.22189 1.5
      vertex 257.685 7.22189 3
    endloop
  endfacet
  facet normal -0.195208 -0.980762 0
    outer loop
      vertex 256.222 8.68546 1.5
      vertex 256.44 8.64207 3
      vertex 256.222 8.68546 3
    endloop
  endfacet
  facet normal -0.195208 -0.980762 -0
    outer loop
      vertex 256.44 8.64207 3
      vertex 256.222 8.68546 1.5
      vertex 256.44 8.64207 1.5
    endloop
  endfacet
  facet normal 0.659765 -0.751472 0
    outer loop
      vertex 254.798 8.20208 1.5
      vertex 254.965 8.3487 3
      vertex 254.798 8.20208 3
    endloop
  endfacet
  facet normal 0.659765 -0.751472 0
    outer loop
      vertex 254.965 8.3487 3
      vertex 254.798 8.20208 1.5
      vertex 254.965 8.3487 1.5
    endloop
  endfacet
  facet normal 0.750997 -0.660306 0
    outer loop
      vertex 254.651 8.03489 3
      vertex 254.798 8.20208 1.5
      vertex 254.798 8.20208 3
    endloop
  endfacet
  facet normal 0.750997 -0.660306 0
    outer loop
      vertex 254.798 8.20208 1.5
      vertex 254.651 8.03489 3
      vertex 254.651 8.03489 1.5
    endloop
  endfacet
  facet normal -0.0653555 0.997862 0
    outer loop
      vertex 256.222 5.31454 1.5
      vertex 256 5.3 3
      vertex 256.222 5.31454 3
    endloop
  endfacet
  facet normal -0.0653555 0.997862 0
    outer loop
      vertex 256 5.3 3
      vertex 256.222 5.31454 1.5
      vertex 256 5.3 1.5
    endloop
  endfacet
  facet normal -0.443064 0.89649 0
    outer loop
      vertex 256.85 5.52776 1.5
      vertex 256.651 5.42941 3
      vertex 256.85 5.52776 3
    endloop
  endfacet
  facet normal -0.443064 0.89649 0
    outer loop
      vertex 256.651 5.42941 3
      vertex 256.85 5.52776 1.5
      vertex 256.651 5.42941 1.5
    endloop
  endfacet
  facet normal -0.83259 -0.553889 0
    outer loop
      vertex 257.472 7.85 1.5
      vertex 257.349 8.03489 3
      vertex 257.349 8.03489 1.5
    endloop
  endfacet
  facet normal -0.83259 -0.553889 0
    outer loop
      vertex 257.349 8.03489 3
      vertex 257.472 7.85 1.5
      vertex 257.472 7.85 3
    endloop
  endfacet
  facet normal 0.997723 -0.0674471 0
    outer loop
      vertex 254.3 7 3
      vertex 254.315 7.22189 1.5
      vertex 254.315 7.22189 3
    endloop
  endfacet
  facet normal 0.997723 -0.0674471 0
    outer loop
      vertex 254.315 7.22189 1.5
      vertex 254.3 7 3
      vertex 254.3 7 1.5
    endloop
  endfacet
  facet normal -0.443064 -0.89649 0
    outer loop
      vertex 256.651 8.57059 1.5
      vertex 256.85 8.47224 3
      vertex 256.651 8.57059 3
    endloop
  endfacet
  facet normal -0.443064 -0.89649 -0
    outer loop
      vertex 256.85 8.47224 3
      vertex 256.651 8.57059 1.5
      vertex 256.85 8.47224 1.5
    endloop
  endfacet
  facet normal 0.981113 0.193434 0
    outer loop
      vertex 254.358 6.56001 3
      vertex 254.315 6.77811 1.5
      vertex 254.315 6.77811 3
    endloop
  endfacet
  facet normal 0.981113 0.193434 0
    outer loop
      vertex 254.315 6.77811 1.5
      vertex 254.358 6.56001 3
      vertex 254.358 6.56001 1.5
    endloop
  endfacet
  facet normal 0.895717 -0.444625 0
    outer loop
      vertex 254.429 7.65056 3
      vertex 254.528 7.85 1.5
      vertex 254.528 7.85 3
    endloop
  endfacet
  facet normal 0.895717 -0.444625 0
    outer loop
      vertex 254.528 7.85 1.5
      vertex 254.429 7.65056 3
      vertex 254.429 7.65056 1.5
    endloop
  endfacet
  facet normal 0.947584 0.319506 0
    outer loop
      vertex 254.429 6.34944 3
      vertex 254.358 6.56001 1.5
      vertex 254.358 6.56001 3
    endloop
  endfacet
  facet normal 0.947584 0.319506 0
    outer loop
      vertex 254.358 6.56001 1.5
      vertex 254.429 6.34944 3
      vertex 254.429 6.34944 1.5
    endloop
  endfacet
  facet normal 0.555343 0.831621 -0
    outer loop
      vertex 255.15 5.52776 1.5
      vertex 254.965 5.6513 3
      vertex 255.15 5.52776 3
    endloop
  endfacet
  facet normal 0.555343 0.831621 0
    outer loop
      vertex 254.965 5.6513 3
      vertex 255.15 5.52776 1.5
      vertex 254.965 5.6513 1.5
    endloop
  endfacet
  facet normal -0.895717 0.444625 0
    outer loop
      vertex 257.472 6.15 1.5
      vertex 257.571 6.34944 3
      vertex 257.571 6.34944 1.5
    endloop
  endfacet
  facet normal -0.895717 0.444625 0
    outer loop
      vertex 257.571 6.34944 3
      vertex 257.472 6.15 1.5
      vertex 257.472 6.15 3
    endloop
  endfacet
  facet normal 0.997723 0.0674471 0
    outer loop
      vertex 254.315 6.77811 3
      vertex 254.3 7 1.5
      vertex 254.3 7 3
    endloop
  endfacet
  facet normal 0.997723 0.0674471 0
    outer loop
      vertex 254.3 7 1.5
      vertex 254.315 6.77811 3
      vertex 254.315 6.77811 1.5
    endloop
  endfacet
  facet normal 0.320856 -0.947128 0
    outer loop
      vertex 255.349 8.57059 1.5
      vertex 255.56 8.64207 3
      vertex 255.349 8.57059 3
    endloop
  endfacet
  facet normal 0.320856 -0.947128 0
    outer loop
      vertex 255.56 8.64207 3
      vertex 255.349 8.57059 1.5
      vertex 255.56 8.64207 1.5
    endloop
  endfacet
  facet normal 0.443064 0.89649 -0
    outer loop
      vertex 255.349 5.42941 1.5
      vertex 255.15 5.52776 3
      vertex 255.349 5.42941 3
    endloop
  endfacet
  facet normal 0.443064 0.89649 0
    outer loop
      vertex 255.15 5.52776 3
      vertex 255.349 5.42941 1.5
      vertex 255.15 5.52776 1.5
    endloop
  endfacet
  facet normal 0.83259 0.553889 0
    outer loop
      vertex 254.651 5.96511 3
      vertex 254.528 6.15 1.5
      vertex 254.528 6.15 3
    endloop
  endfacet
  facet normal 0.83259 0.553889 0
    outer loop
      vertex 254.528 6.15 1.5
      vertex 254.651 5.96511 3
      vertex 254.651 5.96511 1.5
    endloop
  endfacet
  facet normal 0.555343 -0.831621 0
    outer loop
      vertex 254.965 8.3487 1.5
      vertex 255.15 8.47224 3
      vertex 254.965 8.3487 3
    endloop
  endfacet
  facet normal 0.555343 -0.831621 0
    outer loop
      vertex 255.15 8.47224 3
      vertex 254.965 8.3487 1.5
      vertex 255.15 8.47224 1.5
    endloop
  endfacet
  facet normal 0.39366 -0.58831 -0.706345
    outer loop
      vertex 254.388 9.76356 0
      vertex 254.965 8.3487 1.5
      vertex 254.052 9.53873 0
    endloop
  endfacet
  facet normal 0.3136 -0.634533 -0.706415
    outer loop
      vertex 255.15 8.47224 1.5
      vertex 254.412 9.77743 0
      vertex 255.349 8.57059 1.5
    endloop
  endfacet
  facet normal 0.322706 -0.629671 -0.706665
    outer loop
      vertex 254.412 9.77743 0
      vertex 255.15 8.47224 1.5
      vertex 254.4 9.77128 0
    endloop
  endfacet
  facet normal -0.706375 0.0454812 -0.706375
    outer loop
      vertex 259.2 7 0
      vertex 259.174 6.59619 0
      vertex 257.7 7 1.5
    endloop
  endfacet
  facet normal -0.705693 0.0508791 -0.706689
    outer loop
      vertex 257.685 6.77811 1.5
      vertex 259.174 6.59619 0
      vertex 259.173 6.58232 0
    endloop
  endfacet
  facet normal -0.705995 0.047726 -0.706606
    outer loop
      vertex 259.174 6.59619 0
      vertex 257.685 6.77811 1.5
      vertex 257.7 7 1.5
    endloop
  endfacet
  facet normal -0.466965 -0.532034 -0.706317
    outer loop
      vertex 257.948 9.53873 0
      vertex 258.252 9.27191 0
      vertex 257.035 8.3487 1.5
    endloop
  endfacet
  facet normal 0.227147 0.670511 -0.706271
    outer loop
      vertex 254.789 4.03912 0
      vertex 255.349 5.42941 1.5
      vertex 255.56 5.35793 1.5
    endloop
  endfacet
  facet normal 0.215449 0.674785 -0.705866
    outer loop
      vertex 255.349 5.42941 1.5
      vertex 254.789 4.03912 0
      vertex 254.775 4.04359 0
    endloop
  endfacet
  facet normal 0.694218 0.138175 -0.706377
    outer loop
      vertex 254.358 6.56001 1.5
      vertex 252.909 6.17178 0
      vertex 252.83 6.56869 0
    endloop
  endfacet
  facet normal 0.466965 0.532034 -0.706317
    outer loop
      vertex 254.965 5.6513 1.5
      vertex 254.052 4.46127 0
      vertex 253.748 4.72809 0
    endloop
  endfacet
  facet normal 0.634036 -0.314729 -0.70636
    outer loop
      vertex 253.223 8.58753 0
      vertex 254.528 7.85 1.5
      vertex 254.429 7.65056 1.5
    endloop
  endfacet
  facet normal 0.638093 -0.307021 -0.706099
    outer loop
      vertex 254.528 7.85 1.5
      vertex 253.223 8.58753 0
      vertex 253.229 8.6 0
    endloop
  endfacet
  facet normal -0.215017 -0.674941 -0.705849
    outer loop
      vertex 256.651 8.57059 1.5
      vertex 257.211 9.96088 0
      vertex 257.225 9.95642 0
    endloop
  endfacet
  facet normal -0.227147 -0.670511 -0.706271
    outer loop
      vertex 257.211 9.96088 0
      vertex 256.651 8.57059 1.5
      vertex 256.44 8.64207 1.5
    endloop
  endfacet
  facet normal -0.144502 0.693181 -0.706129
    outer loop
      vertex 256.222 5.31454 1.5
      vertex 256.431 3.83009 0
      vertex 256.418 3.82738 0
    endloop
  endfacet
  facet normal -0.138185 0.694269 -0.706325
    outer loop
      vertex 256.431 3.83009 0
      vertex 256.222 5.31454 1.5
      vertex 256.44 5.35793 1.5
    endloop
  endfacet
  facet normal -0.634036 -0.314729 -0.70636
    outer loop
      vertex 257.472 7.85 1.5
      vertex 258.777 8.58753 0
      vertex 257.571 7.65056 1.5
    endloop
  endfacet
  facet normal -0.638093 -0.307021 -0.706099
    outer loop
      vertex 258.777 8.58753 0
      vertex 257.472 7.85 1.5
      vertex 258.771 8.6 0
    endloop
  endfacet
  facet normal -0.0454139 -0.706438 -0.706316
    outer loop
      vertex 256.222 8.68546 1.5
      vertex 256.404 10.1735 0
      vertex 256.418 10.1726 0
    endloop
  endfacet
  facet normal -0.0462633 -0.706359 -0.70634
    outer loop
      vertex 256.404 10.1735 0
      vertex 256.222 8.68546 1.5
      vertex 256 8.7 1.5
    endloop
  endfacet
  facet normal -0.137984 -0.69429 -0.706344
    outer loop
      vertex 256.828 10.091 0
      vertex 256.44 8.64207 1.5
      vertex 256.431 10.1699 0
    endloop
  endfacet
  facet normal 0.227711 -0.670253 -0.706334
    outer loop
      vertex 255.172 10.091 0
      vertex 255.56 8.64207 1.5
      vertex 254.789 9.96088 0
    endloop
  endfacet
  facet normal -0.313036 0.634887 -0.706348
    outer loop
      vertex 257.588 4.22257 0
      vertex 257.225 4.04359 0
      vertex 256.651 5.42941 1.5
    endloop
  endfacet
  facet normal 0.536484 0.462044 -0.706187
    outer loop
      vertex 253.728 4.74771 0
      vertex 254.798 5.79792 1.5
      vertex 253.737 4.73726 0
    endloop
  endfacet
  facet normal 0.531562 0.46737 -0.706405
    outer loop
      vertex 254.798 5.79792 1.5
      vertex 253.728 4.74771 0
      vertex 254.651 5.96511 1.5
    endloop
  endfacet
  facet normal -0.706375 -0.0454812 -0.706375
    outer loop
      vertex 259.174 7.40381 0
      vertex 259.2 7 0
      vertex 257.7 7 1.5
    endloop
  endfacet
  facet normal 0.694339 0.136894 -0.706508
    outer loop
      vertex 252.83 6.56869 0
      vertex 254.315 6.77811 1.5
      vertex 254.358 6.56001 1.5
    endloop
  endfacet
  facet normal 0.691659 0.152236 -0.705997
    outer loop
      vertex 254.315 6.77811 1.5
      vertex 252.83 6.56869 0
      vertex 252.827 6.58232 0
    endloop
  endfacet
  facet normal 0.143988 -0.693273 -0.706144
    outer loop
      vertex 255.778 8.68546 1.5
      vertex 255.569 10.1699 0
      vertex 255.582 10.1726 0
    endloop
  endfacet
  facet normal 0.138185 -0.694271 -0.706323
    outer loop
      vertex 255.569 10.1699 0
      vertex 255.778 8.68546 1.5
      vertex 255.56 8.64207 1.5
    endloop
  endfacet
  facet normal 0.313036 0.634887 -0.706348
    outer loop
      vertex 255.349 5.42941 1.5
      vertex 254.775 4.04359 0
      vertex 254.412 4.22257 0
    endloop
  endfacet
  facet normal 0.531562 -0.46737 -0.706405
    outer loop
      vertex 253.728 9.25229 0
      vertex 254.798 8.20208 1.5
      vertex 254.651 8.03489 1.5
    endloop
  endfacet
  facet normal 0.536484 -0.462044 -0.706187
    outer loop
      vertex 254.798 8.20208 1.5
      vertex 253.728 9.25229 0
      vertex 253.737 9.26274 0
    endloop
  endfacet
  facet normal -0.67086 -0.226201 -0.706243
    outer loop
      vertex 257.571 7.65056 1.5
      vertex 258.961 8.21143 0
      vertex 257.642 7.43999 1.5
    endloop
  endfacet
  facet normal -0.661318 -0.251261 -0.706772
    outer loop
      vertex 258.961 8.21143 0
      vertex 257.571 7.65056 1.5
      vertex 258.956 8.22459 0
    endloop
  endfacet
  facet normal -0.532053 0.466913 -0.706337
    outer loop
      vertex 258.539 5.05196 0
      vertex 258.272 4.74771 0
      vertex 257.349 5.96511 1.5
    endloop
  endfacet
  facet normal -0.635008 -0.313182 -0.706174
    outer loop
      vertex 258.777 8.58753 0
      vertex 258.956 8.22459 0
      vertex 257.571 7.65056 1.5
    endloop
  endfacet
  facet normal 0.588426 0.393473 -0.706352
    outer loop
      vertex 254.651 5.96511 1.5
      vertex 253.461 5.05196 0
      vertex 253.236 5.38844 0
    endloop
  endfacet
  facet normal -0.215449 0.674785 -0.705866
    outer loop
      vertex 257.211 4.03912 0
      vertex 256.651 5.42941 1.5
      vertex 257.225 4.04359 0
    endloop
  endfacet
  facet normal -0.227147 0.670511 -0.706271
    outer loop
      vertex 256.651 5.42941 1.5
      vertex 257.211 4.03912 0
      vertex 256.44 5.35793 1.5
    endloop
  endfacet
  facet normal 0.706375 -0.0454812 -0.706375
    outer loop
      vertex 252.826 7.40381 0
      vertex 254.3 7 1.5
      vertex 252.8 7 0
    endloop
  endfacet
  facet normal 0.466965 -0.532034 -0.706317
    outer loop
      vertex 254.052 9.53873 0
      vertex 254.965 8.3487 1.5
      vertex 253.748 9.27191 0
    endloop
  endfacet
  facet normal 0.638093 0.307021 -0.706099
    outer loop
      vertex 253.223 5.41247 0
      vertex 254.528 6.15 1.5
      vertex 253.229 5.4 0
    endloop
  endfacet
  facet normal 0.634036 0.314729 -0.70636
    outer loop
      vertex 254.528 6.15 1.5
      vertex 253.223 5.41247 0
      vertex 254.429 6.34944 1.5
    endloop
  endfacet
  facet normal -0.45367 -0.544206 -0.705708
    outer loop
      vertex 257.202 8.20208 1.5
      vertex 258.252 9.27191 0
      vertex 258.263 9.26274 0
    endloop
  endfacet
  facet normal -0.467038 -0.531956 -0.706328
    outer loop
      vertex 258.252 9.27191 0
      vertex 257.202 8.20208 1.5
      vertex 257.035 8.3487 1.5
    endloop
  endfacet
  facet normal 0.137984 -0.69429 -0.706344
    outer loop
      vertex 255.569 10.1699 0
      vertex 255.56 8.64207 1.5
      vertex 255.172 10.091 0
    endloop
  endfacet
  facet normal 0.635008 -0.313182 -0.706174
    outer loop
      vertex 253.223 8.58753 0
      vertex 254.429 7.65056 1.5
      vertex 253.044 8.22459 0
    endloop
  endfacet
  facet normal -0.705995 -0.047726 -0.706606
    outer loop
      vertex 257.685 7.22189 1.5
      vertex 259.174 7.40381 0
      vertex 257.7 7 1.5
    endloop
  endfacet
  facet normal -0.705693 -0.0508791 -0.706689
    outer loop
      vertex 259.174 7.40381 0
      vertex 257.685 7.22189 1.5
      vertex 259.173 7.41768 0
    endloop
  endfacet
  facet normal -0.227711 -0.670253 -0.706334
    outer loop
      vertex 256.828 10.091 0
      vertex 257.211 9.96088 0
      vertex 256.44 8.64207 1.5
    endloop
  endfacet
  facet normal -0.313049 -0.634879 -0.706349
    outer loop
      vertex 257.225 9.95642 0
      vertex 257.588 9.77743 0
      vertex 256.651 8.57059 1.5
    endloop
  endfacet
  facet normal -0.691659 -0.152236 -0.705997
    outer loop
      vertex 257.685 7.22189 1.5
      vertex 259.17 7.43131 0
      vertex 259.173 7.41768 0
    endloop
  endfacet
  facet normal -0.694339 -0.136894 -0.706508
    outer loop
      vertex 259.17 7.43131 0
      vertex 257.685 7.22189 1.5
      vertex 257.642 7.43999 1.5
    endloop
  endfacet
  facet normal -0.322706 -0.629671 -0.706665
    outer loop
      vertex 256.85 8.47224 1.5
      vertex 257.588 9.77743 0
      vertex 257.6 9.77128 0
    endloop
  endfacet
  facet normal -0.3136 -0.634533 -0.706415
    outer loop
      vertex 257.588 9.77743 0
      vertex 256.85 8.47224 1.5
      vertex 256.651 8.57059 1.5
    endloop
  endfacet
  facet normal 0.0462633 -0.706359 -0.70634
    outer loop
      vertex 255.778 8.68546 1.5
      vertex 255.596 10.1735 0
      vertex 256 8.7 1.5
    endloop
  endfacet
  facet normal 0.0454139 -0.706438 -0.706316
    outer loop
      vertex 255.596 10.1735 0
      vertex 255.778 8.68546 1.5
      vertex 255.582 10.1726 0
    endloop
  endfacet
  facet normal 0.670314 0.227397 -0.706378
    outer loop
      vertex 254.358 6.56001 1.5
      vertex 253.039 5.78857 0
      vertex 252.909 6.17178 0
    endloop
  endfacet
  facet normal 0.694218 -0.138175 -0.706377
    outer loop
      vertex 252.909 7.82822 0
      vertex 254.358 7.43999 1.5
      vertex 252.83 7.43131 0
    endloop
  endfacet
  facet normal -0.045915 0.706385 -0.706337
    outer loop
      vertex 256.404 3.82647 0
      vertex 256.222 5.31454 1.5
      vertex 256.418 3.82738 0
    endloop
  endfacet
  facet normal -0.0462629 0.706352 -0.706347
    outer loop
      vertex 256.222 5.31454 1.5
      vertex 256.404 3.82647 0
      vertex 256 5.3 1.5
    endloop
  endfacet
  facet normal -0.670314 -0.227397 -0.706378
    outer loop
      vertex 258.961 8.21143 0
      vertex 259.091 7.82822 0
      vertex 257.642 7.43999 1.5
    endloop
  endfacet
  facet normal -0.138185 -0.694271 -0.706323
    outer loop
      vertex 256.222 8.68546 1.5
      vertex 256.431 10.1699 0
      vertex 256.44 8.64207 1.5
    endloop
  endfacet
  facet normal -0.143988 -0.693273 -0.706144
    outer loop
      vertex 256.431 10.1699 0
      vertex 256.222 8.68546 1.5
      vertex 256.418 10.1726 0
    endloop
  endfacet
  facet normal 0.138069 0.69428 -0.706337
    outer loop
      vertex 255.56 5.35793 1.5
      vertex 255.569 3.83009 0
      vertex 255.172 3.90904 0
    endloop
  endfacet
  facet normal 0.635008 0.313182 -0.706174
    outer loop
      vertex 254.429 6.34944 1.5
      vertex 253.223 5.41247 0
      vertex 253.044 5.77541 0
    endloop
  endfacet
  facet normal -0.138069 0.69428 -0.706337
    outer loop
      vertex 256.44 5.35793 1.5
      vertex 256.828 3.90904 0
      vertex 256.431 3.83009 0
    endloop
  endfacet
  facet normal 0.532053 0.466913 -0.706337
    outer loop
      vertex 254.651 5.96511 1.5
      vertex 253.728 4.74771 0
      vertex 253.461 5.05196 0
    endloop
  endfacet
  facet normal -0.635008 0.313182 -0.706174
    outer loop
      vertex 258.956 5.77541 0
      vertex 258.777 5.41247 0
      vertex 257.571 6.34944 1.5
    endloop
  endfacet
  facet normal 0.67086 -0.226201 -0.706243
    outer loop
      vertex 253.039 8.21143 0
      vertex 254.429 7.65056 1.5
      vertex 254.358 7.43999 1.5
    endloop
  endfacet
  facet normal 0.661318 -0.251261 -0.706772
    outer loop
      vertex 254.429 7.65056 1.5
      vertex 253.039 8.21143 0
      vertex 253.044 8.22459 0
    endloop
  endfacet
  facet normal -0.531562 -0.46737 -0.706405
    outer loop
      vertex 257.202 8.20208 1.5
      vertex 258.272 9.25229 0
      vertex 257.349 8.03489 1.5
    endloop
  endfacet
  facet normal -0.536484 -0.462044 -0.706187
    outer loop
      vertex 258.272 9.25229 0
      vertex 257.202 8.20208 1.5
      vertex 258.263 9.26274 0
    endloop
  endfacet
  facet normal -0.532053 -0.466913 -0.706337
    outer loop
      vertex 258.272 9.25229 0
      vertex 258.539 8.94804 0
      vertex 257.349 8.03489 1.5
    endloop
  endfacet
  facet normal -0.694218 -0.138175 -0.706377
    outer loop
      vertex 259.091 7.82822 0
      vertex 259.17 7.43131 0
      vertex 257.642 7.43999 1.5
    endloop
  endfacet
  facet normal 0.532053 -0.466913 -0.706337
    outer loop
      vertex 253.728 9.25229 0
      vertex 254.651 8.03489 1.5
      vertex 253.461 8.94804 0
    endloop
  endfacet
  facet normal 0.467038 -0.531956 -0.706328
    outer loop
      vertex 254.798 8.20208 1.5
      vertex 253.748 9.27191 0
      vertex 254.965 8.3487 1.5
    endloop
  endfacet
  facet normal 0.45367 -0.544206 -0.705708
    outer loop
      vertex 253.748 9.27191 0
      vertex 254.798 8.20208 1.5
      vertex 253.737 9.26274 0
    endloop
  endfacet
  facet normal 0.467038 0.531956 -0.706328
    outer loop
      vertex 253.748 4.72809 0
      vertex 254.798 5.79792 1.5
      vertex 254.965 5.6513 1.5
    endloop
  endfacet
  facet normal 0.45367 0.544206 -0.705708
    outer loop
      vertex 254.798 5.79792 1.5
      vertex 253.748 4.72809 0
      vertex 253.737 4.73726 0
    endloop
  endfacet
  facet normal 0.313049 -0.634879 -0.706349
    outer loop
      vertex 254.775 9.95642 0
      vertex 255.349 8.57059 1.5
      vertex 254.412 9.77743 0
    endloop
  endfacet
  facet normal 0.694339 -0.136894 -0.706508
    outer loop
      vertex 254.315 7.22189 1.5
      vertex 252.83 7.43131 0
      vertex 254.358 7.43999 1.5
    endloop
  endfacet
  facet normal 0.691659 -0.152236 -0.705997
    outer loop
      vertex 252.83 7.43131 0
      vertex 254.315 7.22189 1.5
      vertex 252.827 7.41768 0
    endloop
  endfacet
  facet normal 0.227147 -0.670511 -0.706271
    outer loop
      vertex 255.349 8.57059 1.5
      vertex 254.789 9.96088 0
      vertex 255.56 8.64207 1.5
    endloop
  endfacet
  facet normal 0.215017 -0.674941 -0.705849
    outer loop
      vertex 254.789 9.96088 0
      vertex 255.349 8.57059 1.5
      vertex 254.775 9.95642 0
    endloop
  endfacet
  facet normal 0.705995 -0.047726 -0.706606
    outer loop
      vertex 252.826 7.40381 0
      vertex 254.315 7.22189 1.5
      vertex 254.3 7 1.5
    endloop
  endfacet
  facet normal 0.705693 -0.0508791 -0.706689
    outer loop
      vertex 254.315 7.22189 1.5
      vertex 252.826 7.40381 0
      vertex 252.827 7.41768 0
    endloop
  endfacet
  facet normal 0.0463322 -0.706347 -0.706347
    outer loop
      vertex 256 10.2 0
      vertex 256 8.7 1.5
      vertex 255.596 10.1735 0
    endloop
  endfacet
  facet normal -0.0463322 -0.706347 -0.706347
    outer loop
      vertex 256.404 10.1735 0
      vertex 256 8.7 1.5
      vertex 256 10.2 0
    endloop
  endfacet
  facet normal -0.588426 -0.393473 -0.706352
    outer loop
      vertex 258.539 8.94804 0
      vertex 258.764 8.61156 0
      vertex 257.349 8.03489 1.5
    endloop
  endfacet
  facet normal 0.705995 0.047726 -0.706606
    outer loop
      vertex 254.315 6.77811 1.5
      vertex 252.826 6.59619 0
      vertex 254.3 7 1.5
    endloop
  endfacet
  facet normal 0.705693 0.0508791 -0.706689
    outer loop
      vertex 252.826 6.59619 0
      vertex 254.315 6.77811 1.5
      vertex 252.827 6.58232 0
    endloop
  endfacet
  facet normal 0.706375 0.0454812 -0.706375
    outer loop
      vertex 254.3 7 1.5
      vertex 252.826 6.59619 0
      vertex 252.8 7 0
    endloop
  endfacet
  facet normal 0.393072 -0.588621 -0.706413
    outer loop
      vertex 254.388 9.76356 0
      vertex 255.15 8.47224 1.5
      vertex 254.965 8.3487 1.5
    endloop
  endfacet
  facet normal 0.382795 -0.595017 -0.706698
    outer loop
      vertex 255.15 8.47224 1.5
      vertex 254.388 9.76356 0
      vertex 254.4 9.77128 0
    endloop
  endfacet
  facet normal 0.144502 0.693181 -0.706129
    outer loop
      vertex 255.569 3.83009 0
      vertex 255.778 5.31454 1.5
      vertex 255.582 3.82738 0
    endloop
  endfacet
  facet normal 0.138185 0.694269 -0.706325
    outer loop
      vertex 255.778 5.31454 1.5
      vertex 255.569 3.83009 0
      vertex 255.56 5.35793 1.5
    endloop
  endfacet
  facet normal 0.661318 0.251261 -0.706772
    outer loop
      vertex 253.039 5.78857 0
      vertex 254.429 6.34944 1.5
      vertex 253.044 5.77541 0
    endloop
  endfacet
  facet normal 0.67086 0.226201 -0.706243
    outer loop
      vertex 254.429 6.34944 1.5
      vertex 253.039 5.78857 0
      vertex 254.358 6.56001 1.5
    endloop
  endfacet
  facet normal 0.0462629 0.706352 -0.706347
    outer loop
      vertex 255.596 3.82647 0
      vertex 255.778 5.31454 1.5
      vertex 256 5.3 1.5
    endloop
  endfacet
  facet normal 0.045915 0.706385 -0.706337
    outer loop
      vertex 255.778 5.31454 1.5
      vertex 255.596 3.82647 0
      vertex 255.582 3.82738 0
    endloop
  endfacet
  facet normal -0.670314 0.227397 -0.706378
    outer loop
      vertex 259.091 6.17178 0
      vertex 258.961 5.78857 0
      vertex 257.642 6.56001 1.5
    endloop
  endfacet
  facet normal 0.589216 0.391982 -0.706523
    outer loop
      vertex 253.236 5.38844 0
      vertex 254.528 6.15 1.5
      vertex 254.651 5.96511 1.5
    endloop
  endfacet
  facet normal 0.604929 0.366307 -0.707022
    outer loop
      vertex 254.528 6.15 1.5
      vertex 253.236 5.38844 0
      vertex 253.229 5.4 0
    endloop
  endfacet
  facet normal 0.22765 0.670281 -0.706328
    outer loop
      vertex 255.56 5.35793 1.5
      vertex 255.172 3.90904 0
      vertex 254.789 4.03912 0
    endloop
  endfacet
  facet normal 0.670314 -0.227397 -0.706378
    outer loop
      vertex 253.039 8.21143 0
      vertex 254.358 7.43999 1.5
      vertex 252.909 7.82822 0
    endloop
  endfacet
  facet normal -0.694218 0.138175 -0.706377
    outer loop
      vertex 259.17 6.56869 0
      vertex 259.091 6.17178 0
      vertex 257.642 6.56001 1.5
    endloop
  endfacet
  facet normal 0.3136 0.634533 -0.706415
    outer loop
      vertex 254.412 4.22257 0
      vertex 255.15 5.52776 1.5
      vertex 255.349 5.42941 1.5
    endloop
  endfacet
  facet normal 0.322706 0.629671 -0.706665
    outer loop
      vertex 255.15 5.52776 1.5
      vertex 254.412 4.22257 0
      vertex 254.4 4.22872 0
    endloop
  endfacet
  facet normal -0.604929 -0.366307 -0.707022
    outer loop
      vertex 257.472 7.85 1.5
      vertex 258.764 8.61156 0
      vertex 258.771 8.6 0
    endloop
  endfacet
  facet normal -0.589216 -0.391982 -0.706523
    outer loop
      vertex 258.764 8.61156 0
      vertex 257.472 7.85 1.5
      vertex 257.349 8.03489 1.5
    endloop
  endfacet
  facet normal -0.0462799 0.706349 -0.706349
    outer loop
      vertex 256.404 3.82647 0
      vertex 256 3.8 0
      vertex 256 5.3 1.5
    endloop
  endfacet
  facet normal 0.0462799 0.706349 -0.706349
    outer loop
      vertex 256 5.3 1.5
      vertex 256 3.8 0
      vertex 255.596 3.82647 0
    endloop
  endfacet
  facet normal -0.588426 0.393473 -0.706352
    outer loop
      vertex 258.764 5.38844 0
      vertex 258.539 5.05196 0
      vertex 257.349 5.96511 1.5
    endloop
  endfacet
  facet normal -0.39366 -0.58831 -0.706345
    outer loop
      vertex 257.612 9.76356 0
      vertex 257.948 9.53873 0
      vertex 257.035 8.3487 1.5
    endloop
  endfacet
  facet normal -0.466965 0.532034 -0.706317
    outer loop
      vertex 258.252 4.72809 0
      vertex 257.948 4.46127 0
      vertex 257.035 5.6513 1.5
    endloop
  endfacet
  facet normal -0.39366 0.58831 -0.706345
    outer loop
      vertex 257.948 4.46127 0
      vertex 257.612 4.23644 0
      vertex 257.035 5.6513 1.5
    endloop
  endfacet
  facet normal 0.589216 -0.391982 -0.706523
    outer loop
      vertex 254.528 7.85 1.5
      vertex 253.236 8.61156 0
      vertex 254.651 8.03489 1.5
    endloop
  endfacet
  facet normal 0.604929 -0.366307 -0.707022
    outer loop
      vertex 253.236 8.61156 0
      vertex 254.528 7.85 1.5
      vertex 253.229 8.6 0
    endloop
  endfacet
  facet normal 0.382795 0.595017 -0.706698
    outer loop
      vertex 254.388 4.23644 0
      vertex 255.15 5.52776 1.5
      vertex 254.4 4.22872 0
    endloop
  endfacet
  facet normal 0.393072 0.588621 -0.706413
    outer loop
      vertex 255.15 5.52776 1.5
      vertex 254.388 4.23644 0
      vertex 254.965 5.6513 1.5
    endloop
  endfacet
  facet normal 0.588426 -0.393473 -0.706352
    outer loop
      vertex 253.461 8.94804 0
      vertex 254.651 8.03489 1.5
      vertex 253.236 8.61156 0
    endloop
  endfacet
  facet normal -0.22765 0.670281 -0.706328
    outer loop
      vertex 257.211 4.03912 0
      vertex 256.828 3.90904 0
      vertex 256.44 5.35793 1.5
    endloop
  endfacet
  facet normal -0.382795 0.595017 -0.706698
    outer loop
      vertex 256.85 5.52776 1.5
      vertex 257.612 4.23644 0
      vertex 257.6 4.22872 0
    endloop
  endfacet
  facet normal -0.393072 0.588621 -0.706413
    outer loop
      vertex 257.612 4.23644 0
      vertex 256.85 5.52776 1.5
      vertex 257.035 5.6513 1.5
    endloop
  endfacet
  facet normal 0.39366 0.58831 -0.706345
    outer loop
      vertex 254.965 5.6513 1.5
      vertex 254.388 4.23644 0
      vertex 254.052 4.46127 0
    endloop
  endfacet
  facet normal -0.638093 0.307021 -0.706099
    outer loop
      vertex 257.472 6.15 1.5
      vertex 258.777 5.41247 0
      vertex 258.771 5.4 0
    endloop
  endfacet
  facet normal -0.634036 0.314729 -0.70636
    outer loop
      vertex 258.777 5.41247 0
      vertex 257.472 6.15 1.5
      vertex 257.571 6.34944 1.5
    endloop
  endfacet
  facet normal -0.393072 -0.588621 -0.706413
    outer loop
      vertex 256.85 8.47224 1.5
      vertex 257.612 9.76356 0
      vertex 257.035 8.3487 1.5
    endloop
  endfacet
  facet normal -0.382795 -0.595017 -0.706698
    outer loop
      vertex 257.612 9.76356 0
      vertex 256.85 8.47224 1.5
      vertex 257.6 9.77128 0
    endloop
  endfacet
  facet normal -0.604929 0.366307 -0.707022
    outer loop
      vertex 258.764 5.38844 0
      vertex 257.472 6.15 1.5
      vertex 258.771 5.4 0
    endloop
  endfacet
  facet normal -0.589216 0.391982 -0.706523
    outer loop
      vertex 257.472 6.15 1.5
      vertex 258.764 5.38844 0
      vertex 257.349 5.96511 1.5
    endloop
  endfacet
  facet normal -0.691659 0.152236 -0.705997
    outer loop
      vertex 259.17 6.56869 0
      vertex 257.685 6.77811 1.5
      vertex 259.173 6.58232 0
    endloop
  endfacet
  facet normal -0.694339 0.136894 -0.706508
    outer loop
      vertex 257.685 6.77811 1.5
      vertex 259.17 6.56869 0
      vertex 257.642 6.56001 1.5
    endloop
  endfacet
  facet normal -0.45367 0.544206 -0.705708
    outer loop
      vertex 258.252 4.72809 0
      vertex 257.202 5.79792 1.5
      vertex 258.263 4.73726 0
    endloop
  endfacet
  facet normal -0.467038 0.531956 -0.706328
    outer loop
      vertex 257.202 5.79792 1.5
      vertex 258.252 4.72809 0
      vertex 257.035 5.6513 1.5
    endloop
  endfacet
  facet normal -0.536484 0.462044 -0.706187
    outer loop
      vertex 257.202 5.79792 1.5
      vertex 258.272 4.74771 0
      vertex 258.263 4.73726 0
    endloop
  endfacet
  facet normal -0.531562 0.46737 -0.706405
    outer loop
      vertex 258.272 4.74771 0
      vertex 257.202 5.79792 1.5
      vertex 257.349 5.96511 1.5
    endloop
  endfacet
  facet normal -0.322706 0.629671 -0.706665
    outer loop
      vertex 257.588 4.22257 0
      vertex 256.85 5.52776 1.5
      vertex 257.6 4.22872 0
    endloop
  endfacet
  facet normal -0.3136 0.634533 -0.706415
    outer loop
      vertex 256.85 5.52776 1.5
      vertex 257.588 4.22257 0
      vertex 256.651 5.42941 1.5
    endloop
  endfacet
  facet normal -0.661318 0.251261 -0.706772
    outer loop
      vertex 257.571 6.34944 1.5
      vertex 258.961 5.78857 0
      vertex 258.956 5.77541 0
    endloop
  endfacet
  facet normal -0.67086 0.226201 -0.706243
    outer loop
      vertex 258.961 5.78857 0
      vertex 257.571 6.34944 1.5
      vertex 257.642 6.56001 1.5
    endloop
  endfacet
  facet normal -0.980759 0.195224 0
    outer loop
      vertex 0.0427704 146.653 0
      vertex 0.170364 147.294 3
      vertex 0.170364 147.294 0
    endloop
  endfacet
  facet normal -0.980759 0.195224 0
    outer loop
      vertex 0.170364 147.294 3
      vertex 0.0427704 146.653 0
      vertex 0.0427704 146.653 3
    endloop
  endfacet
  facet normal -0.997862 0.0653583 0
    outer loop
      vertex 0 146 0
      vertex 0.0427704 146.653 3
      vertex 0.0427704 146.653 0
    endloop
  endfacet
  facet normal -0.997862 0.0653583 0
    outer loop
      vertex 0.0427704 146.653 3
      vertex 0 146 0
      vertex 0 146 3
    endloop
  endfacet
  facet normal 0.441703 0.897161 -0
    outer loop
      vertex 260.5 150.33 0
      vertex 259.913 150.619 3
      vertex 260.5 150.33 3
    endloop
  endfacet
  facet normal 0.441703 0.897161 0
    outer loop
      vertex 259.913 150.619 3
      vertex 260.5 150.33 0
      vertex 259.913 150.619 0
    endloop
  endfacet
  facet normal 0.831815 0.555053 0
    outer loop
      vertex 262.33 148.5 3
      vertex 261.967 149.044 0
      vertex 261.967 149.044 3
    endloop
  endfacet
  facet normal 0.831815 0.555053 0
    outer loop
      vertex 261.967 149.044 0
      vertex 262.33 148.5 3
      vertex 262.33 148.5 0
    endloop
  endfacet
  facet normal -0.194213 0.980959 0
    outer loop
      vertex 4.34737 150.957 0
      vertex 3.7059 150.83 3
      vertex 4.34737 150.957 3
    endloop
  endfacet
  facet normal -0.194213 0.980959 0
    outer loop
      vertex 3.7059 150.83 3
      vertex 4.34737 150.957 0
      vertex 3.7059 150.83 0
    endloop
  endfacet
  facet normal 0.980959 -0.194216 0
    outer loop
      vertex 262.83 3.70592 3
      vertex 262.957 4.34738 0
      vertex 262.957 4.34738 3
    endloop
  endfacet
  facet normal 0.980959 -0.194216 0
    outer loop
      vertex 262.957 4.34738 0
      vertex 262.83 3.70592 3
      vertex 262.83 3.70592 0
    endloop
  endfacet
  facet normal 0.997836 -0.0657457 0
    outer loop
      vertex 262.957 4.34738 3
      vertex 263 5 0
      vertex 263 5 3
    endloop
  endfacet
  facet normal 0.997836 -0.0657457 0
    outer loop
      vertex 263 5 0
      vertex 262.957 4.34738 3
      vertex 262.957 4.34738 0
    endloop
  endfacet
  facet normal 0.752018 -0.659142 0
    outer loop
      vertex 261.536 1.46448 3
      vertex 261.967 1.95621 0
      vertex 261.967 1.95621 3
    endloop
  endfacet
  facet normal 0.752018 -0.659142 0
    outer loop
      vertex 261.967 1.95621 0
      vertex 261.536 1.46448 3
      vertex 261.536 1.46448 0
    endloop
  endfacet
  facet normal -0.322493 0.946572 0
    outer loop
      vertex 3.7059 150.83 0
      vertex 3.08658 150.619 3
      vertex 3.7059 150.83 3
    endloop
  endfacet
  facet normal -0.322493 0.946572 0
    outer loop
      vertex 3.08658 150.619 3
      vertex 3.7059 150.83 0
      vertex 3.08658 150.619 0
    endloop
  endfacet
  facet normal -0.659142 0.752018 0
    outer loop
      vertex 1.95619 149.967 0
      vertex 1.46446 149.536 3
      vertex 1.95619 149.967 3
    endloop
  endfacet
  facet normal -0.659142 0.752018 0
    outer loop
      vertex 1.46446 149.536 3
      vertex 1.95619 149.967 0
      vertex 1.46446 149.536 0
    endloop
  endfacet
  facet normal 0 -1 0
    outer loop
      vertex 5 0 0
      vertex 258 0 3
      vertex 5 0 3
    endloop
  endfacet
  facet normal 0 -1 -0
    outer loop
      vertex 258 0 3
      vertex 5 0 0
      vertex 258 0 0
    endloop
  endfacet
  facet normal -1 0 0
    outer loop
      vertex 0 5 0
      vertex 0 146 3
      vertex 0 146 0
    endloop
  endfacet
  facet normal -1 -0 0
    outer loop
      vertex 0 146 3
      vertex 0 5 0
      vertex 0 5 3
    endloop
  endfacet
  facet normal -0.321445 -0.946928 0
    outer loop
      vertex 3.08658 0.380615 0
      vertex 3.7059 0.17038 3
      vertex 3.08658 0.380615 3
    endloop
  endfacet
  facet normal -0.321445 -0.946928 -0
    outer loop
      vertex 3.7059 0.17038 3
      vertex 3.08658 0.380615 0
      vertex 3.7059 0.17038 0
    endloop
  endfacet
  facet normal -0.946929 -0.321442 0
    outer loop
      vertex 0.3806 3.08659 0
      vertex 0.170364 3.70592 3
      vertex 0.170364 3.70592 0
    endloop
  endfacet
  facet normal -0.946929 -0.321442 0
    outer loop
      vertex 0.170364 3.70592 3
      vertex 0.3806 3.08659 0
      vertex 0.3806 3.08659 3
    endloop
  endfacet
  facet normal -0.659358 -0.751829 0
    outer loop
      vertex 1.46446 1.46448 0
      vertex 1.95619 1.03323 3
      vertex 1.46446 1.46448 3
    endloop
  endfacet
  facet normal -0.659358 -0.751829 -0
    outer loop
      vertex 1.95619 1.03323 3
      vertex 1.46446 1.46448 0
      vertex 1.95619 1.03323 0
    endloop
  endfacet
  facet normal 0 1 -0
    outer loop
      vertex 258 151 0
      vertex 5 151 3
      vertex 258 151 3
    endloop
  endfacet
  facet normal 0 1 0
    outer loop
      vertex 5 151 3
      vertex 258 151 0
      vertex 5 151 0
    endloop
  endfacet
  facet normal 1 -0 0
    outer loop
      vertex 263 5 3
      vertex 263 146 0
      vertex 263 146 3
    endloop
  endfacet
  facet normal 1 0 0
    outer loop
      vertex 263 146 0
      vertex 263 5 3
      vertex 263 5 0
    endloop
  endfacet
  facet normal -0.831462 -0.555581 0
    outer loop
      vertex 1.03322 1.95621 0
      vertex 0.669861 2.5 3
      vertex 0.669861 2.5 0
    endloop
  endfacet
  facet normal -0.831462 -0.555581 0
    outer loop
      vertex 0.669861 2.5 3
      vertex 1.03322 1.95621 0
      vertex 1.03322 1.95621 3
    endloop
  endfacet
  facet normal 0.946521 0.322643 0
    outer loop
      vertex 262.83 147.294 3
      vertex 262.619 147.913 0
      vertex 262.619 147.913 3
    endloop
  endfacet
  facet normal 0.946521 0.322643 0
    outer loop
      vertex 262.619 147.913 0
      vertex 262.83 147.294 3
      vertex 262.83 147.294 0
    endloop
  endfacet
  facet normal 0.555053 0.831815 -0
    outer loop
      vertex 261.044 149.967 0
      vertex 260.5 150.33 3
      vertex 261.044 149.967 3
    endloop
  endfacet
  facet normal 0.555053 0.831815 0
    outer loop
      vertex 260.5 150.33 3
      vertex 261.044 149.967 0
      vertex 260.5 150.33 0
    endloop
  endfacet
  facet normal 0.831716 -0.555201 0
    outer loop
      vertex 261.967 1.95621 3
      vertex 262.33 2.5 0
      vertex 262.33 2.5 3
    endloop
  endfacet
  facet normal 0.831716 -0.555201 0
    outer loop
      vertex 262.33 2.5 0
      vertex 261.967 1.95621 3
      vertex 261.967 1.95621 0
    endloop
  endfacet
  facet normal 0.0653814 -0.99786 0
    outer loop
      vertex 258 0 0
      vertex 258.653 0.0427856 3
      vertex 258 0 3
    endloop
  endfacet
  facet normal 0.0653814 -0.99786 0
    outer loop
      vertex 258.653 0.0427856 3
      vertex 258 0 0
      vertex 258.653 0.0427856 0
    endloop
  endfacet
  facet normal -0.442279 -0.896878 0
    outer loop
      vertex 2.5 0.669876 0
      vertex 3.08658 0.380615 3
      vertex 2.5 0.669876 3
    endloop
  endfacet
  facet normal -0.442279 -0.896878 -0
    outer loop
      vertex 3.08658 0.380615 3
      vertex 2.5 0.669876 0
      vertex 3.08658 0.380615 0
    endloop
  endfacet
  facet normal -0.896881 -0.442272 0
    outer loop
      vertex 0.669861 2.5 0
      vertex 0.3806 3.08659 3
      vertex 0.3806 3.08659 0
    endloop
  endfacet
  facet normal -0.896881 -0.442272 0
    outer loop
      vertex 0.3806 3.08659 3
      vertex 0.669861 2.5 0
      vertex 0.669861 2.5 3
    endloop
  endfacet
  facet normal 0.195225 -0.980758 0
    outer loop
      vertex 258.653 0.0427856 0
      vertex 259.294 0.17038 3
      vertex 258.653 0.0427856 3
    endloop
  endfacet
  facet normal 0.195225 -0.980758 0
    outer loop
      vertex 259.294 0.17038 3
      vertex 258.653 0.0427856 0
      vertex 259.294 0.17038 0
    endloop
  endfacet
  facet normal 0.980932 0.19435 0
    outer loop
      vertex 262.957 146.653 3
      vertex 262.83 147.294 0
      vertex 262.83 147.294 3
    endloop
  endfacet
  facet normal 0.980932 0.19435 0
    outer loop
      vertex 262.83 147.294 0
      vertex 262.957 146.653 3
      vertex 262.957 146.653 0
    endloop
  endfacet
  facet normal -0.0654183 -0.997858 0
    outer loop
      vertex 4.34737 0.0427856 0
      vertex 5 0 3
      vertex 4.34737 0.0427856 3
    endloop
  endfacet
  facet normal -0.0654183 -0.997858 -0
    outer loop
      vertex 5 0 3
      vertex 4.34737 0.0427856 0
      vertex 5 0 0
    endloop
  endfacet
  facet normal -0.752016 0.659145 0
    outer loop
      vertex 1.03322 149.044 0
      vertex 1.46446 149.536 3
      vertex 1.46446 149.536 0
    endloop
  endfacet
  facet normal -0.752016 0.659145 0
    outer loop
      vertex 1.46446 149.536 3
      vertex 1.03322 149.044 0
      vertex 1.03322 149.044 3
    endloop
  endfacet
  facet normal -0.946877 0.321596 0
    outer loop
      vertex 0.170364 147.294 0
      vertex 0.3806 147.913 3
      vertex 0.3806 147.913 0
    endloop
  endfacet
  facet normal -0.946877 0.321596 0
    outer loop
      vertex 0.3806 147.913 3
      vertex 0.170364 147.294 0
      vertex 0.170364 147.294 3
    endloop
  endfacet
  facet normal 0.322643 0.946521 -0
    outer loop
      vertex 259.913 150.619 0
      vertex 259.294 150.83 3
      vertex 259.913 150.619 3
    endloop
  endfacet
  facet normal 0.322643 0.946521 0
    outer loop
      vertex 259.294 150.83 3
      vertex 259.913 150.619 0
      vertex 259.294 150.83 0
    endloop
  endfacet
  facet normal -0.980785 -0.195089 0
    outer loop
      vertex 0.170364 3.70592 0
      vertex 0.0427704 4.34738 3
      vertex 0.0427704 4.34738 0
    endloop
  endfacet
  facet normal -0.980785 -0.195089 0
    outer loop
      vertex 0.0427704 4.34738 3
      vertex 0.170364 3.70592 0
      vertex 0.170364 3.70592 3
    endloop
  endfacet
  facet normal 0.321594 -0.946878 0
    outer loop
      vertex 259.294 0.17038 0
      vertex 259.913 0.380615 3
      vertex 259.294 0.17038 3
    endloop
  endfacet
  facet normal 0.321594 -0.946878 0
    outer loop
      vertex 259.913 0.380615 3
      vertex 259.294 0.17038 0
      vertex 259.913 0.380615 0
    endloop
  endfacet
  facet normal -0.997859 -0.0653962 0
    outer loop
      vertex 0.0427704 4.34738 0
      vertex 0 5 3
      vertex 0 5 0
    endloop
  endfacet
  facet normal -0.997859 -0.0653962 0
    outer loop
      vertex 0 5 3
      vertex 0.0427704 4.34738 0
      vertex 0.0427704 4.34738 3
    endloop
  endfacet
  facet normal -0.0657447 0.997836 0
    outer loop
      vertex 5 151 0
      vertex 4.34737 150.957 3
      vertex 5 151 3
    endloop
  endfacet
  facet normal -0.0657447 0.997836 0
    outer loop
      vertex 4.34737 150.957 3
      vertex 5 151 0
      vertex 4.34737 150.957 0
    endloop
  endfacet
  facet normal 0.997839 0.0657076 0
    outer loop
      vertex 263 146 3
      vertex 262.957 146.653 0
      vertex 262.957 146.653 3
    endloop
  endfacet
  facet normal 0.997839 0.0657076 0
    outer loop
      vertex 262.957 146.653 0
      vertex 263 146 3
      vertex 263 146 0
    endloop
  endfacet
  facet normal 0.19435 0.980932 -0
    outer loop
      vertex 259.294 150.83 0
      vertex 258.653 150.957 3
      vertex 259.294 150.83 3
    endloop
  endfacet
  facet normal 0.19435 0.980932 0
    outer loop
      vertex 258.653 150.957 3
      vertex 259.294 150.83 0
      vertex 258.653 150.957 0
    endloop
  endfacet
  facet normal -0 0 1
    outer loop
      vertex 8.64207 75.06 3
      vertex 19.49 12.24 3
      vertex 8.68546 75.2781 3
    endloop
  endfacet
  facet normal 0 0 1
    outer loop
      vertex 19.49 12.24 3
      vertex 8.68546 7.22189 3
      vertex 8.7 7 3
    endloop
  endfacet
  facet normal -0 0 1
    outer loop
      vertex 8.57059 74.8494 3
      vertex 19.49 12.24 3
      vertex 8.64207 75.06 3
    endloop
  endfacet
  facet normal 0 0 1
    outer loop
      vertex 19.49 12.24 3
      vertex 8.64207 7.43999 3
      vertex 8.68546 7.22189 3
    endloop
  endfacet
  facet normal -0 0 1
    outer loop
      vertex 8.47224 74.65 3
      vertex 19.49 12.24 3
      vertex 8.57059 74.8494 3
    endloop
  endfacet
  facet normal 0 0 1
    outer loop
      vertex 19.49 12.24 3
      vertex 8.57059 7.65056 3
      vertex 8.64207 7.43999 3
    endloop
  endfacet
  facet normal -0 0 1
    outer loop
      vertex 8.3487 74.4651 3
      vertex 19.49 12.24 3
      vertex 8.47224 74.65 3
    endloop
  endfacet
  facet normal 0 0 1
    outer loop
      vertex 19.49 12.24 3
      vertex 8.47224 7.85 3
      vertex 8.57059 7.65056 3
    endloop
  endfacet
  facet normal -0 0 1
    outer loop
      vertex 8.20208 74.2979 3
      vertex 19.49 12.24 3
      vertex 8.3487 74.4651 3
    endloop
  endfacet
  facet normal 0 0 1
    outer loop
      vertex 19.49 12.24 3
      vertex 8.3487 8.03489 3
      vertex 8.47224 7.85 3
    endloop
  endfacet
  facet normal -0 0 1
    outer loop
      vertex 8.03489 74.1513 3
      vertex 19.49 12.24 3
      vertex 8.20208 74.2979 3
    endloop
  endfacet
  facet normal 0 0 1
    outer loop
      vertex 19.49 12.24 3
      vertex 8.20208 8.20208 3
      vertex 8.3487 8.03489 3
    endloop
  endfacet
  facet normal -0 0 1
    outer loop
      vertex 7.85 74.0278 3
      vertex 19.49 12.24 3
      vertex 8.03489 74.1513 3
    endloop
  endfacet
  facet normal 0 0 1
    outer loop
      vertex 19.49 12.24 3
      vertex 8.03489 8.3487 3
      vertex 8.20208 8.20208 3
    endloop
  endfacet
  facet normal -0 0 1
    outer loop
      vertex 7.65056 73.9294 3
      vertex 19.49 12.24 3
      vertex 7.85 74.0278 3
    endloop
  endfacet
  facet normal 0 0 1
    outer loop
      vertex 19.49 12.24 3
      vertex 7.85 8.47224 3
      vertex 8.03489 8.3487 3
    endloop
  endfacet
  facet normal -0 0 1
    outer loop
      vertex 7.43999 73.8579 3
      vertex 19.49 12.24 3
      vertex 7.65056 73.9294 3
    endloop
  endfacet
  facet normal 0 0 1
    outer loop
      vertex 19.49 12.24 3
      vertex 7.65056 8.57059 3
      vertex 7.85 8.47224 3
    endloop
  endfacet
  facet normal -0 0 1
    outer loop
      vertex 7.22189 73.8145 3
      vertex 19.49 12.24 3
      vertex 7.43999 73.8579 3
    endloop
  endfacet
  facet normal 0 0 1
    outer loop
      vertex 19.49 12.24 3
      vertex 7.43999 8.64207 3
      vertex 7.65056 8.57059 3
    endloop
  endfacet
  facet normal -0 0 1
    outer loop
      vertex 7 73.8 3
      vertex 19.49 12.24 3
      vertex 7.22189 73.8145 3
    endloop
  endfacet
  facet normal 0 0 1
    outer loop
      vertex 19.49 12.24 3
      vertex 7.22189 8.68546 3
      vertex 7.43999 8.64207 3
    endloop
  endfacet
  facet normal 0 0 1
    outer loop
      vertex 7 8.7 3
      vertex 19.49 12.24 3
      vertex 7 73.8 3
    endloop
  endfacet
  facet normal 0 0 1
    outer loop
      vertex 19.49 12.24 3
      vertex 7 8.7 3
      vertex 7.22189 8.68546 3
    endloop
  endfacet
  facet normal 0 0 1
    outer loop
      vertex 6.77811 73.8145 3
      vertex 7 8.7 3
      vertex 7 73.8 3
    endloop
  endfacet
  facet normal 0 0 1
    outer loop
      vertex 6.77811 73.8145 3
      vertex 6.77811 8.68546 3
      vertex 7 8.7 3
    endloop
  endfacet
  facet normal 0 0 1
    outer loop
      vertex 6.56001 73.8579 3
      vertex 6.77811 8.68546 3
      vertex 6.77811 73.8145 3
    endloop
  endfacet
  facet normal 0 0 1
    outer loop
      vertex 6.56001 73.8579 3
      vertex 6.56001 8.64207 3
      vertex 6.77811 8.68546 3
    endloop
  endfacet
  facet normal 0 0 1
    outer loop
      vertex 6.34944 73.9294 3
      vertex 6.56001 8.64207 3
      vertex 6.56001 73.8579 3
    endloop
  endfacet
  facet normal 0 0 1
    outer loop
      vertex 6.34944 73.9294 3
      vertex 6.34944 8.57059 3
      vertex 6.56001 8.64207 3
    endloop
  endfacet
  facet normal 0 0 1
    outer loop
      vertex 6.15 74.0278 3
      vertex 6.34944 8.57059 3
      vertex 6.34944 73.9294 3
    endloop
  endfacet
  facet normal 0 0 1
    outer loop
      vertex 6.15 74.0278 3
      vertex 6.15 8.47224 3
      vertex 6.34944 8.57059 3
    endloop
  endfacet
  facet normal 0 0 1
    outer loop
      vertex 5.96511 74.1513 3
      vertex 6.15 8.47224 3
      vertex 6.15 74.0278 3
    endloop
  endfacet
  facet normal 0 0 1
    outer loop
      vertex 5.96511 74.1513 3
      vertex 5.96511 8.3487 3
      vertex 6.15 8.47224 3
    endloop
  endfacet
  facet normal 0 0 1
    outer loop
      vertex 0 5 3
      vertex 5.96511 74.1513 3
      vertex 5.79792 74.2979 3
    endloop
  endfacet
  facet normal 0 0 1
    outer loop
      vertex 5.96511 74.1513 3
      vertex 0 5 3
      vertex 5.96511 8.3487 3
    endloop
  endfacet
  facet normal 0 0 1
    outer loop
      vertex 0 5 3
      vertex 5.79792 74.2979 3
      vertex 5.6513 74.4651 3
    endloop
  endfacet
  facet normal 0 0 1
    outer loop
      vertex 5.96511 8.3487 3
      vertex 0 5 3
      vertex 5.79792 8.20208 3
    endloop
  endfacet
  facet normal 0 0 1
    outer loop
      vertex 0 5 3
      vertex 5.6513 74.4651 3
      vertex 5.52776 74.65 3
    endloop
  endfacet
  facet normal 0 0 1
    outer loop
      vertex 5.79792 8.20208 3
      vertex 0 5 3
      vertex 5.6513 8.03489 3
    endloop
  endfacet
  facet normal 0 0 1
    outer loop
      vertex 0 5 3
      vertex 5.52776 74.65 3
      vertex 5.42941 74.8494 3
    endloop
  endfacet
  facet normal 0 0 1
    outer loop
      vertex 5.6513 8.03489 3
      vertex 0 5 3
      vertex 5.52776 7.85 3
    endloop
  endfacet
  facet normal 0 0 1
    outer loop
      vertex 0 5 3
      vertex 5.42941 74.8494 3
      vertex 5.35793 75.06 3
    endloop
  endfacet
  facet normal 0 0 1
    outer loop
      vertex 5.52776 7.85 3
      vertex 0 5 3
      vertex 5.42941 7.65056 3
    endloop
  endfacet
  facet normal 0 0 1
    outer loop
      vertex 0 5 3
      vertex 5.35793 75.06 3
      vertex 5.31454 75.2781 3
    endloop
  endfacet
  facet normal 0 0 1
    outer loop
      vertex 5.42941 7.65056 3
      vertex 0 5 3
      vertex 5.35793 7.43999 3
    endloop
  endfacet
  facet normal 0 0 1
    outer loop
      vertex 0 5 3
      vertex 5.31454 75.2781 3
      vertex 5.3 75.5 3
    endloop
  endfacet
  facet normal 0 0 1
    outer loop
      vertex 5.35793 7.43999 3
      vertex 0 5 3
      vertex 5.31454 7.22189 3
    endloop
  endfacet
  facet normal -0 0 1
    outer loop
      vertex 8.64207 143.56 3
      vertex 19.49 138.76 3
      vertex 8.68546 143.778 3
    endloop
  endfacet
  facet normal 0 0 1
    outer loop
      vertex 19.49 138.76 3
      vertex 8.68546 75.7219 3
      vertex 8.7 75.5 3
    endloop
  endfacet
  facet normal -0 0 1
    outer loop
      vertex 8.57059 143.349 3
      vertex 19.49 138.76 3
      vertex 8.64207 143.56 3
    endloop
  endfacet
  facet normal 0 0 1
    outer loop
      vertex 19.49 138.76 3
      vertex 8.64207 75.94 3
      vertex 8.68546 75.7219 3
    endloop
  endfacet
  facet normal -0 0 1
    outer loop
      vertex 8.47224 143.15 3
      vertex 19.49 138.76 3
      vertex 8.57059 143.349 3
    endloop
  endfacet
  facet normal 0 0 1
    outer loop
      vertex 19.49 138.76 3
      vertex 8.57059 76.1506 3
      vertex 8.64207 75.94 3
    endloop
  endfacet
  facet normal -0 0 1
    outer loop
      vertex 8.3487 142.965 3
      vertex 19.49 138.76 3
      vertex 8.47224 143.15 3
    endloop
  endfacet
  facet normal 0 0 1
    outer loop
      vertex 19.49 138.76 3
      vertex 8.47224 76.35 3
      vertex 8.57059 76.1506 3
    endloop
  endfacet
  facet normal -0 0 1
    outer loop
      vertex 8.20208 142.798 3
      vertex 19.49 138.76 3
      vertex 8.3487 142.965 3
    endloop
  endfacet
  facet normal 0 0 1
    outer loop
      vertex 19.49 138.76 3
      vertex 8.3487 76.5349 3
      vertex 8.47224 76.35 3
    endloop
  endfacet
  facet normal -0 0 1
    outer loop
      vertex 8.03489 142.651 3
      vertex 19.49 138.76 3
      vertex 8.20208 142.798 3
    endloop
  endfacet
  facet normal 0 0 1
    outer loop
      vertex 19.49 138.76 3
      vertex 8.20208 76.7021 3
      vertex 8.3487 76.5349 3
    endloop
  endfacet
  facet normal -0 0 1
    outer loop
      vertex 7.85 142.528 3
      vertex 19.49 138.76 3
      vertex 8.03489 142.651 3
    endloop
  endfacet
  facet normal 0 0 1
    outer loop
      vertex 19.49 138.76 3
      vertex 8.03489 76.8487 3
      vertex 8.20208 76.7021 3
    endloop
  endfacet
  facet normal -0 0 1
    outer loop
      vertex 7.65056 142.429 3
      vertex 19.49 138.76 3
      vertex 7.85 142.528 3
    endloop
  endfacet
  facet normal 0 0 1
    outer loop
      vertex 19.49 138.76 3
      vertex 7.85 76.9722 3
      vertex 8.03489 76.8487 3
    endloop
  endfacet
  facet normal -0 0 1
    outer loop
      vertex 7.43999 142.358 3
      vertex 19.49 138.76 3
      vertex 7.65056 142.429 3
    endloop
  endfacet
  facet normal 0 0 1
    outer loop
      vertex 19.49 138.76 3
      vertex 7.65056 77.0706 3
      vertex 7.85 76.9722 3
    endloop
  endfacet
  facet normal -0 0 1
    outer loop
      vertex 7.22189 142.315 3
      vertex 19.49 138.76 3
      vertex 7.43999 142.358 3
    endloop
  endfacet
  facet normal 0 0 1
    outer loop
      vertex 19.49 138.76 3
      vertex 7.43999 77.1421 3
      vertex 7.65056 77.0706 3
    endloop
  endfacet
  facet normal -0 0 1
    outer loop
      vertex 7 142.3 3
      vertex 19.49 138.76 3
      vertex 7.22189 142.315 3
    endloop
  endfacet
  facet normal 0 0 1
    outer loop
      vertex 19.49 138.76 3
      vertex 7.22189 77.1855 3
      vertex 7.43999 77.1421 3
    endloop
  endfacet
  facet normal 0 0 1
    outer loop
      vertex 7 77.2 3
      vertex 19.49 138.76 3
      vertex 7 142.3 3
    endloop
  endfacet
  facet normal 0 0 1
    outer loop
      vertex 19.49 138.76 3
      vertex 7 77.2 3
      vertex 7.22189 77.1855 3
    endloop
  endfacet
  facet normal 0 0 1
    outer loop
      vertex 6.77811 142.315 3
      vertex 7 77.2 3
      vertex 7 142.3 3
    endloop
  endfacet
  facet normal 0 0 1
    outer loop
      vertex 6.77811 142.315 3
      vertex 6.77811 77.1855 3
      vertex 7 77.2 3
    endloop
  endfacet
  facet normal 0 0 1
    outer loop
      vertex 6.56001 142.358 3
      vertex 6.77811 77.1855 3
      vertex 6.77811 142.315 3
    endloop
  endfacet
  facet normal 0 0 1
    outer loop
      vertex 6.56001 142.358 3
      vertex 6.56001 77.1421 3
      vertex 6.77811 77.1855 3
    endloop
  endfacet
  facet normal 0 0 1
    outer loop
      vertex 6.34944 142.429 3
      vertex 6.56001 77.1421 3
      vertex 6.56001 142.358 3
    endloop
  endfacet
  facet normal 0 0 1
    outer loop
      vertex 6.34944 142.429 3
      vertex 6.34944 77.0706 3
      vertex 6.56001 77.1421 3
    endloop
  endfacet
  facet normal 0 0 1
    outer loop
      vertex 6.15 142.528 3
      vertex 6.34944 77.0706 3
      vertex 6.34944 142.429 3
    endloop
  endfacet
  facet normal 0 0 1
    outer loop
      vertex 6.15 142.528 3
      vertex 6.15 76.9722 3
      vertex 6.34944 77.0706 3
    endloop
  endfacet
  facet normal 0 0 1
    outer loop
      vertex 5.96511 142.651 3
      vertex 6.15 76.9722 3
      vertex 6.15 142.528 3
    endloop
  endfacet
  facet normal 0 0 1
    outer loop
      vertex 5.96511 142.651 3
      vertex 5.96511 76.8487 3
      vertex 6.15 76.9722 3
    endloop
  endfacet
  facet normal 0 0 1
    outer loop
      vertex 0 146 3
      vertex 5.96511 142.651 3
      vertex 5.79792 142.798 3
    endloop
  endfacet
  facet normal 0 0 1
    outer loop
      vertex 5.96511 142.651 3
      vertex 0 146 3
      vertex 5.96511 76.8487 3
    endloop
  endfacet
  facet normal 0 0 1
    outer loop
      vertex 0 146 3
      vertex 5.79792 142.798 3
      vertex 5.6513 142.965 3
    endloop
  endfacet
  facet normal 0 0 1
    outer loop
      vertex 5.96511 76.8487 3
      vertex 0 146 3
      vertex 5.79792 76.7021 3
    endloop
  endfacet
  facet normal 0 0 1
    outer loop
      vertex 0 146 3
      vertex 5.6513 142.965 3
      vertex 5.52776 143.15 3
    endloop
  endfacet
  facet normal 0 0 1
    outer loop
      vertex 5.79792 76.7021 3
      vertex 0 146 3
      vertex 5.6513 76.5349 3
    endloop
  endfacet
  facet normal 0 0 1
    outer loop
      vertex 0 146 3
      vertex 5.52776 143.15 3
      vertex 5.42941 143.349 3
    endloop
  endfacet
  facet normal 0 0 1
    outer loop
      vertex 5.6513 76.5349 3
      vertex 0 146 3
      vertex 5.52776 76.35 3
    endloop
  endfacet
  facet normal 0 0 1
    outer loop
      vertex 0 146 3
      vertex 5.42941 143.349 3
      vertex 5.35793 143.56 3
    endloop
  endfacet
  facet normal 0 0 1
    outer loop
      vertex 5.52776 76.35 3
      vertex 0 146 3
      vertex 5.42941 76.1506 3
    endloop
  endfacet
  facet normal 0 0 1
    outer loop
      vertex 0 146 3
      vertex 5.35793 143.56 3
      vertex 5.31454 143.778 3
    endloop
  endfacet
  facet normal 0 0 1
    outer loop
      vertex 5.42941 76.1506 3
      vertex 0 146 3
      vertex 5.35793 75.94 3
    endloop
  endfacet
  facet normal 0 0 1
    outer loop
      vertex 0 146 3
      vertex 5.31454 143.778 3
      vertex 5.3 144 3
    endloop
  endfacet
  facet normal 0 0 1
    outer loop
      vertex 5.35793 75.94 3
      vertex 0 146 3
      vertex 5.31454 75.7219 3
    endloop
  endfacet
  facet normal -0 0 1
    outer loop
      vertex 257.642 75.06 3
      vertex 263 5 3
      vertex 257.685 75.2781 3
    endloop
  endfacet
  facet normal 0 0 1
    outer loop
      vertex 263 5 3
      vertex 257.685 7.22189 3
      vertex 257.7 7 3
    endloop
  endfacet
  facet normal -0 0 1
    outer loop
      vertex 257.571 74.8494 3
      vertex 263 5 3
      vertex 257.642 75.06 3
    endloop
  endfacet
  facet normal 0 0 1
    outer loop
      vertex 263 5 3
      vertex 257.642 7.43999 3
      vertex 257.685 7.22189 3
    endloop
  endfacet
  facet normal -0 0 1
    outer loop
      vertex 257.472 74.65 3
      vertex 263 5 3
      vertex 257.571 74.8494 3
    endloop
  endfacet
  facet normal 0 0 1
    outer loop
      vertex 263 5 3
      vertex 257.571 7.65056 3
      vertex 257.642 7.43999 3
    endloop
  endfacet
  facet normal -0 0 1
    outer loop
      vertex 257.349 74.4651 3
      vertex 263 5 3
      vertex 257.472 74.65 3
    endloop
  endfacet
  facet normal 0 0 1
    outer loop
      vertex 263 5 3
      vertex 257.472 7.85 3
      vertex 257.571 7.65056 3
    endloop
  endfacet
  facet normal -0 0 1
    outer loop
      vertex 257.202 74.2979 3
      vertex 263 5 3
      vertex 257.349 74.4651 3
    endloop
  endfacet
  facet normal 0 0 1
    outer loop
      vertex 263 5 3
      vertex 257.349 8.03489 3
      vertex 257.472 7.85 3
    endloop
  endfacet
  facet normal -0 0 1
    outer loop
      vertex 257.035 74.1513 3
      vertex 263 5 3
      vertex 257.202 74.2979 3
    endloop
  endfacet
  facet normal 0 0 1
    outer loop
      vertex 263 5 3
      vertex 257.202 8.20208 3
      vertex 257.349 8.03489 3
    endloop
  endfacet
  facet normal -0 0 1
    outer loop
      vertex 257.035 8.3487 3
      vertex 263 5 3
      vertex 257.035 74.1513 3
    endloop
  endfacet
  facet normal 0 0 1
    outer loop
      vertex 263 5 3
      vertex 257.035 8.3487 3
      vertex 257.202 8.20208 3
    endloop
  endfacet
  facet normal -0 0 1
    outer loop
      vertex 256.85 74.0278 3
      vertex 257.035 8.3487 3
      vertex 257.035 74.1513 3
    endloop
  endfacet
  facet normal 0 0 1
    outer loop
      vertex 256.85 74.0278 3
      vertex 256.85 8.47224 3
      vertex 257.035 8.3487 3
    endloop
  endfacet
  facet normal -0 0 1
    outer loop
      vertex 256.651 73.9294 3
      vertex 256.85 8.47224 3
      vertex 256.85 74.0278 3
    endloop
  endfacet
  facet normal 0 0 1
    outer loop
      vertex 256.651 73.9294 3
      vertex 256.651 8.57059 3
      vertex 256.85 8.47224 3
    endloop
  endfacet
  facet normal -0 0 1
    outer loop
      vertex 256.44 73.8579 3
      vertex 256.651 8.57059 3
      vertex 256.651 73.9294 3
    endloop
  endfacet
  facet normal 0 0 1
    outer loop
      vertex 256.44 73.8579 3
      vertex 256.44 8.64207 3
      vertex 256.651 8.57059 3
    endloop
  endfacet
  facet normal -0 0 1
    outer loop
      vertex 256.222 73.8145 3
      vertex 256.44 8.64207 3
      vertex 256.44 73.8579 3
    endloop
  endfacet
  facet normal 0 0 1
    outer loop
      vertex 256.222 73.8145 3
      vertex 256.222 8.68546 3
      vertex 256.44 8.64207 3
    endloop
  endfacet
  facet normal -0 0 1
    outer loop
      vertex 256 73.8 3
      vertex 256.222 8.68546 3
      vertex 256.222 73.8145 3
    endloop
  endfacet
  facet normal 0 0 1
    outer loop
      vertex 256 73.8 3
      vertex 256 8.7 3
      vertex 256.222 8.68546 3
    endloop
  endfacet
  facet normal 0 0 1
    outer loop
      vertex 243.51 12.24 3
      vertex 256 73.8 3
      vertex 255.778 73.8145 3
    endloop
  endfacet
  facet normal 0 0 1
    outer loop
      vertex 256 73.8 3
      vertex 243.51 12.24 3
      vertex 256 8.7 3
    endloop
  endfacet
  facet normal 0 0 1
    outer loop
      vertex 243.51 12.24 3
      vertex 255.778 73.8145 3
      vertex 255.56 73.8579 3
    endloop
  endfacet
  facet normal 0 0 1
    outer loop
      vertex 256 8.7 3
      vertex 243.51 12.24 3
      vertex 255.778 8.68546 3
    endloop
  endfacet
  facet normal 0 0 1
    outer loop
      vertex 243.51 12.24 3
      vertex 255.56 73.8579 3
      vertex 255.349 73.9294 3
    endloop
  endfacet
  facet normal 0 0 1
    outer loop
      vertex 255.778 8.68546 3
      vertex 243.51 12.24 3
      vertex 255.56 8.64207 3
    endloop
  endfacet
  facet normal 0 0 1
    outer loop
      vertex 243.51 12.24 3
      vertex 255.349 73.9294 3
      vertex 255.15 74.0278 3
    endloop
  endfacet
  facet normal 0 0 1
    outer loop
      vertex 255.56 8.64207 3
      vertex 243.51 12.24 3
      vertex 255.349 8.57059 3
    endloop
  endfacet
  facet normal 0 0 1
    outer loop
      vertex 243.51 12.24 3
      vertex 255.15 74.0278 3
      vertex 254.965 74.1513 3
    endloop
  endfacet
  facet normal 0 0 1
    outer loop
      vertex 255.349 8.57059 3
      vertex 243.51 12.24 3
      vertex 255.15 8.47224 3
    endloop
  endfacet
  facet normal 0 0 1
    outer loop
      vertex 243.51 12.24 3
      vertex 254.965 74.1513 3
      vertex 254.798 74.2979 3
    endloop
  endfacet
  facet normal 0 0 1
    outer loop
      vertex 255.15 8.47224 3
      vertex 243.51 12.24 3
      vertex 254.965 8.3487 3
    endloop
  endfacet
  facet normal 0 0 1
    outer loop
      vertex 243.51 12.24 3
      vertex 254.798 74.2979 3
      vertex 254.651 74.4651 3
    endloop
  endfacet
  facet normal 0 0 1
    outer loop
      vertex 254.965 8.3487 3
      vertex 243.51 12.24 3
      vertex 254.798 8.20208 3
    endloop
  endfacet
  facet normal 0 0 1
    outer loop
      vertex 243.51 12.24 3
      vertex 254.651 74.4651 3
      vertex 254.528 74.65 3
    endloop
  endfacet
  facet normal 0 0 1
    outer loop
      vertex 254.798 8.20208 3
      vertex 243.51 12.24 3
      vertex 254.651 8.03489 3
    endloop
  endfacet
  facet normal 0 0 1
    outer loop
      vertex 243.51 12.24 3
      vertex 254.528 74.65 3
      vertex 254.429 74.8494 3
    endloop
  endfacet
  facet normal 0 0 1
    outer loop
      vertex 254.651 8.03489 3
      vertex 243.51 12.24 3
      vertex 254.528 7.85 3
    endloop
  endfacet
  facet normal 0 0 1
    outer loop
      vertex 243.51 12.24 3
      vertex 254.429 74.8494 3
      vertex 254.358 75.06 3
    endloop
  endfacet
  facet normal 0 0 1
    outer loop
      vertex 254.528 7.85 3
      vertex 243.51 12.24 3
      vertex 254.429 7.65056 3
    endloop
  endfacet
  facet normal 0 0 1
    outer loop
      vertex 243.51 12.24 3
      vertex 254.358 75.06 3
      vertex 254.315 75.2781 3
    endloop
  endfacet
  facet normal 0 0 1
    outer loop
      vertex 254.429 7.65056 3
      vertex 243.51 12.24 3
      vertex 254.358 7.43999 3
    endloop
  endfacet
  facet normal 0 0 1
    outer loop
      vertex 243.51 12.24 3
      vertex 254.315 75.2781 3
      vertex 254.3 75.5 3
    endloop
  endfacet
  facet normal 0 0 1
    outer loop
      vertex 254.358 7.43999 3
      vertex 243.51 12.24 3
      vertex 254.315 7.22189 3
    endloop
  endfacet
  facet normal 0 0 1
    outer loop
      vertex 257.642 143.56 3
      vertex 263 146 3
      vertex 257.685 143.778 3
    endloop
  endfacet
  facet normal 0 0 1
    outer loop
      vertex 263 146 3
      vertex 257.685 75.7219 3
      vertex 257.7 75.5 3
    endloop
  endfacet
  facet normal 0 0 1
    outer loop
      vertex 257.571 143.349 3
      vertex 263 146 3
      vertex 257.642 143.56 3
    endloop
  endfacet
  facet normal 0 0 1
    outer loop
      vertex 263 146 3
      vertex 257.642 75.94 3
      vertex 257.685 75.7219 3
    endloop
  endfacet
  facet normal 0 0 1
    outer loop
      vertex 257.472 143.15 3
      vertex 263 146 3
      vertex 257.571 143.349 3
    endloop
  endfacet
  facet normal 0 0 1
    outer loop
      vertex 263 146 3
      vertex 257.571 76.1506 3
      vertex 257.642 75.94 3
    endloop
  endfacet
  facet normal 0 0 1
    outer loop
      vertex 257.349 142.965 3
      vertex 263 146 3
      vertex 257.472 143.15 3
    endloop
  endfacet
  facet normal 0 0 1
    outer loop
      vertex 263 146 3
      vertex 257.472 76.35 3
      vertex 257.571 76.1506 3
    endloop
  endfacet
  facet normal 0 0 1
    outer loop
      vertex 257.202 142.798 3
      vertex 263 146 3
      vertex 257.349 142.965 3
    endloop
  endfacet
  facet normal 0 0 1
    outer loop
      vertex 263 146 3
      vertex 257.349 76.5349 3
      vertex 257.472 76.35 3
    endloop
  endfacet
  facet normal 0 0 1
    outer loop
      vertex 257.035 142.651 3
      vertex 263 146 3
      vertex 257.202 142.798 3
    endloop
  endfacet
  facet normal 0 0 1
    outer loop
      vertex 263 146 3
      vertex 257.202 76.7021 3
      vertex 257.349 76.5349 3
    endloop
  endfacet
  facet normal 0 0 1
    outer loop
      vertex 257.035 76.8487 3
      vertex 263 146 3
      vertex 257.035 142.651 3
    endloop
  endfacet
  facet normal 0 0 1
    outer loop
      vertex 263 146 3
      vertex 257.035 76.8487 3
      vertex 257.202 76.7021 3
    endloop
  endfacet
  facet normal -0 0 1
    outer loop
      vertex 256.85 142.528 3
      vertex 257.035 76.8487 3
      vertex 257.035 142.651 3
    endloop
  endfacet
  facet normal 0 0 1
    outer loop
      vertex 256.85 142.528 3
      vertex 256.85 76.9722 3
      vertex 257.035 76.8487 3
    endloop
  endfacet
  facet normal -0 0 1
    outer loop
      vertex 256.651 142.429 3
      vertex 256.85 76.9722 3
      vertex 256.85 142.528 3
    endloop
  endfacet
  facet normal 0 0 1
    outer loop
      vertex 256.651 142.429 3
      vertex 256.651 77.0706 3
      vertex 256.85 76.9722 3
    endloop
  endfacet
  facet normal -0 0 1
    outer loop
      vertex 256.44 142.358 3
      vertex 256.651 77.0706 3
      vertex 256.651 142.429 3
    endloop
  endfacet
  facet normal 0 0 1
    outer loop
      vertex 256.44 142.358 3
      vertex 256.44 77.1421 3
      vertex 256.651 77.0706 3
    endloop
  endfacet
  facet normal -0 0 1
    outer loop
      vertex 256.222 142.315 3
      vertex 256.44 77.1421 3
      vertex 256.44 142.358 3
    endloop
  endfacet
  facet normal 0 0 1
    outer loop
      vertex 256.222 142.315 3
      vertex 256.222 77.1855 3
      vertex 256.44 77.1421 3
    endloop
  endfacet
  facet normal -0 0 1
    outer loop
      vertex 256 142.3 3
      vertex 256.222 77.1855 3
      vertex 256.222 142.315 3
    endloop
  endfacet
  facet normal 0 0 1
    outer loop
      vertex 256 142.3 3
      vertex 256 77.2 3
      vertex 256.222 77.1855 3
    endloop
  endfacet
  facet normal 0 0 1
    outer loop
      vertex 243.51 138.76 3
      vertex 256 142.3 3
      vertex 255.778 142.315 3
    endloop
  endfacet
  facet normal 0 0 1
    outer loop
      vertex 256 142.3 3
      vertex 243.51 138.76 3
      vertex 256 77.2 3
    endloop
  endfacet
  facet normal 0 0 1
    outer loop
      vertex 243.51 138.76 3
      vertex 255.778 142.315 3
      vertex 255.56 142.358 3
    endloop
  endfacet
  facet normal 0 0 1
    outer loop
      vertex 256 77.2 3
      vertex 243.51 138.76 3
      vertex 255.778 77.1855 3
    endloop
  endfacet
  facet normal 0 0 1
    outer loop
      vertex 243.51 138.76 3
      vertex 255.56 142.358 3
      vertex 255.349 142.429 3
    endloop
  endfacet
  facet normal 0 0 1
    outer loop
      vertex 255.778 77.1855 3
      vertex 243.51 138.76 3
      vertex 255.56 77.1421 3
    endloop
  endfacet
  facet normal 0 0 1
    outer loop
      vertex 243.51 138.76 3
      vertex 255.349 142.429 3
      vertex 255.15 142.528 3
    endloop
  endfacet
  facet normal 0 0 1
    outer loop
      vertex 255.56 77.1421 3
      vertex 243.51 138.76 3
      vertex 255.349 77.0706 3
    endloop
  endfacet
  facet normal 0 0 1
    outer loop
      vertex 243.51 138.76 3
      vertex 255.15 142.528 3
      vertex 254.965 142.651 3
    endloop
  endfacet
  facet normal 0 0 1
    outer loop
      vertex 255.349 77.0706 3
      vertex 243.51 138.76 3
      vertex 255.15 76.9722 3
    endloop
  endfacet
  facet normal 0 0 1
    outer loop
      vertex 243.51 138.76 3
      vertex 254.965 142.651 3
      vertex 254.798 142.798 3
    endloop
  endfacet
  facet normal 0 0 1
    outer loop
      vertex 255.15 76.9722 3
      vertex 243.51 138.76 3
      vertex 254.965 76.8487 3
    endloop
  endfacet
  facet normal 0 0 1
    outer loop
      vertex 243.51 138.76 3
      vertex 254.798 142.798 3
      vertex 254.651 142.965 3
    endloop
  endfacet
  facet normal 0 0 1
    outer loop
      vertex 254.965 76.8487 3
      vertex 243.51 138.76 3
      vertex 254.798 76.7021 3
    endloop
  endfacet
  facet normal 0 0 1
    outer loop
      vertex 243.51 138.76 3
      vertex 254.651 142.965 3
      vertex 254.528 143.15 3
    endloop
  endfacet
  facet normal 0 0 1
    outer loop
      vertex 254.798 76.7021 3
      vertex 243.51 138.76 3
      vertex 254.651 76.5349 3
    endloop
  endfacet
  facet normal 0 0 1
    outer loop
      vertex 243.51 138.76 3
      vertex 254.528 143.15 3
      vertex 254.429 143.349 3
    endloop
  endfacet
  facet normal 0 0 1
    outer loop
      vertex 254.651 76.5349 3
      vertex 243.51 138.76 3
      vertex 254.528 76.35 3
    endloop
  endfacet
  facet normal 0 0 1
    outer loop
      vertex 243.51 138.76 3
      vertex 254.429 143.349 3
      vertex 254.358 143.56 3
    endloop
  endfacet
  facet normal 0 0 1
    outer loop
      vertex 254.528 76.35 3
      vertex 243.51 138.76 3
      vertex 254.429 76.1506 3
    endloop
  endfacet
  facet normal 0 0 1
    outer loop
      vertex 243.51 138.76 3
      vertex 254.358 143.56 3
      vertex 254.315 143.778 3
    endloop
  endfacet
  facet normal 0 0 1
    outer loop
      vertex 254.429 76.1506 3
      vertex 243.51 138.76 3
      vertex 254.358 75.94 3
    endloop
  endfacet
  facet normal 0 0 1
    outer loop
      vertex 243.51 138.76 3
      vertex 254.315 143.778 3
      vertex 254.3 144 3
    endloop
  endfacet
  facet normal 0 0 1
    outer loop
      vertex 254.358 75.94 3
      vertex 243.51 138.76 3
      vertex 254.315 75.7219 3
    endloop
  endfacet
  facet normal 0 0 1
    outer loop
      vertex 257.472 144.85 3
      vertex 263 146 3
      vertex 262.957 146.653 3
    endloop
  endfacet
  facet normal 0 0 1
    outer loop
      vertex 263 146 3
      vertex 257.7 75.5 3
      vertex 263 5 3
    endloop
  endfacet
  facet normal 0 0 1
    outer loop
      vertex 257.472 144.85 3
      vertex 262.957 146.653 3
      vertex 262.83 147.294 3
    endloop
  endfacet
  facet normal -0 0 1
    outer loop
      vertex 257.685 75.2781 3
      vertex 263 5 3
      vertex 257.7 75.5 3
    endloop
  endfacet
  facet normal 0 0 1
    outer loop
      vertex 257.349 145.035 3
      vertex 262.83 147.294 3
      vertex 262.619 147.913 3
    endloop
  endfacet
  facet normal -0 0 1
    outer loop
      vertex 257.685 6.77811 3
      vertex 263 5 3
      vertex 257.7 7 3
    endloop
  endfacet
  facet normal 0 0 1
    outer loop
      vertex 257.349 145.035 3
      vertex 262.619 147.913 3
      vertex 262.33 148.5 3
    endloop
  endfacet
  facet normal -0 0 1
    outer loop
      vertex 257.642 6.56001 3
      vertex 263 5 3
      vertex 257.685 6.77811 3
    endloop
  endfacet
  facet normal 0 0 1
    outer loop
      vertex 257.349 145.035 3
      vertex 262.33 148.5 3
      vertex 261.967 149.044 3
    endloop
  endfacet
  facet normal -0 0 1
    outer loop
      vertex 257.571 6.34944 3
      vertex 263 5 3
      vertex 257.642 6.56001 3
    endloop
  endfacet
  facet normal 0 0 1
    outer loop
      vertex 257.202 145.202 3
      vertex 261.967 149.044 3
      vertex 261.536 149.536 3
    endloop
  endfacet
  facet normal -0 0 1
    outer loop
      vertex 257.472 6.15 3
      vertex 263 5 3
      vertex 257.571 6.34944 3
    endloop
  endfacet
  facet normal 0 0 1
    outer loop
      vertex 257.202 145.202 3
      vertex 261.536 149.536 3
      vertex 261.044 149.967 3
    endloop
  endfacet
  facet normal 0 0 1
    outer loop
      vertex 263 5 3
      vertex 257.472 6.15 3
      vertex 262.957 4.34738 3
    endloop
  endfacet
  facet normal 0 0 1
    outer loop
      vertex 257.035 145.349 3
      vertex 261.044 149.967 3
      vertex 260.5 150.33 3
    endloop
  endfacet
  facet normal 0 0 1
    outer loop
      vertex 262.957 4.34738 3
      vertex 257.472 6.15 3
      vertex 262.83 3.70592 3
    endloop
  endfacet
  facet normal 0 0 1
    outer loop
      vertex 257.035 145.349 3
      vertex 260.5 150.33 3
      vertex 259.913 150.619 3
    endloop
  endfacet
  facet normal -0 0 1
    outer loop
      vertex 257.349 5.96511 3
      vertex 262.83 3.70592 3
      vertex 257.472 6.15 3
    endloop
  endfacet
  facet normal 0 0 1
    outer loop
      vertex 257.035 145.349 3
      vertex 259.913 150.619 3
      vertex 259.294 150.83 3
    endloop
  endfacet
  facet normal 0 0 1
    outer loop
      vertex 262.83 3.70592 3
      vertex 257.349 5.96511 3
      vertex 262.619 3.08659 3
    endloop
  endfacet
  facet normal 0 0 1
    outer loop
      vertex 256.85 145.472 3
      vertex 259.294 150.83 3
      vertex 258.653 150.957 3
    endloop
  endfacet
  facet normal 0 0 1
    outer loop
      vertex 262.619 3.08659 3
      vertex 257.349 5.96511 3
      vertex 262.33 2.5 3
    endloop
  endfacet
  facet normal 0 0 1
    outer loop
      vertex 256.85 145.472 3
      vertex 258.653 150.957 3
      vertex 258 151 3
    endloop
  endfacet
  facet normal 0 0 1
    outer loop
      vertex 262.33 2.5 3
      vertex 257.349 5.96511 3
      vertex 261.967 1.95621 3
    endloop
  endfacet
  facet normal 0 0 1
    outer loop
      vertex 257.685 143.778 3
      vertex 263 146 3
      vertex 257.7 144 3
    endloop
  endfacet
  facet normal 0 0 1
    outer loop
      vertex 263 146 3
      vertex 257.685 144.222 3
      vertex 257.7 144 3
    endloop
  endfacet
  facet normal 0 0 1
    outer loop
      vertex 263 146 3
      vertex 257.642 144.44 3
      vertex 257.685 144.222 3
    endloop
  endfacet
  facet normal 0 0 1
    outer loop
      vertex 263 146 3
      vertex 257.571 144.651 3
      vertex 257.642 144.44 3
    endloop
  endfacet
  facet normal 0 0 1
    outer loop
      vertex 263 146 3
      vertex 257.472 144.85 3
      vertex 257.571 144.651 3
    endloop
  endfacet
  facet normal 0 0 1
    outer loop
      vertex 262.83 147.294 3
      vertex 257.349 145.035 3
      vertex 257.472 144.85 3
    endloop
  endfacet
  facet normal 0 0 1
    outer loop
      vertex 261.967 149.044 3
      vertex 257.202 145.202 3
      vertex 257.349 145.035 3
    endloop
  endfacet
  facet normal 0 0 1
    outer loop
      vertex 261.044 149.967 3
      vertex 257.035 145.349 3
      vertex 257.202 145.202 3
    endloop
  endfacet
  facet normal 0 0 1
    outer loop
      vertex 259.294 150.83 3
      vertex 256.85 145.472 3
      vertex 257.035 145.349 3
    endloop
  endfacet
  facet normal 0 0 1
    outer loop
      vertex 258 151 3
      vertex 256.651 145.571 3
      vertex 256.85 145.472 3
    endloop
  endfacet
  facet normal 0 0 1
    outer loop
      vertex 258 151 3
      vertex 256.44 145.642 3
      vertex 256.651 145.571 3
    endloop
  endfacet
  facet normal 0 0 1
    outer loop
      vertex 258 151 3
      vertex 256.222 145.685 3
      vertex 256.44 145.642 3
    endloop
  endfacet
  facet normal 0 0 1
    outer loop
      vertex 258 151 3
      vertex 256 145.7 3
      vertex 256.222 145.685 3
    endloop
  endfacet
  facet normal 0 0 1
    outer loop
      vertex 258 151 3
      vertex 255.778 145.685 3
      vertex 256 145.7 3
    endloop
  endfacet
  facet normal 0 0 1
    outer loop
      vertex 258 151 3
      vertex 255.56 145.642 3
      vertex 255.778 145.685 3
    endloop
  endfacet
  facet normal 0 0 1
    outer loop
      vertex 258 151 3
      vertex 255.349 145.571 3
      vertex 255.56 145.642 3
    endloop
  endfacet
  facet normal 0 0 1
    outer loop
      vertex 258 151 3
      vertex 255.15 145.472 3
      vertex 255.349 145.571 3
    endloop
  endfacet
  facet normal 0 0 1
    outer loop
      vertex 258 151 3
      vertex 254.965 145.349 3
      vertex 255.15 145.472 3
    endloop
  endfacet
  facet normal 0 0 1
    outer loop
      vertex 258 151 3
      vertex 254.798 145.202 3
      vertex 254.965 145.349 3
    endloop
  endfacet
  facet normal 0 0 1
    outer loop
      vertex 258 151 3
      vertex 254.651 145.035 3
      vertex 254.798 145.202 3
    endloop
  endfacet
  facet normal 0 0 1
    outer loop
      vertex 243.51 138.76 3
      vertex 254.651 145.035 3
      vertex 258 151 3
    endloop
  endfacet
  facet normal 0 0 1
    outer loop
      vertex 254.315 75.7219 3
      vertex 243.51 138.76 3
      vertex 254.3 75.5 3
    endloop
  endfacet
  facet normal 0 0 1
    outer loop
      vertex 243.51 12.24 3
      vertex 254.3 75.5 3
      vertex 243.51 138.76 3
    endloop
  endfacet
  facet normal 0 0 1
    outer loop
      vertex 254.315 144.222 3
      vertex 243.51 138.76 3
      vertex 254.3 144 3
    endloop
  endfacet
  facet normal 0 0 1
    outer loop
      vertex 254.358 144.44 3
      vertex 243.51 138.76 3
      vertex 254.315 144.222 3
    endloop
  endfacet
  facet normal 0 0 1
    outer loop
      vertex 254.429 144.651 3
      vertex 243.51 138.76 3
      vertex 254.358 144.44 3
    endloop
  endfacet
  facet normal 0 0 1
    outer loop
      vertex 254.528 144.85 3
      vertex 243.51 138.76 3
      vertex 254.429 144.651 3
    endloop
  endfacet
  facet normal 0 0 1
    outer loop
      vertex 254.651 145.035 3
      vertex 243.51 138.76 3
      vertex 254.528 144.85 3
    endloop
  endfacet
  facet normal 0 0 1
    outer loop
      vertex 258 151 3
      vertex 19.49 138.76 3
      vertex 243.51 138.76 3
    endloop
  endfacet
  facet normal -0 0 1
    outer loop
      vertex 8.68546 143.778 3
      vertex 19.49 138.76 3
      vertex 8.7 144 3
    endloop
  endfacet
  facet normal -0 0 1
    outer loop
      vertex 5 151 3
      vertex 19.49 138.76 3
      vertex 258 151 3
    endloop
  endfacet
  facet normal 0 0 1
    outer loop
      vertex 19.49 138.76 3
      vertex 8.68546 144.222 3
      vertex 8.7 144 3
    endloop
  endfacet
  facet normal 0 0 1
    outer loop
      vertex 19.49 138.76 3
      vertex 8.64207 144.44 3
      vertex 8.68546 144.222 3
    endloop
  endfacet
  facet normal 0 0 1
    outer loop
      vertex 19.49 138.76 3
      vertex 8.57059 144.651 3
      vertex 8.64207 144.44 3
    endloop
  endfacet
  facet normal 0 0 1
    outer loop
      vertex 19.49 138.76 3
      vertex 8.47224 144.85 3
      vertex 8.57059 144.651 3
    endloop
  endfacet
  facet normal -0 -0 1
    outer loop
      vertex 8.3487 145.035 3
      vertex 19.49 138.76 3
      vertex 5 151 3
    endloop
  endfacet
  facet normal 0 0 1
    outer loop
      vertex 19.49 138.76 3
      vertex 8.3487 145.035 3
      vertex 8.47224 144.85 3
    endloop
  endfacet
  facet normal 0 0 1
    outer loop
      vertex 8.3487 145.035 3
      vertex 5 151 3
      vertex 8.20208 145.202 3
    endloop
  endfacet
  facet normal 0 0 1
    outer loop
      vertex 8.20208 145.202 3
      vertex 5 151 3
      vertex 8.03489 145.349 3
    endloop
  endfacet
  facet normal 0 0 1
    outer loop
      vertex 8.03489 145.349 3
      vertex 5 151 3
      vertex 7.85 145.472 3
    endloop
  endfacet
  facet normal 0 0 1
    outer loop
      vertex 7.85 145.472 3
      vertex 5 151 3
      vertex 7.65056 145.571 3
    endloop
  endfacet
  facet normal 0 0 1
    outer loop
      vertex 7.65056 145.571 3
      vertex 5 151 3
      vertex 7.43999 145.642 3
    endloop
  endfacet
  facet normal 0 0 1
    outer loop
      vertex 7.43999 145.642 3
      vertex 5 151 3
      vertex 7.22189 145.685 3
    endloop
  endfacet
  facet normal 0 0 1
    outer loop
      vertex 5.31454 75.7219 3
      vertex 0 146 3
      vertex 5.3 75.5 3
    endloop
  endfacet
  facet normal -0 0 1
    outer loop
      vertex 1.03322 149.044 3
      vertex 5.79792 145.202 3
      vertex 1.46446 149.536 3
    endloop
  endfacet
  facet normal -0 0 1
    outer loop
      vertex 1.46446 149.536 3
      vertex 5.79792 145.202 3
      vertex 1.95619 149.967 3
    endloop
  endfacet
  facet normal 0 0 1
    outer loop
      vertex 5.96511 145.349 3
      vertex 1.95619 149.967 3
      vertex 5.79792 145.202 3
    endloop
  endfacet
  facet normal -0 0 1
    outer loop
      vertex 1.95619 149.967 3
      vertex 5.96511 145.349 3
      vertex 2.5 150.33 3
    endloop
  endfacet
  facet normal -0 0 1
    outer loop
      vertex 2.5 150.33 3
      vertex 5.96511 145.349 3
      vertex 3.08658 150.619 3
    endloop
  endfacet
  facet normal -0 0 1
    outer loop
      vertex 3.08658 150.619 3
      vertex 5.96511 145.349 3
      vertex 3.7059 150.83 3
    endloop
  endfacet
  facet normal 0 0 1
    outer loop
      vertex 6.15 145.472 3
      vertex 3.7059 150.83 3
      vertex 5.96511 145.349 3
    endloop
  endfacet
  facet normal -0 0 1
    outer loop
      vertex 3.7059 150.83 3
      vertex 6.15 145.472 3
      vertex 4.34737 150.957 3
    endloop
  endfacet
  facet normal -0 0 1
    outer loop
      vertex 4.34737 150.957 3
      vertex 6.15 145.472 3
      vertex 5 151 3
    endloop
  endfacet
  facet normal 0 0 1
    outer loop
      vertex 6.34944 145.571 3
      vertex 5 151 3
      vertex 6.15 145.472 3
    endloop
  endfacet
  facet normal 0 0 1
    outer loop
      vertex 6.56001 145.642 3
      vertex 5 151 3
      vertex 6.34944 145.571 3
    endloop
  endfacet
  facet normal 0 0 1
    outer loop
      vertex 6.77811 145.685 3
      vertex 5 151 3
      vertex 6.56001 145.642 3
    endloop
  endfacet
  facet normal 0 0 1
    outer loop
      vertex 7 145.7 3
      vertex 5 151 3
      vertex 6.77811 145.685 3
    endloop
  endfacet
  facet normal 0 0 1
    outer loop
      vertex 7.22189 145.685 3
      vertex 5 151 3
      vertex 7 145.7 3
    endloop
  endfacet
  facet normal -0 0 1
    outer loop
      vertex 257.202 5.79792 3
      vertex 261.967 1.95621 3
      vertex 257.349 5.96511 3
    endloop
  endfacet
  facet normal 0 0 1
    outer loop
      vertex 261.967 1.95621 3
      vertex 257.202 5.79792 3
      vertex 261.536 1.46448 3
    endloop
  endfacet
  facet normal 0 0 1
    outer loop
      vertex 261.536 1.46448 3
      vertex 257.202 5.79792 3
      vertex 261.044 1.03323 3
    endloop
  endfacet
  facet normal -0 0 1
    outer loop
      vertex 257.035 5.6513 3
      vertex 261.044 1.03323 3
      vertex 257.202 5.79792 3
    endloop
  endfacet
  facet normal 0 0 1
    outer loop
      vertex 261.044 1.03323 3
      vertex 257.035 5.6513 3
      vertex 260.5 0.669876 3
    endloop
  endfacet
  facet normal 0 0 1
    outer loop
      vertex 260.5 0.669876 3
      vertex 257.035 5.6513 3
      vertex 259.913 0.380615 3
    endloop
  endfacet
  facet normal 0 0 1
    outer loop
      vertex 259.913 0.380615 3
      vertex 257.035 5.6513 3
      vertex 259.294 0.17038 3
    endloop
  endfacet
  facet normal -0 0 1
    outer loop
      vertex 256.85 5.52776 3
      vertex 259.294 0.17038 3
      vertex 257.035 5.6513 3
    endloop
  endfacet
  facet normal 0 0 1
    outer loop
      vertex 259.294 0.17038 3
      vertex 256.85 5.52776 3
      vertex 258.653 0.0427856 3
    endloop
  endfacet
  facet normal 0 0 1
    outer loop
      vertex 258.653 0.0427856 3
      vertex 256.85 5.52776 3
      vertex 258 0 3
    endloop
  endfacet
  facet normal -0 0 1
    outer loop
      vertex 256.651 5.42941 3
      vertex 258 0 3
      vertex 256.85 5.52776 3
    endloop
  endfacet
  facet normal -0 0 1
    outer loop
      vertex 256.44 5.35793 3
      vertex 258 0 3
      vertex 256.651 5.42941 3
    endloop
  endfacet
  facet normal -0 0 1
    outer loop
      vertex 256.222 5.31454 3
      vertex 258 0 3
      vertex 256.44 5.35793 3
    endloop
  endfacet
  facet normal -0 0 1
    outer loop
      vertex 256 5.3 3
      vertex 258 0 3
      vertex 256.222 5.31454 3
    endloop
  endfacet
  facet normal 0 0 1
    outer loop
      vertex 255.778 5.31454 3
      vertex 258 0 3
      vertex 256 5.3 3
    endloop
  endfacet
  facet normal 0 0 1
    outer loop
      vertex 255.56 5.35793 3
      vertex 258 0 3
      vertex 255.778 5.31454 3
    endloop
  endfacet
  facet normal 0 0 1
    outer loop
      vertex 255.349 5.42941 3
      vertex 258 0 3
      vertex 255.56 5.35793 3
    endloop
  endfacet
  facet normal 0 0 1
    outer loop
      vertex 255.15 5.52776 3
      vertex 258 0 3
      vertex 255.349 5.42941 3
    endloop
  endfacet
  facet normal 0 0 1
    outer loop
      vertex 254.965 5.6513 3
      vertex 258 0 3
      vertex 255.15 5.52776 3
    endloop
  endfacet
  facet normal 0 0 1
    outer loop
      vertex 254.798 5.79792 3
      vertex 258 0 3
      vertex 254.965 5.6513 3
    endloop
  endfacet
  facet normal 0 0 1
    outer loop
      vertex 254.651 5.96511 3
      vertex 258 0 3
      vertex 254.798 5.79792 3
    endloop
  endfacet
  facet normal 0 0 1
    outer loop
      vertex 243.51 12.24 3
      vertex 254.651 5.96511 3
      vertex 254.528 6.15 3
    endloop
  endfacet
  facet normal 0 0 1
    outer loop
      vertex 254.315 7.22189 3
      vertex 243.51 12.24 3
      vertex 254.3 7 3
    endloop
  endfacet
  facet normal 0 0 1
    outer loop
      vertex 254.3 7 3
      vertex 243.51 12.24 3
      vertex 254.315 6.77811 3
    endloop
  endfacet
  facet normal 0 0 1
    outer loop
      vertex 243.51 12.24 3
      vertex 254.358 6.56001 3
      vertex 254.315 6.77811 3
    endloop
  endfacet
  facet normal 0 0 1
    outer loop
      vertex 243.51 12.24 3
      vertex 254.429 6.34944 3
      vertex 254.358 6.56001 3
    endloop
  endfacet
  facet normal 0 0 1
    outer loop
      vertex 243.51 12.24 3
      vertex 254.528 6.15 3
      vertex 254.429 6.34944 3
    endloop
  endfacet
  facet normal 0 0 1
    outer loop
      vertex 254.651 5.96511 3
      vertex 243.51 12.24 3
      vertex 258 0 3
    endloop
  endfacet
  facet normal -0 0 1
    outer loop
      vertex 19.49 12.24 3
      vertex 258 0 3
      vertex 243.51 12.24 3
    endloop
  endfacet
  facet normal 0 0 1
    outer loop
      vertex 19.49 138.76 3
      vertex 8.7 75.5 3
      vertex 19.49 12.24 3
    endloop
  endfacet
  facet normal -0 0 1
    outer loop
      vertex 8.68546 75.2781 3
      vertex 19.49 12.24 3
      vertex 8.7 75.5 3
    endloop
  endfacet
  facet normal 0 0 1
    outer loop
      vertex 8.68546 6.77811 3
      vertex 19.49 12.24 3
      vertex 8.7 7 3
    endloop
  endfacet
  facet normal 0 0 1
    outer loop
      vertex 8.64207 6.56001 3
      vertex 19.49 12.24 3
      vertex 8.68546 6.77811 3
    endloop
  endfacet
  facet normal 0 0 1
    outer loop
      vertex 8.57059 6.34944 3
      vertex 19.49 12.24 3
      vertex 8.64207 6.56001 3
    endloop
  endfacet
  facet normal 0 0 1
    outer loop
      vertex 8.47224 6.15 3
      vertex 19.49 12.24 3
      vertex 8.57059 6.34944 3
    endloop
  endfacet
  facet normal 0 0 1
    outer loop
      vertex 8.3487 5.96511 3
      vertex 19.49 12.24 3
      vertex 8.47224 6.15 3
    endloop
  endfacet
  facet normal 0 0 1
    outer loop
      vertex 19.49 12.24 3
      vertex 8.3487 5.96511 3
      vertex 5 0 3
    endloop
  endfacet
  facet normal 0 0 1
    outer loop
      vertex 5 0 3
      vertex 8.3487 5.96511 3
      vertex 8.20208 5.79792 3
    endloop
  endfacet
  facet normal 0 0 1
    outer loop
      vertex 5 0 3
      vertex 8.20208 5.79792 3
      vertex 8.03489 5.6513 3
    endloop
  endfacet
  facet normal 0 0 1
    outer loop
      vertex 5 0 3
      vertex 8.03489 5.6513 3
      vertex 7.85 5.52776 3
    endloop
  endfacet
  facet normal 0 0 1
    outer loop
      vertex 5 0 3
      vertex 7.85 5.52776 3
      vertex 7.65056 5.42941 3
    endloop
  endfacet
  facet normal 0 0 1
    outer loop
      vertex 5 0 3
      vertex 7.65056 5.42941 3
      vertex 7.43999 5.35793 3
    endloop
  endfacet
  facet normal 0 0 1
    outer loop
      vertex 5 0 3
      vertex 7.43999 5.35793 3
      vertex 7.22189 5.31454 3
    endloop
  endfacet
  facet normal 0 0 1
    outer loop
      vertex 5 0 3
      vertex 7.22189 5.31454 3
      vertex 7 5.3 3
    endloop
  endfacet
  facet normal 0 0 1
    outer loop
      vertex 19.49 12.24 3
      vertex 5 0 3
      vertex 258 0 3
    endloop
  endfacet
  facet normal 0 0 1
    outer loop
      vertex 6.77811 5.31454 3
      vertex 5 0 3
      vertex 7 5.3 3
    endloop
  endfacet
  facet normal 0 0 1
    outer loop
      vertex 6.56001 5.35793 3
      vertex 5 0 3
      vertex 6.77811 5.31454 3
    endloop
  endfacet
  facet normal 0 0 1
    outer loop
      vertex 6.34944 5.42941 3
      vertex 5 0 3
      vertex 6.56001 5.35793 3
    endloop
  endfacet
  facet normal 0 0 1
    outer loop
      vertex 6.15 5.52776 3
      vertex 5 0 3
      vertex 6.34944 5.42941 3
    endloop
  endfacet
  facet normal 0 0 1
    outer loop
      vertex 3.7059 0.17038 3
      vertex 6.15 5.52776 3
      vertex 5.96511 5.6513 3
    endloop
  endfacet
  facet normal 0 0 1
    outer loop
      vertex 1.95619 1.03323 3
      vertex 5.96511 5.6513 3
      vertex 5.79792 5.79792 3
    endloop
  endfacet
  facet normal 0 0 1
    outer loop
      vertex 1.03322 1.95621 3
      vertex 5.79792 5.79792 3
      vertex 5.6513 5.96511 3
    endloop
  endfacet
  facet normal 0 0 1
    outer loop
      vertex 0.170364 3.70592 3
      vertex 5.6513 5.96511 3
      vertex 5.52776 6.15 3
    endloop
  endfacet
  facet normal 0 0 1
    outer loop
      vertex 0 5 3
      vertex 5.52776 6.15 3
      vertex 5.42941 6.34944 3
    endloop
  endfacet
  facet normal 0 0 1
    outer loop
      vertex 0 5 3
      vertex 5.42941 6.34944 3
      vertex 5.35793 6.56001 3
    endloop
  endfacet
  facet normal 0 0 1
    outer loop
      vertex 0 5 3
      vertex 5.35793 6.56001 3
      vertex 5.31454 6.77811 3
    endloop
  endfacet
  facet normal 0 0 1
    outer loop
      vertex 0 5 3
      vertex 5.31454 6.77811 3
      vertex 5.3 7 3
    endloop
  endfacet
  facet normal 0 0 1
    outer loop
      vertex 0 5 3
      vertex 5.3 75.5 3
      vertex 0 146 3
    endloop
  endfacet
  facet normal 0 0 1
    outer loop
      vertex 5.79792 145.202 3
      vertex 1.03322 149.044 3
      vertex 5.6513 145.035 3
    endloop
  endfacet
  facet normal 0 0 1
    outer loop
      vertex 5.31454 7.22189 3
      vertex 0 5 3
      vertex 5.3 7 3
    endloop
  endfacet
  facet normal -0 0 1
    outer loop
      vertex 0.669861 148.5 3
      vertex 5.6513 145.035 3
      vertex 1.03322 149.044 3
    endloop
  endfacet
  facet normal 0 0 1
    outer loop
      vertex 5.52776 6.15 3
      vertex 0 5 3
      vertex 0.0427704 4.34738 3
    endloop
  endfacet
  facet normal -0 0 1
    outer loop
      vertex 0.3806 147.913 3
      vertex 5.6513 145.035 3
      vertex 0.669861 148.5 3
    endloop
  endfacet
  facet normal 0 0 1
    outer loop
      vertex 6.15 5.52776 3
      vertex 4.34737 0.0427856 3
      vertex 5 0 3
    endloop
  endfacet
  facet normal -0 0 1
    outer loop
      vertex 0.170364 147.294 3
      vertex 5.6513 145.035 3
      vertex 0.3806 147.913 3
    endloop
  endfacet
  facet normal 0 0 1
    outer loop
      vertex 6.15 5.52776 3
      vertex 3.7059 0.17038 3
      vertex 4.34737 0.0427856 3
    endloop
  endfacet
  facet normal 0 0 1
    outer loop
      vertex 5.6513 145.035 3
      vertex 0.170364 147.294 3
      vertex 5.52776 144.85 3
    endloop
  endfacet
  facet normal 0 0 1
    outer loop
      vertex 5.96511 5.6513 3
      vertex 3.08658 0.380615 3
      vertex 3.7059 0.17038 3
    endloop
  endfacet
  facet normal -0 0 1
    outer loop
      vertex 0.0427704 146.653 3
      vertex 5.52776 144.85 3
      vertex 0.170364 147.294 3
    endloop
  endfacet
  facet normal 0 0 1
    outer loop
      vertex 5.96511 5.6513 3
      vertex 2.5 0.669876 3
      vertex 3.08658 0.380615 3
    endloop
  endfacet
  facet normal -0 0 1
    outer loop
      vertex 0 146 3
      vertex 5.52776 144.85 3
      vertex 0.0427704 146.653 3
    endloop
  endfacet
  facet normal 0 0 1
    outer loop
      vertex 5.96511 5.6513 3
      vertex 1.95619 1.03323 3
      vertex 2.5 0.669876 3
    endloop
  endfacet
  facet normal 0 0 1
    outer loop
      vertex 5.52776 144.85 3
      vertex 0 146 3
      vertex 5.42941 144.651 3
    endloop
  endfacet
  facet normal 0 0 1
    outer loop
      vertex 5.79792 5.79792 3
      vertex 1.46446 1.46448 3
      vertex 1.95619 1.03323 3
    endloop
  endfacet
  facet normal 0 0 1
    outer loop
      vertex 5.42941 144.651 3
      vertex 0 146 3
      vertex 5.35793 144.44 3
    endloop
  endfacet
  facet normal 0 0 1
    outer loop
      vertex 5.79792 5.79792 3
      vertex 1.03322 1.95621 3
      vertex 1.46446 1.46448 3
    endloop
  endfacet
  facet normal 0 0 1
    outer loop
      vertex 5.35793 144.44 3
      vertex 0 146 3
      vertex 5.31454 144.222 3
    endloop
  endfacet
  facet normal 0 0 1
    outer loop
      vertex 5.6513 5.96511 3
      vertex 0.669861 2.5 3
      vertex 1.03322 1.95621 3
    endloop
  endfacet
  facet normal 0 0 1
    outer loop
      vertex 5.31454 144.222 3
      vertex 0 146 3
      vertex 5.3 144 3
    endloop
  endfacet
  facet normal 0 0 1
    outer loop
      vertex 5.6513 5.96511 3
      vertex 0.3806 3.08659 3
      vertex 0.669861 2.5 3
    endloop
  endfacet
  facet normal 0 0 1
    outer loop
      vertex 5.6513 5.96511 3
      vertex 0.170364 3.70592 3
      vertex 0.3806 3.08659 3
    endloop
  endfacet
  facet normal 0 0 1
    outer loop
      vertex 5.52776 6.15 3
      vertex 0.0427704 4.34738 3
      vertex 0.170364 3.70592 3
    endloop
  endfacet
  facet normal 0.0657076 0.997839 -0
    outer loop
      vertex 258.653 150.957 0
      vertex 258 151 3
      vertex 258.653 150.957 3
    endloop
  endfacet
  facet normal 0.0657076 0.997839 0
    outer loop
      vertex 258 151 3
      vertex 258.653 150.957 0
      vertex 258 151 0
    endloop
  endfacet
  facet normal -0.897003 0.442024 0
    outer loop
      vertex 0.3806 147.913 0
      vertex 0.669861 148.5 3
      vertex 0.669861 148.5 0
    endloop
  endfacet
  facet normal -0.897003 0.442024 0
    outer loop
      vertex 0.669861 148.5 3
      vertex 0.3806 147.913 0
      vertex 0.3806 147.913 3
    endloop
  endfacet
  facet normal -0.831562 0.555433 0
    outer loop
      vertex 0.669861 148.5 0
      vertex 1.03322 149.044 3
      vertex 1.03322 149.044 0
    endloop
  endfacet
  facet normal -0.831562 0.555433 0
    outer loop
      vertex 1.03322 149.044 3
      vertex 0.669861 148.5 0
      vertex 0.669861 148.5 3
    endloop
  endfacet
  facet normal -0.441957 0.897036 0
    outer loop
      vertex 3.08658 150.619 0
      vertex 2.5 150.33 3
      vertex 3.08658 150.619 3
    endloop
  endfacet
  facet normal -0.441957 0.897036 0
    outer loop
      vertex 2.5 150.33 3
      vertex 3.08658 150.619 0
      vertex 2.5 150.33 0
    endloop
  endfacet
  facet normal 0.752198 0.658937 0
    outer loop
      vertex 261.967 149.044 3
      vertex 261.536 149.536 0
      vertex 261.536 149.536 3
    endloop
  endfacet
  facet normal 0.752198 0.658937 0
    outer loop
      vertex 261.536 149.536 0
      vertex 261.967 149.044 3
      vertex 261.967 149.044 0
    endloop
  endfacet
  facet normal 0.555427 -0.831565 0
    outer loop
      vertex 260.5 0.669876 0
      vertex 261.044 1.03323 3
      vertex 260.5 0.669876 3
    endloop
  endfacet
  facet normal 0.555427 -0.831565 0
    outer loop
      vertex 261.044 1.03323 3
      vertex 260.5 0.669876 0
      vertex 261.044 1.03323 0
    endloop
  endfacet
  facet normal -0.195088 -0.980786 0
    outer loop
      vertex 3.7059 0.17038 0
      vertex 4.34737 0.0427856 3
      vertex 3.7059 0.17038 3
    endloop
  endfacet
  facet normal -0.195088 -0.980786 -0
    outer loop
      vertex 4.34737 0.0427856 3
      vertex 3.7059 0.17038 0
      vertex 4.34737 0.0427856 0
    endloop
  endfacet
  facet normal 0.897161 0.441703 0
    outer loop
      vertex 262.619 147.913 3
      vertex 262.33 148.5 0
      vertex 262.33 148.5 3
    endloop
  endfacet
  facet normal 0.897161 0.441703 0
    outer loop
      vertex 262.33 148.5 0
      vertex 262.619 147.913 3
      vertex 262.619 147.913 0
    endloop
  endfacet
  facet normal 0.897039 -0.441951 0
    outer loop
      vertex 262.33 2.5 3
      vertex 262.619 3.08659 0
      vertex 262.619 3.08659 3
    endloop
  endfacet
  facet normal 0.897039 -0.441951 0
    outer loop
      vertex 262.619 3.08659 0
      vertex 262.33 2.5 3
      vertex 262.33 2.5 0
    endloop
  endfacet
  facet normal -0.555187 0.831725 0
    outer loop
      vertex 2.5 150.33 0
      vertex 1.95619 149.967 3
      vertex 2.5 150.33 3
    endloop
  endfacet
  facet normal -0.555187 0.831725 0
    outer loop
      vertex 1.95619 149.967 3
      vertex 2.5 150.33 0
      vertex 1.95619 149.967 0
    endloop
  endfacet
  facet normal 0.658937 0.752198 -0
    outer loop
      vertex 261.536 149.536 0
      vertex 261.044 149.967 3
      vertex 261.536 149.536 3
    endloop
  endfacet
  facet normal 0.658937 0.752198 0
    outer loop
      vertex 261.044 149.967 3
      vertex 261.536 149.536 0
      vertex 261.044 149.967 0
    endloop
  endfacet
  facet normal 0.442024 -0.897003 0
    outer loop
      vertex 259.913 0.380615 0
      vertex 260.5 0.669876 3
      vertex 259.913 0.380615 3
    endloop
  endfacet
  facet normal 0.442024 -0.897003 0
    outer loop
      vertex 260.5 0.669876 3
      vertex 259.913 0.380615 0
      vertex 260.5 0.669876 0
    endloop
  endfacet
  facet normal 0.946573 -0.322489 0
    outer loop
      vertex 262.619 3.08659 3
      vertex 262.83 3.70592 0
      vertex 262.83 3.70592 3
    endloop
  endfacet
  facet normal 0.946573 -0.322489 0
    outer loop
      vertex 262.83 3.70592 0
      vertex 262.619 3.08659 3
      vertex 262.619 3.08659 0
    endloop
  endfacet
  facet normal -0.555562 -0.831475 0
    outer loop
      vertex 1.95619 1.03323 0
      vertex 2.5 0.669876 3
      vertex 1.95619 1.03323 3
    endloop
  endfacet
  facet normal -0.555562 -0.831475 -0
    outer loop
      vertex 2.5 0.669876 3
      vertex 1.95619 1.03323 0
      vertex 2.5 0.669876 0
    endloop
  endfacet
  facet normal 0.659154 -0.752008 0
    outer loop
      vertex 261.044 1.03323 0
      vertex 261.536 1.46448 3
      vertex 261.044 1.03323 3
    endloop
  endfacet
  facet normal 0.659154 -0.752008 0
    outer loop
      vertex 261.536 1.46448 3
      vertex 261.044 1.03323 0
      vertex 261.536 1.46448 0
    endloop
  endfacet
  facet normal -0.751836 -0.65935 0
    outer loop
      vertex 1.46446 1.46448 0
      vertex 1.03322 1.95621 3
      vertex 1.03322 1.95621 0
    endloop
  endfacet
  facet normal -0.751836 -0.65935 0
    outer loop
      vertex 1.03322 1.95621 3
      vertex 1.46446 1.46448 0
      vertex 1.46446 1.46448 3
    endloop
  endfacet
  facet normal 0 0 -1
    outer loop
      vertex 10.1726 75.9177 0
      vertex 16.5 141.75 0
      vertex 10.1735 75.9038 0
    endloop
  endfacet
  facet normal 0 0 -1
    outer loop
      vertex 16.5 141.75 0
      vertex 10.1735 143.596 0
      vertex 10.2 144 0
    endloop
  endfacet
  facet normal 0 0 -1
    outer loop
      vertex 10.1699 75.9313 0
      vertex 16.5 141.75 0
      vertex 10.1726 75.9177 0
    endloop
  endfacet
  facet normal 0 0 -1
    outer loop
      vertex 16.5 141.75 0
      vertex 10.1726 143.582 0
      vertex 10.1735 143.596 0
    endloop
  endfacet
  facet normal 0 0 -1
    outer loop
      vertex 10.091 76.3282 0
      vertex 16.5 141.75 0
      vertex 10.1699 75.9313 0
    endloop
  endfacet
  facet normal 0 0 -1
    outer loop
      vertex 16.5 141.75 0
      vertex 10.1699 143.569 0
      vertex 10.1726 143.582 0
    endloop
  endfacet
  facet normal 0 0 -1
    outer loop
      vertex 9.96088 76.7114 0
      vertex 16.5 141.75 0
      vertex 10.091 76.3282 0
    endloop
  endfacet
  facet normal 0 0 -1
    outer loop
      vertex 16.5 141.75 0
      vertex 10.091 143.172 0
      vertex 10.1699 143.569 0
    endloop
  endfacet
  facet normal 0 0 -1
    outer loop
      vertex 9.95642 76.7246 0
      vertex 16.5 141.75 0
      vertex 9.96088 76.7114 0
    endloop
  endfacet
  facet normal 0 0 -1
    outer loop
      vertex 16.5 141.75 0
      vertex 9.96088 142.789 0
      vertex 10.091 143.172 0
    endloop
  endfacet
  facet normal 0 0 -1
    outer loop
      vertex 9.77743 77.0875 0
      vertex 16.5 141.75 0
      vertex 9.95642 76.7246 0
    endloop
  endfacet
  facet normal 0 0 -1
    outer loop
      vertex 16.5 141.75 0
      vertex 9.95642 142.775 0
      vertex 9.96088 142.789 0
    endloop
  endfacet
  facet normal 0 0 -1
    outer loop
      vertex 9.77128 77.1 0
      vertex 16.5 141.75 0
      vertex 9.77743 77.0875 0
    endloop
  endfacet
  facet normal 0 0 -1
    outer loop
      vertex 16.5 141.75 0
      vertex 9.77743 142.412 0
      vertex 9.95642 142.775 0
    endloop
  endfacet
  facet normal 0 0 -1
    outer loop
      vertex 9.76356 77.1116 0
      vertex 16.5 141.75 0
      vertex 9.77128 77.1 0
    endloop
  endfacet
  facet normal 0 0 -1
    outer loop
      vertex 16.5 141.75 0
      vertex 9.77128 142.4 0
      vertex 9.77743 142.412 0
    endloop
  endfacet
  facet normal 0 0 -1
    outer loop
      vertex 9.53873 77.448 0
      vertex 16.5 141.75 0
      vertex 9.76356 77.1116 0
    endloop
  endfacet
  facet normal 0 0 -1
    outer loop
      vertex 16.5 141.75 0
      vertex 9.76356 142.388 0
      vertex 9.77128 142.4 0
    endloop
  endfacet
  facet normal 0 0 -1
    outer loop
      vertex 9.27191 77.7523 0
      vertex 16.5 141.75 0
      vertex 9.53873 77.448 0
    endloop
  endfacet
  facet normal 0 0 -1
    outer loop
      vertex 16.5 141.75 0
      vertex 9.53873 142.052 0
      vertex 9.76356 142.388 0
    endloop
  endfacet
  facet normal 0 0 -1
    outer loop
      vertex 9.26274 77.7627 0
      vertex 16.5 141.75 0
      vertex 9.27191 77.7523 0
    endloop
  endfacet
  facet normal -0 0 -1
    outer loop
      vertex 16.5 141.75 0
      vertex 9.27191 141.748 0
      vertex 9.53873 142.052 0
    endloop
  endfacet
  facet normal 0 0 -1
    outer loop
      vertex 9.25229 77.7719 0
      vertex 16.5 141.75 0
      vertex 9.26274 77.7627 0
    endloop
  endfacet
  facet normal 0 0 -1
    outer loop
      vertex 16.5 141.75 0
      vertex 9.26274 141.737 0
      vertex 9.27191 141.748 0
    endloop
  endfacet
  facet normal 0 0 -1
    outer loop
      vertex 8.94804 78.0387 0
      vertex 16.5 141.75 0
      vertex 9.25229 77.7719 0
    endloop
  endfacet
  facet normal 0 0 -1
    outer loop
      vertex 16.5 141.75 0
      vertex 9.25229 141.728 0
      vertex 9.26274 141.737 0
    endloop
  endfacet
  facet normal 0 0 -1
    outer loop
      vertex 8.61156 78.2636 0
      vertex 16.5 141.75 0
      vertex 8.94804 78.0387 0
    endloop
  endfacet
  facet normal 0 0 -1
    outer loop
      vertex 16.5 141.75 0
      vertex 8.94804 141.461 0
      vertex 9.25229 141.728 0
    endloop
  endfacet
  facet normal 0 0 -1
    outer loop
      vertex 8.6 78.2713 0
      vertex 16.5 141.75 0
      vertex 8.61156 78.2636 0
    endloop
  endfacet
  facet normal 0 0 -1
    outer loop
      vertex 16.5 141.75 0
      vertex 8.61156 141.236 0
      vertex 8.94804 141.461 0
    endloop
  endfacet
  facet normal 0 0 -1
    outer loop
      vertex 8.58753 78.2774 0
      vertex 16.5 141.75 0
      vertex 8.6 78.2713 0
    endloop
  endfacet
  facet normal 0 0 -1
    outer loop
      vertex 16.5 141.75 0
      vertex 8.6 141.229 0
      vertex 8.61156 141.236 0
    endloop
  endfacet
  facet normal 0 0 -1
    outer loop
      vertex 8.22459 78.4564 0
      vertex 16.5 141.75 0
      vertex 8.58753 78.2774 0
    endloop
  endfacet
  facet normal 0 0 -1
    outer loop
      vertex 16.5 141.75 0
      vertex 8.58753 141.223 0
      vertex 8.6 141.229 0
    endloop
  endfacet
  facet normal 0 0 -1
    outer loop
      vertex 8.21143 78.4609 0
      vertex 16.5 141.75 0
      vertex 8.22459 78.4564 0
    endloop
  endfacet
  facet normal 0 0 -1
    outer loop
      vertex 16.5 141.75 0
      vertex 8.22459 141.044 0
      vertex 8.58753 141.223 0
    endloop
  endfacet
  facet normal 0 0 -1
    outer loop
      vertex 7.82822 78.591 0
      vertex 16.5 141.75 0
      vertex 8.21143 78.4609 0
    endloop
  endfacet
  facet normal 0 0 -1
    outer loop
      vertex 16.5 141.75 0
      vertex 8.21143 141.039 0
      vertex 8.22459 141.044 0
    endloop
  endfacet
  facet normal 0 0 -1
    outer loop
      vertex 7.82822 140.909 0
      vertex 16.5 141.75 0
      vertex 7.82822 78.591 0
    endloop
  endfacet
  facet normal 0 0 -1
    outer loop
      vertex 16.5 141.75 0
      vertex 7.82822 140.909 0
      vertex 8.21143 141.039 0
    endloop
  endfacet
  facet normal 0 0 -1
    outer loop
      vertex 7.43131 78.6699 0
      vertex 7.82822 140.909 0
      vertex 7.82822 78.591 0
    endloop
  endfacet
  facet normal 0 0 -1
    outer loop
      vertex 7.43131 78.6699 0
      vertex 7.43131 140.83 0
      vertex 7.82822 140.909 0
    endloop
  endfacet
  facet normal 0 0 -1
    outer loop
      vertex 7.41768 78.6726 0
      vertex 7.43131 140.83 0
      vertex 7.43131 78.6699 0
    endloop
  endfacet
  facet normal 0 0 -1
    outer loop
      vertex 7.41768 78.6726 0
      vertex 7.41768 140.827 0
      vertex 7.43131 140.83 0
    endloop
  endfacet
  facet normal 0 0 -1
    outer loop
      vertex 7.40381 78.6735 0
      vertex 7.41768 140.827 0
      vertex 7.41768 78.6726 0
    endloop
  endfacet
  facet normal 0 0 -1
    outer loop
      vertex 7.40381 78.6735 0
      vertex 7.40381 140.826 0
      vertex 7.41768 140.827 0
    endloop
  endfacet
  facet normal 0 0 -1
    outer loop
      vertex 7 78.7 0
      vertex 7.40381 140.826 0
      vertex 7.40381 78.6735 0
    endloop
  endfacet
  facet normal 0 0 -1
    outer loop
      vertex 7 78.7 0
      vertex 7 140.8 0
      vertex 7.40381 140.826 0
    endloop
  endfacet
  facet normal 0 0 -1
    outer loop
      vertex 6.59619 78.6735 0
      vertex 7 140.8 0
      vertex 7 78.7 0
    endloop
  endfacet
  facet normal 0 0 -1
    outer loop
      vertex 6.59619 78.6735 0
      vertex 6.59619 140.826 0
      vertex 7 140.8 0
    endloop
  endfacet
  facet normal 0 0 -1
    outer loop
      vertex 6.58232 78.6726 0
      vertex 6.59619 140.826 0
      vertex 6.59619 78.6735 0
    endloop
  endfacet
  facet normal 0 0 -1
    outer loop
      vertex 6.58232 78.6726 0
      vertex 6.58232 140.827 0
      vertex 6.59619 140.826 0
    endloop
  endfacet
  facet normal 0 0 -1
    outer loop
      vertex 6.56869 78.6699 0
      vertex 6.58232 140.827 0
      vertex 6.58232 78.6726 0
    endloop
  endfacet
  facet normal 0 0 -1
    outer loop
      vertex 6.56869 78.6699 0
      vertex 6.56869 140.83 0
      vertex 6.58232 140.827 0
    endloop
  endfacet
  facet normal 0 0 -1
    outer loop
      vertex 6.17178 78.591 0
      vertex 6.56869 140.83 0
      vertex 6.56869 78.6699 0
    endloop
  endfacet
  facet normal 0 0 -1
    outer loop
      vertex 6.17178 78.591 0
      vertex 6.17178 140.909 0
      vertex 6.56869 140.83 0
    endloop
  endfacet
  facet normal 0 0 -1
    outer loop
      vertex 5.78857 78.4609 0
      vertex 6.17178 140.909 0
      vertex 6.17178 78.591 0
    endloop
  endfacet
  facet normal 0 0 -1
    outer loop
      vertex 5.78857 78.4609 0
      vertex 5.78857 141.039 0
      vertex 6.17178 140.909 0
    endloop
  endfacet
  facet normal 0 0 -1
    outer loop
      vertex 5.77541 78.4564 0
      vertex 5.78857 141.039 0
      vertex 5.78857 78.4609 0
    endloop
  endfacet
  facet normal 0 0 -1
    outer loop
      vertex 5.77541 78.4564 0
      vertex 5.77541 141.044 0
      vertex 5.78857 141.039 0
    endloop
  endfacet
  facet normal 0 0 -1
    outer loop
      vertex 5.41247 78.2774 0
      vertex 5.77541 141.044 0
      vertex 5.77541 78.4564 0
    endloop
  endfacet
  facet normal 0 0 -1
    outer loop
      vertex 5.41247 78.2774 0
      vertex 5.41247 141.223 0
      vertex 5.77541 141.044 0
    endloop
  endfacet
  facet normal 0 0 -1
    outer loop
      vertex 5.4 78.2713 0
      vertex 5.41247 141.223 0
      vertex 5.41247 78.2774 0
    endloop
  endfacet
  facet normal 0 0 -1
    outer loop
      vertex 5.4 78.2713 0
      vertex 5.4 141.229 0
      vertex 5.41247 141.223 0
    endloop
  endfacet
  facet normal 0 0 -1
    outer loop
      vertex 5.38844 78.2636 0
      vertex 5.4 141.229 0
      vertex 5.4 78.2713 0
    endloop
  endfacet
  facet normal 0 0 -1
    outer loop
      vertex 5.38844 78.2636 0
      vertex 5.38844 141.236 0
      vertex 5.4 141.229 0
    endloop
  endfacet
  facet normal 0 0 -1
    outer loop
      vertex 5.05196 78.0387 0
      vertex 5.38844 141.236 0
      vertex 5.38844 78.2636 0
    endloop
  endfacet
  facet normal 0 0 -1
    outer loop
      vertex 5.05196 78.0387 0
      vertex 5.05196 141.461 0
      vertex 5.38844 141.236 0
    endloop
  endfacet
  facet normal 0 0 -1
    outer loop
      vertex 4.74771 77.7719 0
      vertex 5.05196 141.461 0
      vertex 5.05196 78.0387 0
    endloop
  endfacet
  facet normal 0 0 -1
    outer loop
      vertex 4.74771 77.7719 0
      vertex 4.74771 141.728 0
      vertex 5.05196 141.461 0
    endloop
  endfacet
  facet normal 0 0 -1
    outer loop
      vertex 4.73726 77.7627 0
      vertex 4.74771 141.728 0
      vertex 4.74771 77.7719 0
    endloop
  endfacet
  facet normal 0 0 -1
    outer loop
      vertex 4.73726 77.7627 0
      vertex 4.73726 141.737 0
      vertex 4.74771 141.728 0
    endloop
  endfacet
  facet normal 0 0 -1
    outer loop
      vertex 0 146 0
      vertex 4.73726 77.7627 0
      vertex 4.72809 77.7523 0
    endloop
  endfacet
  facet normal 0 0 -1
    outer loop
      vertex 4.73726 77.7627 0
      vertex 0 146 0
      vertex 4.73726 141.737 0
    endloop
  endfacet
  facet normal 0 0 -1
    outer loop
      vertex 0 146 0
      vertex 4.72809 77.7523 0
      vertex 4.46127 77.448 0
    endloop
  endfacet
  facet normal 0 0 -1
    outer loop
      vertex 4.73726 141.737 0
      vertex 0 146 0
      vertex 4.72809 141.748 0
    endloop
  endfacet
  facet normal 0 0 -1
    outer loop
      vertex 0 146 0
      vertex 4.46127 77.448 0
      vertex 4.23644 77.1116 0
    endloop
  endfacet
  facet normal 0 0 -1
    outer loop
      vertex 4.72809 141.748 0
      vertex 0 146 0
      vertex 4.46127 142.052 0
    endloop
  endfacet
  facet normal 0 0 -1
    outer loop
      vertex 0 146 0
      vertex 4.23644 77.1116 0
      vertex 4.22872 77.1 0
    endloop
  endfacet
  facet normal 0 0 -1
    outer loop
      vertex 4.46127 142.052 0
      vertex 0 146 0
      vertex 4.23644 142.388 0
    endloop
  endfacet
  facet normal 0 0 -1
    outer loop
      vertex 0 146 0
      vertex 4.22872 77.1 0
      vertex 4.22257 77.0875 0
    endloop
  endfacet
  facet normal 0 0 -1
    outer loop
      vertex 4.23644 142.388 0
      vertex 0 146 0
      vertex 4.22872 142.4 0
    endloop
  endfacet
  facet normal 0 0 -1
    outer loop
      vertex 0 146 0
      vertex 4.22257 77.0875 0
      vertex 4.04359 76.7246 0
    endloop
  endfacet
  facet normal 0 0 -1
    outer loop
      vertex 4.22872 142.4 0
      vertex 0 146 0
      vertex 4.22257 142.412 0
    endloop
  endfacet
  facet normal 0 0 -1
    outer loop
      vertex 0 146 0
      vertex 4.04359 76.7246 0
      vertex 4.03912 76.7114 0
    endloop
  endfacet
  facet normal 0 0 -1
    outer loop
      vertex 4.22257 142.412 0
      vertex 0 146 0
      vertex 4.04359 142.775 0
    endloop
  endfacet
  facet normal 0 0 -1
    outer loop
      vertex 0 146 0
      vertex 4.03912 76.7114 0
      vertex 3.90904 76.3282 0
    endloop
  endfacet
  facet normal 0 0 -1
    outer loop
      vertex 4.04359 142.775 0
      vertex 0 146 0
      vertex 4.03912 142.789 0
    endloop
  endfacet
  facet normal 0 0 -1
    outer loop
      vertex 0 146 0
      vertex 3.90904 76.3282 0
      vertex 3.83009 75.9313 0
    endloop
  endfacet
  facet normal 0 0 -1
    outer loop
      vertex 4.03912 142.789 0
      vertex 0 146 0
      vertex 3.90904 143.172 0
    endloop
  endfacet
  facet normal 0 0 -1
    outer loop
      vertex 0 146 0
      vertex 3.83009 75.9313 0
      vertex 3.82738 75.9177 0
    endloop
  endfacet
  facet normal 0 0 -1
    outer loop
      vertex 3.90904 143.172 0
      vertex 0 146 0
      vertex 3.83009 143.569 0
    endloop
  endfacet
  facet normal 0 0 -1
    outer loop
      vertex 0 146 0
      vertex 3.82738 75.9177 0
      vertex 3.82647 75.9038 0
    endloop
  endfacet
  facet normal 0 0 -1
    outer loop
      vertex 3.83009 143.569 0
      vertex 0 146 0
      vertex 3.82738 143.582 0
    endloop
  endfacet
  facet normal 0 0 -1
    outer loop
      vertex 0 146 0
      vertex 3.82647 75.9038 0
      vertex 3.8 75.5 0
    endloop
  endfacet
  facet normal 0 0 -1
    outer loop
      vertex 3.82738 143.582 0
      vertex 0 146 0
      vertex 3.82647 143.596 0
    endloop
  endfacet
  facet normal 0 0 -1
    outer loop
      vertex 10.1726 7.41768 0
      vertex 16.5 9.25 0
      vertex 10.1735 7.40381 0
    endloop
  endfacet
  facet normal 0 0 -1
    outer loop
      vertex 16.5 9.25 0
      vertex 10.1735 75.0962 0
      vertex 10.2 75.5 0
    endloop
  endfacet
  facet normal 0 0 -1
    outer loop
      vertex 10.1699 7.43131 0
      vertex 16.5 9.25 0
      vertex 10.1726 7.41768 0
    endloop
  endfacet
  facet normal 0 0 -1
    outer loop
      vertex 16.5 9.25 0
      vertex 10.1726 75.0823 0
      vertex 10.1735 75.0962 0
    endloop
  endfacet
  facet normal 0 0 -1
    outer loop
      vertex 10.091 7.82822 0
      vertex 16.5 9.25 0
      vertex 10.1699 7.43131 0
    endloop
  endfacet
  facet normal 0 0 -1
    outer loop
      vertex 16.5 9.25 0
      vertex 10.1699 75.0687 0
      vertex 10.1726 75.0823 0
    endloop
  endfacet
  facet normal 0 0 -1
    outer loop
      vertex 9.96088 8.21143 0
      vertex 16.5 9.25 0
      vertex 10.091 7.82822 0
    endloop
  endfacet
  facet normal 0 0 -1
    outer loop
      vertex 16.5 9.25 0
      vertex 10.091 74.6718 0
      vertex 10.1699 75.0687 0
    endloop
  endfacet
  facet normal 0 0 -1
    outer loop
      vertex 9.95642 8.22459 0
      vertex 16.5 9.25 0
      vertex 9.96088 8.21143 0
    endloop
  endfacet
  facet normal 0 0 -1
    outer loop
      vertex 16.5 9.25 0
      vertex 9.96088 74.2886 0
      vertex 10.091 74.6718 0
    endloop
  endfacet
  facet normal 0 0 -1
    outer loop
      vertex 9.77743 8.58753 0
      vertex 16.5 9.25 0
      vertex 9.95642 8.22459 0
    endloop
  endfacet
  facet normal 0 0 -1
    outer loop
      vertex 16.5 9.25 0
      vertex 9.95642 74.2754 0
      vertex 9.96088 74.2886 0
    endloop
  endfacet
  facet normal 0 0 -1
    outer loop
      vertex 9.77128 8.6 0
      vertex 16.5 9.25 0
      vertex 9.77743 8.58753 0
    endloop
  endfacet
  facet normal 0 0 -1
    outer loop
      vertex 16.5 9.25 0
      vertex 9.77743 73.9125 0
      vertex 9.95642 74.2754 0
    endloop
  endfacet
  facet normal 0 0 -1
    outer loop
      vertex 9.76356 8.61156 0
      vertex 16.5 9.25 0
      vertex 9.77128 8.6 0
    endloop
  endfacet
  facet normal 0 0 -1
    outer loop
      vertex 16.5 9.25 0
      vertex 9.77128 73.9 0
      vertex 9.77743 73.9125 0
    endloop
  endfacet
  facet normal 0 0 -1
    outer loop
      vertex 9.53873 8.94804 0
      vertex 16.5 9.25 0
      vertex 9.76356 8.61156 0
    endloop
  endfacet
  facet normal 0 0 -1
    outer loop
      vertex 16.5 9.25 0
      vertex 9.76356 73.8884 0
      vertex 9.77128 73.9 0
    endloop
  endfacet
  facet normal 0 0 -1
    outer loop
      vertex 9.27191 9.25229 0
      vertex 16.5 9.25 0
      vertex 9.53873 8.94804 0
    endloop
  endfacet
  facet normal 0 0 -1
    outer loop
      vertex 16.5 9.25 0
      vertex 9.53873 73.552 0
      vertex 9.76356 73.8884 0
    endloop
  endfacet
  facet normal 0 0 -1
    outer loop
      vertex 9.26274 9.26274 0
      vertex 16.5 9.25 0
      vertex 9.27191 9.25229 0
    endloop
  endfacet
  facet normal 0 0 -1
    outer loop
      vertex 16.5 9.25 0
      vertex 9.27191 73.2477 0
      vertex 9.53873 73.552 0
    endloop
  endfacet
  facet normal 0 0 -1
    outer loop
      vertex 9.25229 9.27191 0
      vertex 16.5 9.25 0
      vertex 9.26274 9.26274 0
    endloop
  endfacet
  facet normal 0 0 -1
    outer loop
      vertex 16.5 9.25 0
      vertex 9.26274 73.2373 0
      vertex 9.27191 73.2477 0
    endloop
  endfacet
  facet normal 0 0 -1
    outer loop
      vertex 8.94804 9.53873 0
      vertex 16.5 9.25 0
      vertex 9.25229 9.27191 0
    endloop
  endfacet
  facet normal 0 0 -1
    outer loop
      vertex 16.5 9.25 0
      vertex 9.25229 73.2281 0
      vertex 9.26274 73.2373 0
    endloop
  endfacet
  facet normal 0 0 -1
    outer loop
      vertex 8.61156 9.76356 0
      vertex 16.5 9.25 0
      vertex 8.94804 9.53873 0
    endloop
  endfacet
  facet normal 0 0 -1
    outer loop
      vertex 16.5 9.25 0
      vertex 8.94804 72.9613 0
      vertex 9.25229 73.2281 0
    endloop
  endfacet
  facet normal 0 0 -1
    outer loop
      vertex 8.6 9.77128 0
      vertex 16.5 9.25 0
      vertex 8.61156 9.76356 0
    endloop
  endfacet
  facet normal 0 0 -1
    outer loop
      vertex 16.5 9.25 0
      vertex 8.61156 72.7364 0
      vertex 8.94804 72.9613 0
    endloop
  endfacet
  facet normal 0 0 -1
    outer loop
      vertex 8.58753 9.77743 0
      vertex 16.5 9.25 0
      vertex 8.6 9.77128 0
    endloop
  endfacet
  facet normal 0 0 -1
    outer loop
      vertex 16.5 9.25 0
      vertex 8.6 72.7287 0
      vertex 8.61156 72.7364 0
    endloop
  endfacet
  facet normal 0 0 -1
    outer loop
      vertex 8.22459 9.95642 0
      vertex 16.5 9.25 0
      vertex 8.58753 9.77743 0
    endloop
  endfacet
  facet normal 0 0 -1
    outer loop
      vertex 16.5 9.25 0
      vertex 8.58753 72.7226 0
      vertex 8.6 72.7287 0
    endloop
  endfacet
  facet normal 0 0 -1
    outer loop
      vertex 8.21143 9.96088 0
      vertex 16.5 9.25 0
      vertex 8.22459 9.95642 0
    endloop
  endfacet
  facet normal 0 0 -1
    outer loop
      vertex 16.5 9.25 0
      vertex 8.22459 72.5436 0
      vertex 8.58753 72.7226 0
    endloop
  endfacet
  facet normal 0 0 -1
    outer loop
      vertex 7.82822 10.091 0
      vertex 16.5 9.25 0
      vertex 8.21143 9.96088 0
    endloop
  endfacet
  facet normal 0 0 -1
    outer loop
      vertex 16.5 9.25 0
      vertex 8.21143 72.5391 0
      vertex 8.22459 72.5436 0
    endloop
  endfacet
  facet normal 0 0 -1
    outer loop
      vertex 7.82822 72.409 0
      vertex 16.5 9.25 0
      vertex 7.82822 10.091 0
    endloop
  endfacet
  facet normal 0 0 -1
    outer loop
      vertex 16.5 9.25 0
      vertex 7.82822 72.409 0
      vertex 8.21143 72.5391 0
    endloop
  endfacet
  facet normal 0 0 -1
    outer loop
      vertex 7.43131 10.1699 0
      vertex 7.82822 72.409 0
      vertex 7.82822 10.091 0
    endloop
  endfacet
  facet normal 0 0 -1
    outer loop
      vertex 7.43131 10.1699 0
      vertex 7.43131 72.3301 0
      vertex 7.82822 72.409 0
    endloop
  endfacet
  facet normal 0 0 -1
    outer loop
      vertex 7.41768 10.1726 0
      vertex 7.43131 72.3301 0
      vertex 7.43131 10.1699 0
    endloop
  endfacet
  facet normal 0 0 -1
    outer loop
      vertex 7.41768 10.1726 0
      vertex 7.41768 72.3274 0
      vertex 7.43131 72.3301 0
    endloop
  endfacet
  facet normal 0 0 -1
    outer loop
      vertex 7.40381 10.1735 0
      vertex 7.41768 72.3274 0
      vertex 7.41768 10.1726 0
    endloop
  endfacet
  facet normal 0 0 -1
    outer loop
      vertex 7.40381 10.1735 0
      vertex 7.40381 72.3265 0
      vertex 7.41768 72.3274 0
    endloop
  endfacet
  facet normal 0 0 -1
    outer loop
      vertex 7 10.2 0
      vertex 7.40381 72.3265 0
      vertex 7.40381 10.1735 0
    endloop
  endfacet
  facet normal 0 0 -1
    outer loop
      vertex 7 10.2 0
      vertex 7 72.3 0
      vertex 7.40381 72.3265 0
    endloop
  endfacet
  facet normal 0 0 -1
    outer loop
      vertex 6.59619 10.1735 0
      vertex 7 72.3 0
      vertex 7 10.2 0
    endloop
  endfacet
  facet normal 0 0 -1
    outer loop
      vertex 6.59619 10.1735 0
      vertex 6.59619 72.3265 0
      vertex 7 72.3 0
    endloop
  endfacet
  facet normal 0 0 -1
    outer loop
      vertex 6.58232 10.1726 0
      vertex 6.59619 72.3265 0
      vertex 6.59619 10.1735 0
    endloop
  endfacet
  facet normal 0 0 -1
    outer loop
      vertex 6.58232 10.1726 0
      vertex 6.58232 72.3274 0
      vertex 6.59619 72.3265 0
    endloop
  endfacet
  facet normal 0 0 -1
    outer loop
      vertex 6.56869 10.1699 0
      vertex 6.58232 72.3274 0
      vertex 6.58232 10.1726 0
    endloop
  endfacet
  facet normal 0 0 -1
    outer loop
      vertex 6.56869 10.1699 0
      vertex 6.56869 72.3301 0
      vertex 6.58232 72.3274 0
    endloop
  endfacet
  facet normal 0 0 -1
    outer loop
      vertex 6.17178 10.091 0
      vertex 6.56869 72.3301 0
      vertex 6.56869 10.1699 0
    endloop
  endfacet
  facet normal 0 0 -1
    outer loop
      vertex 6.17178 10.091 0
      vertex 6.17178 72.409 0
      vertex 6.56869 72.3301 0
    endloop
  endfacet
  facet normal 0 0 -1
    outer loop
      vertex 5.78857 9.96088 0
      vertex 6.17178 72.409 0
      vertex 6.17178 10.091 0
    endloop
  endfacet
  facet normal 0 0 -1
    outer loop
      vertex 5.78857 9.96088 0
      vertex 5.78857 72.5391 0
      vertex 6.17178 72.409 0
    endloop
  endfacet
  facet normal 0 0 -1
    outer loop
      vertex 5.77541 9.95642 0
      vertex 5.78857 72.5391 0
      vertex 5.78857 9.96088 0
    endloop
  endfacet
  facet normal 0 0 -1
    outer loop
      vertex 5.77541 9.95642 0
      vertex 5.77541 72.5436 0
      vertex 5.78857 72.5391 0
    endloop
  endfacet
  facet normal 0 0 -1
    outer loop
      vertex 5.41247 9.77743 0
      vertex 5.77541 72.5436 0
      vertex 5.77541 9.95642 0
    endloop
  endfacet
  facet normal 0 0 -1
    outer loop
      vertex 5.41247 9.77743 0
      vertex 5.41247 72.7226 0
      vertex 5.77541 72.5436 0
    endloop
  endfacet
  facet normal 0 0 -1
    outer loop
      vertex 5.4 9.77128 0
      vertex 5.41247 72.7226 0
      vertex 5.41247 9.77743 0
    endloop
  endfacet
  facet normal 0 0 -1
    outer loop
      vertex 5.4 9.77128 0
      vertex 5.4 72.7287 0
      vertex 5.41247 72.7226 0
    endloop
  endfacet
  facet normal 0 0 -1
    outer loop
      vertex 5.38844 9.76356 0
      vertex 5.4 72.7287 0
      vertex 5.4 9.77128 0
    endloop
  endfacet
  facet normal 0 0 -1
    outer loop
      vertex 5.38844 9.76356 0
      vertex 5.38844 72.7364 0
      vertex 5.4 72.7287 0
    endloop
  endfacet
  facet normal 0 0 -1
    outer loop
      vertex 5.05196 9.53873 0
      vertex 5.38844 72.7364 0
      vertex 5.38844 9.76356 0
    endloop
  endfacet
  facet normal 0 0 -1
    outer loop
      vertex 5.05196 9.53873 0
      vertex 5.05196 72.9613 0
      vertex 5.38844 72.7364 0
    endloop
  endfacet
  facet normal 0 0 -1
    outer loop
      vertex 4.74771 9.27191 0
      vertex 5.05196 72.9613 0
      vertex 5.05196 9.53873 0
    endloop
  endfacet
  facet normal 0 0 -1
    outer loop
      vertex 4.74771 9.27191 0
      vertex 4.74771 73.2281 0
      vertex 5.05196 72.9613 0
    endloop
  endfacet
  facet normal 0 0 -1
    outer loop
      vertex 4.73726 9.26274 0
      vertex 4.74771 73.2281 0
      vertex 4.74771 9.27191 0
    endloop
  endfacet
  facet normal 0 0 -1
    outer loop
      vertex 4.73726 9.26274 0
      vertex 4.73726 73.2373 0
      vertex 4.74771 73.2281 0
    endloop
  endfacet
  facet normal 0 0 -1
    outer loop
      vertex 0 5 0
      vertex 4.73726 9.26274 0
      vertex 4.72809 9.25229 0
    endloop
  endfacet
  facet normal -0 0 -1
    outer loop
      vertex 4.73726 9.26274 0
      vertex 0 5 0
      vertex 4.73726 73.2373 0
    endloop
  endfacet
  facet normal 0 0 -1
    outer loop
      vertex 0 5 0
      vertex 4.72809 9.25229 0
      vertex 4.46127 8.94804 0
    endloop
  endfacet
  facet normal -0 0 -1
    outer loop
      vertex 4.73726 73.2373 0
      vertex 0 5 0
      vertex 4.72809 73.2477 0
    endloop
  endfacet
  facet normal 0 0 -1
    outer loop
      vertex 0 5 0
      vertex 4.46127 8.94804 0
      vertex 4.23644 8.61156 0
    endloop
  endfacet
  facet normal -0 0 -1
    outer loop
      vertex 4.72809 73.2477 0
      vertex 0 5 0
      vertex 4.46127 73.552 0
    endloop
  endfacet
  facet normal 0 0 -1
    outer loop
      vertex 0 5 0
      vertex 4.23644 8.61156 0
      vertex 4.22872 8.6 0
    endloop
  endfacet
  facet normal -0 0 -1
    outer loop
      vertex 4.46127 73.552 0
      vertex 0 5 0
      vertex 4.23644 73.8884 0
    endloop
  endfacet
  facet normal 0 0 -1
    outer loop
      vertex 0 5 0
      vertex 4.22872 8.6 0
      vertex 4.22257 8.58753 0
    endloop
  endfacet
  facet normal -0 0 -1
    outer loop
      vertex 4.23644 73.8884 0
      vertex 0 5 0
      vertex 4.22872 73.9 0
    endloop
  endfacet
  facet normal 0 0 -1
    outer loop
      vertex 0 5 0
      vertex 4.22257 8.58753 0
      vertex 4.04359 8.22459 0
    endloop
  endfacet
  facet normal -0 0 -1
    outer loop
      vertex 4.22872 73.9 0
      vertex 0 5 0
      vertex 4.22257 73.9125 0
    endloop
  endfacet
  facet normal 0 0 -1
    outer loop
      vertex 0 5 0
      vertex 4.04359 8.22459 0
      vertex 4.03912 8.21143 0
    endloop
  endfacet
  facet normal -0 0 -1
    outer loop
      vertex 4.22257 73.9125 0
      vertex 0 5 0
      vertex 4.04359 74.2754 0
    endloop
  endfacet
  facet normal 0 0 -1
    outer loop
      vertex 0 5 0
      vertex 4.03912 8.21143 0
      vertex 3.90904 7.82822 0
    endloop
  endfacet
  facet normal -0 0 -1
    outer loop
      vertex 4.04359 74.2754 0
      vertex 0 5 0
      vertex 4.03912 74.2886 0
    endloop
  endfacet
  facet normal 0 0 -1
    outer loop
      vertex 0 5 0
      vertex 3.90904 7.82822 0
      vertex 3.83009 7.43131 0
    endloop
  endfacet
  facet normal -0 0 -1
    outer loop
      vertex 4.03912 74.2886 0
      vertex 0 5 0
      vertex 3.90904 74.6718 0
    endloop
  endfacet
  facet normal 0 0 -1
    outer loop
      vertex 0 5 0
      vertex 3.83009 7.43131 0
      vertex 3.82738 7.41768 0
    endloop
  endfacet
  facet normal -0 0 -1
    outer loop
      vertex 3.90904 74.6718 0
      vertex 0 5 0
      vertex 3.83009 75.0687 0
    endloop
  endfacet
  facet normal 0 0 -1
    outer loop
      vertex 0 5 0
      vertex 3.82738 7.41768 0
      vertex 3.82647 7.40381 0
    endloop
  endfacet
  facet normal -0 0 -1
    outer loop
      vertex 3.83009 75.0687 0
      vertex 0 5 0
      vertex 3.82738 75.0823 0
    endloop
  endfacet
  facet normal 0 0 -1
    outer loop
      vertex 0 5 0
      vertex 3.82647 7.40381 0
      vertex 3.8 7 0
    endloop
  endfacet
  facet normal -0 0 -1
    outer loop
      vertex 3.82738 75.0823 0
      vertex 0 5 0
      vertex 3.82647 75.0962 0
    endloop
  endfacet
  facet normal 0 0 -1
    outer loop
      vertex 259.173 75.9177 0
      vertex 263 146 0
      vertex 259.174 75.9038 0
    endloop
  endfacet
  facet normal 0 0 -1
    outer loop
      vertex 263 146 0
      vertex 259.174 143.596 0
      vertex 259.2 144 0
    endloop
  endfacet
  facet normal 0 0 -1
    outer loop
      vertex 259.17 75.9313 0
      vertex 263 146 0
      vertex 259.173 75.9177 0
    endloop
  endfacet
  facet normal 0 0 -1
    outer loop
      vertex 263 146 0
      vertex 259.173 143.582 0
      vertex 259.174 143.596 0
    endloop
  endfacet
  facet normal 0 0 -1
    outer loop
      vertex 259.091 76.3282 0
      vertex 263 146 0
      vertex 259.17 75.9313 0
    endloop
  endfacet
  facet normal 0 0 -1
    outer loop
      vertex 263 146 0
      vertex 259.17 143.569 0
      vertex 259.173 143.582 0
    endloop
  endfacet
  facet normal 0 0 -1
    outer loop
      vertex 258.961 76.7114 0
      vertex 263 146 0
      vertex 259.091 76.3282 0
    endloop
  endfacet
  facet normal 0 0 -1
    outer loop
      vertex 263 146 0
      vertex 259.091 143.172 0
      vertex 259.17 143.569 0
    endloop
  endfacet
  facet normal 0 0 -1
    outer loop
      vertex 258.956 76.7246 0
      vertex 263 146 0
      vertex 258.961 76.7114 0
    endloop
  endfacet
  facet normal 0 0 -1
    outer loop
      vertex 263 146 0
      vertex 258.961 142.789 0
      vertex 259.091 143.172 0
    endloop
  endfacet
  facet normal 0 0 -1
    outer loop
      vertex 258.777 77.0875 0
      vertex 263 146 0
      vertex 258.956 76.7246 0
    endloop
  endfacet
  facet normal 0 0 -1
    outer loop
      vertex 263 146 0
      vertex 258.956 142.775 0
      vertex 258.961 142.789 0
    endloop
  endfacet
  facet normal 0 0 -1
    outer loop
      vertex 258.771 77.1 0
      vertex 263 146 0
      vertex 258.777 77.0875 0
    endloop
  endfacet
  facet normal 0 0 -1
    outer loop
      vertex 263 146 0
      vertex 258.777 142.412 0
      vertex 258.956 142.775 0
    endloop
  endfacet
  facet normal 0 0 -1
    outer loop
      vertex 258.764 77.1116 0
      vertex 263 146 0
      vertex 258.771 77.1 0
    endloop
  endfacet
  facet normal 0 0 -1
    outer loop
      vertex 263 146 0
      vertex 258.771 142.4 0
      vertex 258.777 142.412 0
    endloop
  endfacet
  facet normal 0 0 -1
    outer loop
      vertex 258.539 77.448 0
      vertex 263 146 0
      vertex 258.764 77.1116 0
    endloop
  endfacet
  facet normal 0 0 -1
    outer loop
      vertex 263 146 0
      vertex 258.764 142.388 0
      vertex 258.771 142.4 0
    endloop
  endfacet
  facet normal 0 0 -1
    outer loop
      vertex 258.272 77.7523 0
      vertex 263 146 0
      vertex 258.539 77.448 0
    endloop
  endfacet
  facet normal 0 0 -1
    outer loop
      vertex 263 146 0
      vertex 258.539 142.052 0
      vertex 258.764 142.388 0
    endloop
  endfacet
  facet normal 0 0 -1
    outer loop
      vertex 258.263 77.7627 0
      vertex 263 146 0
      vertex 258.272 77.7523 0
    endloop
  endfacet
  facet normal 0 0 -1
    outer loop
      vertex 263 146 0
      vertex 258.272 141.748 0
      vertex 258.539 142.052 0
    endloop
  endfacet
  facet normal 0 0 -1
    outer loop
      vertex 258.263 141.737 0
      vertex 263 146 0
      vertex 258.263 77.7627 0
    endloop
  endfacet
  facet normal 0 0 -1
    outer loop
      vertex 263 146 0
      vertex 258.263 141.737 0
      vertex 258.272 141.748 0
    endloop
  endfacet
  facet normal 0 0 -1
    outer loop
      vertex 258.252 77.7719 0
      vertex 258.263 141.737 0
      vertex 258.263 77.7627 0
    endloop
  endfacet
  facet normal 0 0 -1
    outer loop
      vertex 258.252 77.7719 0
      vertex 258.252 141.728 0
      vertex 258.263 141.737 0
    endloop
  endfacet
  facet normal 0 0 -1
    outer loop
      vertex 257.948 78.0387 0
      vertex 258.252 141.728 0
      vertex 258.252 77.7719 0
    endloop
  endfacet
  facet normal 0 0 -1
    outer loop
      vertex 257.948 78.0387 0
      vertex 257.948 141.461 0
      vertex 258.252 141.728 0
    endloop
  endfacet
  facet normal 0 0 -1
    outer loop
      vertex 257.612 78.2636 0
      vertex 257.948 141.461 0
      vertex 257.948 78.0387 0
    endloop
  endfacet
  facet normal 0 0 -1
    outer loop
      vertex 257.612 78.2636 0
      vertex 257.612 141.236 0
      vertex 257.948 141.461 0
    endloop
  endfacet
  facet normal 0 0 -1
    outer loop
      vertex 257.6 78.2713 0
      vertex 257.612 141.236 0
      vertex 257.612 78.2636 0
    endloop
  endfacet
  facet normal 0 0 -1
    outer loop
      vertex 257.6 78.2713 0
      vertex 257.6 141.229 0
      vertex 257.612 141.236 0
    endloop
  endfacet
  facet normal 0 0 -1
    outer loop
      vertex 257.588 78.2774 0
      vertex 257.6 141.229 0
      vertex 257.6 78.2713 0
    endloop
  endfacet
  facet normal 0 0 -1
    outer loop
      vertex 257.588 78.2774 0
      vertex 257.588 141.223 0
      vertex 257.6 141.229 0
    endloop
  endfacet
  facet normal 0 0 -1
    outer loop
      vertex 257.225 78.4564 0
      vertex 257.588 141.223 0
      vertex 257.588 78.2774 0
    endloop
  endfacet
  facet normal 0 0 -1
    outer loop
      vertex 257.225 78.4564 0
      vertex 257.225 141.044 0
      vertex 257.588 141.223 0
    endloop
  endfacet
  facet normal 0 0 -1
    outer loop
      vertex 257.211 78.4609 0
      vertex 257.225 141.044 0
      vertex 257.225 78.4564 0
    endloop
  endfacet
  facet normal 0 0 -1
    outer loop
      vertex 257.211 78.4609 0
      vertex 257.211 141.039 0
      vertex 257.225 141.044 0
    endloop
  endfacet
  facet normal 0 0 -1
    outer loop
      vertex 256.828 78.591 0
      vertex 257.211 141.039 0
      vertex 257.211 78.4609 0
    endloop
  endfacet
  facet normal 0 0 -1
    outer loop
      vertex 256.828 78.591 0
      vertex 256.828 140.909 0
      vertex 257.211 141.039 0
    endloop
  endfacet
  facet normal 0 0 -1
    outer loop
      vertex 256.431 78.6699 0
      vertex 256.828 140.909 0
      vertex 256.828 78.591 0
    endloop
  endfacet
  facet normal 0 0 -1
    outer loop
      vertex 256.431 78.6699 0
      vertex 256.431 140.83 0
      vertex 256.828 140.909 0
    endloop
  endfacet
  facet normal 0 0 -1
    outer loop
      vertex 256.418 78.6726 0
      vertex 256.431 140.83 0
      vertex 256.431 78.6699 0
    endloop
  endfacet
  facet normal 0 0 -1
    outer loop
      vertex 256.418 78.6726 0
      vertex 256.418 140.827 0
      vertex 256.431 140.83 0
    endloop
  endfacet
  facet normal 0 0 -1
    outer loop
      vertex 256.404 78.6735 0
      vertex 256.418 140.827 0
      vertex 256.418 78.6726 0
    endloop
  endfacet
  facet normal 0 0 -1
    outer loop
      vertex 256.404 78.6735 0
      vertex 256.404 140.826 0
      vertex 256.418 140.827 0
    endloop
  endfacet
  facet normal 0 0 -1
    outer loop
      vertex 256 78.7 0
      vertex 256.404 140.826 0
      vertex 256.404 78.6735 0
    endloop
  endfacet
  facet normal 0 0 -1
    outer loop
      vertex 256 78.7 0
      vertex 256 140.8 0
      vertex 256.404 140.826 0
    endloop
  endfacet
  facet normal 0 0 -1
    outer loop
      vertex 255.596 78.6735 0
      vertex 256 140.8 0
      vertex 256 78.7 0
    endloop
  endfacet
  facet normal 0 0 -1
    outer loop
      vertex 255.596 78.6735 0
      vertex 255.596 140.826 0
      vertex 256 140.8 0
    endloop
  endfacet
  facet normal 0 0 -1
    outer loop
      vertex 255.582 78.6726 0
      vertex 255.596 140.826 0
      vertex 255.596 78.6735 0
    endloop
  endfacet
  facet normal 0 0 -1
    outer loop
      vertex 255.582 78.6726 0
      vertex 255.582 140.827 0
      vertex 255.596 140.826 0
    endloop
  endfacet
  facet normal 0 0 -1
    outer loop
      vertex 255.569 78.6699 0
      vertex 255.582 140.827 0
      vertex 255.582 78.6726 0
    endloop
  endfacet
  facet normal 0 0 -1
    outer loop
      vertex 255.569 78.6699 0
      vertex 255.569 140.83 0
      vertex 255.582 140.827 0
    endloop
  endfacet
  facet normal 0 0 -1
    outer loop
      vertex 255.172 78.591 0
      vertex 255.569 140.83 0
      vertex 255.569 78.6699 0
    endloop
  endfacet
  facet normal 0 0 -1
    outer loop
      vertex 255.172 78.591 0
      vertex 255.172 140.909 0
      vertex 255.569 140.83 0
    endloop
  endfacet
  facet normal 0 0 -1
    outer loop
      vertex 246.5 141.75 0
      vertex 255.172 78.591 0
      vertex 254.789 78.4609 0
    endloop
  endfacet
  facet normal 0 0 -1
    outer loop
      vertex 255.172 78.591 0
      vertex 246.5 141.75 0
      vertex 255.172 140.909 0
    endloop
  endfacet
  facet normal 0 0 -1
    outer loop
      vertex 246.5 141.75 0
      vertex 254.789 78.4609 0
      vertex 254.775 78.4564 0
    endloop
  endfacet
  facet normal 0 0 -1
    outer loop
      vertex 255.172 140.909 0
      vertex 246.5 141.75 0
      vertex 254.789 141.039 0
    endloop
  endfacet
  facet normal 0 0 -1
    outer loop
      vertex 246.5 141.75 0
      vertex 254.775 78.4564 0
      vertex 254.412 78.2774 0
    endloop
  endfacet
  facet normal 0 0 -1
    outer loop
      vertex 254.789 141.039 0
      vertex 246.5 141.75 0
      vertex 254.775 141.044 0
    endloop
  endfacet
  facet normal 0 0 -1
    outer loop
      vertex 246.5 141.75 0
      vertex 254.412 78.2774 0
      vertex 254.4 78.2713 0
    endloop
  endfacet
  facet normal 0 0 -1
    outer loop
      vertex 254.775 141.044 0
      vertex 246.5 141.75 0
      vertex 254.412 141.223 0
    endloop
  endfacet
  facet normal 0 0 -1
    outer loop
      vertex 246.5 141.75 0
      vertex 254.4 78.2713 0
      vertex 254.388 78.2636 0
    endloop
  endfacet
  facet normal 0 0 -1
    outer loop
      vertex 254.412 141.223 0
      vertex 246.5 141.75 0
      vertex 254.4 141.229 0
    endloop
  endfacet
  facet normal 0 0 -1
    outer loop
      vertex 246.5 141.75 0
      vertex 254.388 78.2636 0
      vertex 254.052 78.0387 0
    endloop
  endfacet
  facet normal 0 0 -1
    outer loop
      vertex 254.4 141.229 0
      vertex 246.5 141.75 0
      vertex 254.388 141.236 0
    endloop
  endfacet
  facet normal 0 0 -1
    outer loop
      vertex 246.5 141.75 0
      vertex 254.052 78.0387 0
      vertex 253.748 77.7719 0
    endloop
  endfacet
  facet normal 0 0 -1
    outer loop
      vertex 254.388 141.236 0
      vertex 246.5 141.75 0
      vertex 254.052 141.461 0
    endloop
  endfacet
  facet normal 0 0 -1
    outer loop
      vertex 246.5 141.75 0
      vertex 253.748 77.7719 0
      vertex 253.737 77.7627 0
    endloop
  endfacet
  facet normal 0 0 -1
    outer loop
      vertex 254.052 141.461 0
      vertex 246.5 141.75 0
      vertex 253.748 141.728 0
    endloop
  endfacet
  facet normal 0 0 -1
    outer loop
      vertex 246.5 141.75 0
      vertex 253.737 77.7627 0
      vertex 253.728 77.7523 0
    endloop
  endfacet
  facet normal 0 0 -1
    outer loop
      vertex 253.748 141.728 0
      vertex 246.5 141.75 0
      vertex 253.737 141.737 0
    endloop
  endfacet
  facet normal 0 0 -1
    outer loop
      vertex 246.5 141.75 0
      vertex 253.728 77.7523 0
      vertex 253.461 77.448 0
    endloop
  endfacet
  facet normal 0 0 -1
    outer loop
      vertex 253.737 141.737 0
      vertex 246.5 141.75 0
      vertex 253.728 141.748 0
    endloop
  endfacet
  facet normal 0 0 -1
    outer loop
      vertex 246.5 141.75 0
      vertex 253.461 77.448 0
      vertex 253.236 77.1116 0
    endloop
  endfacet
  facet normal 0 0 -1
    outer loop
      vertex 253.728 141.748 0
      vertex 246.5 141.75 0
      vertex 253.461 142.052 0
    endloop
  endfacet
  facet normal 0 0 -1
    outer loop
      vertex 246.5 141.75 0
      vertex 253.236 77.1116 0
      vertex 253.229 77.1 0
    endloop
  endfacet
  facet normal -0 0 -1
    outer loop
      vertex 253.461 142.052 0
      vertex 246.5 141.75 0
      vertex 253.236 142.388 0
    endloop
  endfacet
  facet normal 0 0 -1
    outer loop
      vertex 246.5 141.75 0
      vertex 253.229 77.1 0
      vertex 253.223 77.0875 0
    endloop
  endfacet
  facet normal -0 0 -1
    outer loop
      vertex 253.236 142.388 0
      vertex 246.5 141.75 0
      vertex 253.229 142.4 0
    endloop
  endfacet
  facet normal 0 0 -1
    outer loop
      vertex 246.5 141.75 0
      vertex 253.223 77.0875 0
      vertex 253.044 76.7246 0
    endloop
  endfacet
  facet normal -0 0 -1
    outer loop
      vertex 253.229 142.4 0
      vertex 246.5 141.75 0
      vertex 253.223 142.412 0
    endloop
  endfacet
  facet normal 0 0 -1
    outer loop
      vertex 246.5 141.75 0
      vertex 253.044 76.7246 0
      vertex 253.039 76.7114 0
    endloop
  endfacet
  facet normal -0 0 -1
    outer loop
      vertex 253.223 142.412 0
      vertex 246.5 141.75 0
      vertex 253.044 142.775 0
    endloop
  endfacet
  facet normal 0 0 -1
    outer loop
      vertex 246.5 141.75 0
      vertex 253.039 76.7114 0
      vertex 252.909 76.3282 0
    endloop
  endfacet
  facet normal -0 0 -1
    outer loop
      vertex 253.044 142.775 0
      vertex 246.5 141.75 0
      vertex 253.039 142.789 0
    endloop
  endfacet
  facet normal 0 0 -1
    outer loop
      vertex 246.5 141.75 0
      vertex 252.909 76.3282 0
      vertex 252.83 75.9313 0
    endloop
  endfacet
  facet normal -0 0 -1
    outer loop
      vertex 253.039 142.789 0
      vertex 246.5 141.75 0
      vertex 252.909 143.172 0
    endloop
  endfacet
  facet normal 0 0 -1
    outer loop
      vertex 246.5 141.75 0
      vertex 252.83 75.9313 0
      vertex 252.827 75.9177 0
    endloop
  endfacet
  facet normal -0 0 -1
    outer loop
      vertex 252.909 143.172 0
      vertex 246.5 141.75 0
      vertex 252.83 143.569 0
    endloop
  endfacet
  facet normal 0 0 -1
    outer loop
      vertex 246.5 141.75 0
      vertex 252.827 75.9177 0
      vertex 252.826 75.9038 0
    endloop
  endfacet
  facet normal -0 0 -1
    outer loop
      vertex 252.83 143.569 0
      vertex 246.5 141.75 0
      vertex 252.827 143.582 0
    endloop
  endfacet
  facet normal 0 0 -1
    outer loop
      vertex 246.5 141.75 0
      vertex 252.826 75.9038 0
      vertex 252.8 75.5 0
    endloop
  endfacet
  facet normal -0 0 -1
    outer loop
      vertex 252.827 143.582 0
      vertex 246.5 141.75 0
      vertex 252.826 143.596 0
    endloop
  endfacet
  facet normal 0 0 -1
    outer loop
      vertex 259.173 7.41768 0
      vertex 263 5 0
      vertex 259.174 7.40381 0
    endloop
  endfacet
  facet normal 0 0 -1
    outer loop
      vertex 263 5 0
      vertex 259.174 75.0962 0
      vertex 259.2 75.5 0
    endloop
  endfacet
  facet normal 0 0 -1
    outer loop
      vertex 259.17 7.43131 0
      vertex 263 5 0
      vertex 259.173 7.41768 0
    endloop
  endfacet
  facet normal 0 0 -1
    outer loop
      vertex 263 5 0
      vertex 259.173 75.0823 0
      vertex 259.174 75.0962 0
    endloop
  endfacet
  facet normal 0 0 -1
    outer loop
      vertex 259.091 7.82822 0
      vertex 263 5 0
      vertex 259.17 7.43131 0
    endloop
  endfacet
  facet normal 0 0 -1
    outer loop
      vertex 263 5 0
      vertex 259.17 75.0687 0
      vertex 259.173 75.0823 0
    endloop
  endfacet
  facet normal 0 0 -1
    outer loop
      vertex 258.961 8.21143 0
      vertex 263 5 0
      vertex 259.091 7.82822 0
    endloop
  endfacet
  facet normal 0 0 -1
    outer loop
      vertex 263 5 0
      vertex 259.091 74.6718 0
      vertex 259.17 75.0687 0
    endloop
  endfacet
  facet normal 0 0 -1
    outer loop
      vertex 258.956 8.22459 0
      vertex 263 5 0
      vertex 258.961 8.21143 0
    endloop
  endfacet
  facet normal 0 0 -1
    outer loop
      vertex 263 5 0
      vertex 258.961 74.2886 0
      vertex 259.091 74.6718 0
    endloop
  endfacet
  facet normal 0 0 -1
    outer loop
      vertex 258.777 8.58753 0
      vertex 263 5 0
      vertex 258.956 8.22459 0
    endloop
  endfacet
  facet normal 0 0 -1
    outer loop
      vertex 263 5 0
      vertex 258.956 74.2754 0
      vertex 258.961 74.2886 0
    endloop
  endfacet
  facet normal 0 0 -1
    outer loop
      vertex 258.771 8.6 0
      vertex 263 5 0
      vertex 258.777 8.58753 0
    endloop
  endfacet
  facet normal 0 0 -1
    outer loop
      vertex 263 5 0
      vertex 258.777 73.9125 0
      vertex 258.956 74.2754 0
    endloop
  endfacet
  facet normal 0 0 -1
    outer loop
      vertex 258.764 8.61156 0
      vertex 263 5 0
      vertex 258.771 8.6 0
    endloop
  endfacet
  facet normal 0 0 -1
    outer loop
      vertex 263 5 0
      vertex 258.771 73.9 0
      vertex 258.777 73.9125 0
    endloop
  endfacet
  facet normal 0 0 -1
    outer loop
      vertex 258.539 8.94804 0
      vertex 263 5 0
      vertex 258.764 8.61156 0
    endloop
  endfacet
  facet normal 0 0 -1
    outer loop
      vertex 263 5 0
      vertex 258.764 73.8884 0
      vertex 258.771 73.9 0
    endloop
  endfacet
  facet normal 0 0 -1
    outer loop
      vertex 258.272 9.25229 0
      vertex 263 5 0
      vertex 258.539 8.94804 0
    endloop
  endfacet
  facet normal 0 0 -1
    outer loop
      vertex 263 5 0
      vertex 258.539 73.552 0
      vertex 258.764 73.8884 0
    endloop
  endfacet
  facet normal 0 0 -1
    outer loop
      vertex 258.263 9.26274 0
      vertex 263 5 0
      vertex 258.272 9.25229 0
    endloop
  endfacet
  facet normal 0 0 -1
    outer loop
      vertex 263 5 0
      vertex 258.272 73.2477 0
      vertex 258.539 73.552 0
    endloop
  endfacet
  facet normal 0 0 -1
    outer loop
      vertex 258.263 73.2373 0
      vertex 263 5 0
      vertex 258.263 9.26274 0
    endloop
  endfacet
  facet normal 0 0 -1
    outer loop
      vertex 263 5 0
      vertex 258.263 73.2373 0
      vertex 258.272 73.2477 0
    endloop
  endfacet
  facet normal 0 0 -1
    outer loop
      vertex 258.252 9.27191 0
      vertex 258.263 73.2373 0
      vertex 258.263 9.26274 0
    endloop
  endfacet
  facet normal 0 0 -1
    outer loop
      vertex 258.252 9.27191 0
      vertex 258.252 73.2281 0
      vertex 258.263 73.2373 0
    endloop
  endfacet
  facet normal 0 0 -1
    outer loop
      vertex 257.948 9.53873 0
      vertex 258.252 73.2281 0
      vertex 258.252 9.27191 0
    endloop
  endfacet
  facet normal 0 0 -1
    outer loop
      vertex 257.948 9.53873 0
      vertex 257.948 72.9613 0
      vertex 258.252 73.2281 0
    endloop
  endfacet
  facet normal 0 0 -1
    outer loop
      vertex 257.612 9.76356 0
      vertex 257.948 72.9613 0
      vertex 257.948 9.53873 0
    endloop
  endfacet
  facet normal 0 0 -1
    outer loop
      vertex 257.612 9.76356 0
      vertex 257.612 72.7364 0
      vertex 257.948 72.9613 0
    endloop
  endfacet
  facet normal 0 0 -1
    outer loop
      vertex 257.6 9.77128 0
      vertex 257.612 72.7364 0
      vertex 257.612 9.76356 0
    endloop
  endfacet
  facet normal 0 0 -1
    outer loop
      vertex 257.6 9.77128 0
      vertex 257.6 72.7287 0
      vertex 257.612 72.7364 0
    endloop
  endfacet
  facet normal 0 0 -1
    outer loop
      vertex 257.588 9.77743 0
      vertex 257.6 72.7287 0
      vertex 257.6 9.77128 0
    endloop
  endfacet
  facet normal 0 0 -1
    outer loop
      vertex 257.588 9.77743 0
      vertex 257.588 72.7226 0
      vertex 257.6 72.7287 0
    endloop
  endfacet
  facet normal 0 0 -1
    outer loop
      vertex 257.225 9.95642 0
      vertex 257.588 72.7226 0
      vertex 257.588 9.77743 0
    endloop
  endfacet
  facet normal 0 0 -1
    outer loop
      vertex 257.225 9.95642 0
      vertex 257.225 72.5436 0
      vertex 257.588 72.7226 0
    endloop
  endfacet
  facet normal 0 0 -1
    outer loop
      vertex 257.211 9.96088 0
      vertex 257.225 72.5436 0
      vertex 257.225 9.95642 0
    endloop
  endfacet
  facet normal 0 0 -1
    outer loop
      vertex 257.211 9.96088 0
      vertex 257.211 72.5391 0
      vertex 257.225 72.5436 0
    endloop
  endfacet
  facet normal 0 0 -1
    outer loop
      vertex 256.828 10.091 0
      vertex 257.211 72.5391 0
      vertex 257.211 9.96088 0
    endloop
  endfacet
  facet normal 0 0 -1
    outer loop
      vertex 256.828 10.091 0
      vertex 256.828 72.409 0
      vertex 257.211 72.5391 0
    endloop
  endfacet
  facet normal 0 0 -1
    outer loop
      vertex 256.431 10.1699 0
      vertex 256.828 72.409 0
      vertex 256.828 10.091 0
    endloop
  endfacet
  facet normal 0 0 -1
    outer loop
      vertex 256.431 10.1699 0
      vertex 256.431 72.3301 0
      vertex 256.828 72.409 0
    endloop
  endfacet
  facet normal 0 0 -1
    outer loop
      vertex 256.418 10.1726 0
      vertex 256.431 72.3301 0
      vertex 256.431 10.1699 0
    endloop
  endfacet
  facet normal 0 0 -1
    outer loop
      vertex 256.418 10.1726 0
      vertex 256.418 72.3274 0
      vertex 256.431 72.3301 0
    endloop
  endfacet
  facet normal 0 0 -1
    outer loop
      vertex 256.404 10.1735 0
      vertex 256.418 72.3274 0
      vertex 256.418 10.1726 0
    endloop
  endfacet
  facet normal 0 0 -1
    outer loop
      vertex 256.404 10.1735 0
      vertex 256.404 72.3265 0
      vertex 256.418 72.3274 0
    endloop
  endfacet
  facet normal 0 0 -1
    outer loop
      vertex 256 10.2 0
      vertex 256.404 72.3265 0
      vertex 256.404 10.1735 0
    endloop
  endfacet
  facet normal 0 0 -1
    outer loop
      vertex 256 10.2 0
      vertex 256 72.3 0
      vertex 256.404 72.3265 0
    endloop
  endfacet
  facet normal 0 0 -1
    outer loop
      vertex 255.596 10.1735 0
      vertex 256 72.3 0
      vertex 256 10.2 0
    endloop
  endfacet
  facet normal 0 0 -1
    outer loop
      vertex 255.596 10.1735 0
      vertex 255.596 72.3265 0
      vertex 256 72.3 0
    endloop
  endfacet
  facet normal 0 0 -1
    outer loop
      vertex 255.582 10.1726 0
      vertex 255.596 72.3265 0
      vertex 255.596 10.1735 0
    endloop
  endfacet
  facet normal 0 0 -1
    outer loop
      vertex 255.582 10.1726 0
      vertex 255.582 72.3274 0
      vertex 255.596 72.3265 0
    endloop
  endfacet
  facet normal 0 0 -1
    outer loop
      vertex 255.569 10.1699 0
      vertex 255.582 72.3274 0
      vertex 255.582 10.1726 0
    endloop
  endfacet
  facet normal 0 0 -1
    outer loop
      vertex 255.569 10.1699 0
      vertex 255.569 72.3301 0
      vertex 255.582 72.3274 0
    endloop
  endfacet
  facet normal 0 0 -1
    outer loop
      vertex 255.172 10.091 0
      vertex 255.569 72.3301 0
      vertex 255.569 10.1699 0
    endloop
  endfacet
  facet normal 0 0 -1
    outer loop
      vertex 255.172 10.091 0
      vertex 255.172 72.409 0
      vertex 255.569 72.3301 0
    endloop
  endfacet
  facet normal 0 0 -1
    outer loop
      vertex 246.5 9.25 0
      vertex 255.172 10.091 0
      vertex 254.789 9.96088 0
    endloop
  endfacet
  facet normal -0 0 -1
    outer loop
      vertex 255.172 10.091 0
      vertex 246.5 9.25 0
      vertex 255.172 72.409 0
    endloop
  endfacet
  facet normal 0 0 -1
    outer loop
      vertex 246.5 9.25 0
      vertex 254.789 9.96088 0
      vertex 254.775 9.95642 0
    endloop
  endfacet
  facet normal -0 0 -1
    outer loop
      vertex 255.172 72.409 0
      vertex 246.5 9.25 0
      vertex 254.789 72.5391 0
    endloop
  endfacet
  facet normal 0 0 -1
    outer loop
      vertex 246.5 9.25 0
      vertex 254.775 9.95642 0
      vertex 254.412 9.77743 0
    endloop
  endfacet
  facet normal -0 0 -1
    outer loop
      vertex 254.789 72.5391 0
      vertex 246.5 9.25 0
      vertex 254.775 72.5436 0
    endloop
  endfacet
  facet normal 0 0 -1
    outer loop
      vertex 246.5 9.25 0
      vertex 254.412 9.77743 0
      vertex 254.4 9.77128 0
    endloop
  endfacet
  facet normal -0 0 -1
    outer loop
      vertex 254.775 72.5436 0
      vertex 246.5 9.25 0
      vertex 254.412 72.7226 0
    endloop
  endfacet
  facet normal 0 0 -1
    outer loop
      vertex 246.5 9.25 0
      vertex 254.4 9.77128 0
      vertex 254.388 9.76356 0
    endloop
  endfacet
  facet normal -0 0 -1
    outer loop
      vertex 254.412 72.7226 0
      vertex 246.5 9.25 0
      vertex 254.4 72.7287 0
    endloop
  endfacet
  facet normal 0 0 -1
    outer loop
      vertex 246.5 9.25 0
      vertex 254.388 9.76356 0
      vertex 254.052 9.53873 0
    endloop
  endfacet
  facet normal -0 0 -1
    outer loop
      vertex 254.4 72.7287 0
      vertex 246.5 9.25 0
      vertex 254.388 72.7364 0
    endloop
  endfacet
  facet normal 0 0 -1
    outer loop
      vertex 246.5 9.25 0
      vertex 254.052 9.53873 0
      vertex 253.748 9.27191 0
    endloop
  endfacet
  facet normal -0 0 -1
    outer loop
      vertex 254.388 72.7364 0
      vertex 246.5 9.25 0
      vertex 254.052 72.9613 0
    endloop
  endfacet
  facet normal 0 0 -1
    outer loop
      vertex 246.5 9.25 0
      vertex 253.748 9.27191 0
      vertex 253.737 9.26274 0
    endloop
  endfacet
  facet normal -0 0 -1
    outer loop
      vertex 254.052 72.9613 0
      vertex 246.5 9.25 0
      vertex 253.748 73.2281 0
    endloop
  endfacet
  facet normal 0 0 -1
    outer loop
      vertex 246.5 9.25 0
      vertex 253.737 9.26274 0
      vertex 253.728 9.25229 0
    endloop
  endfacet
  facet normal -0 0 -1
    outer loop
      vertex 253.748 73.2281 0
      vertex 246.5 9.25 0
      vertex 253.737 73.2373 0
    endloop
  endfacet
  facet normal 0 0 -1
    outer loop
      vertex 246.5 9.25 0
      vertex 253.728 9.25229 0
      vertex 253.461 8.94804 0
    endloop
  endfacet
  facet normal -0 0 -1
    outer loop
      vertex 253.737 73.2373 0
      vertex 246.5 9.25 0
      vertex 253.728 73.2477 0
    endloop
  endfacet
  facet normal 0 0 -1
    outer loop
      vertex 246.5 9.25 0
      vertex 253.461 8.94804 0
      vertex 253.236 8.61156 0
    endloop
  endfacet
  facet normal -0 0 -1
    outer loop
      vertex 253.728 73.2477 0
      vertex 246.5 9.25 0
      vertex 253.461 73.552 0
    endloop
  endfacet
  facet normal 0 0 -1
    outer loop
      vertex 246.5 9.25 0
      vertex 253.236 8.61156 0
      vertex 253.229 8.6 0
    endloop
  endfacet
  facet normal -0 0 -1
    outer loop
      vertex 253.461 73.552 0
      vertex 246.5 9.25 0
      vertex 253.236 73.8884 0
    endloop
  endfacet
  facet normal 0 0 -1
    outer loop
      vertex 246.5 9.25 0
      vertex 253.229 8.6 0
      vertex 253.223 8.58753 0
    endloop
  endfacet
  facet normal -0 0 -1
    outer loop
      vertex 253.236 73.8884 0
      vertex 246.5 9.25 0
      vertex 253.229 73.9 0
    endloop
  endfacet
  facet normal 0 0 -1
    outer loop
      vertex 246.5 9.25 0
      vertex 253.223 8.58753 0
      vertex 253.044 8.22459 0
    endloop
  endfacet
  facet normal -0 0 -1
    outer loop
      vertex 253.229 73.9 0
      vertex 246.5 9.25 0
      vertex 253.223 73.9125 0
    endloop
  endfacet
  facet normal 0 0 -1
    outer loop
      vertex 246.5 9.25 0
      vertex 253.044 8.22459 0
      vertex 253.039 8.21143 0
    endloop
  endfacet
  facet normal -0 0 -1
    outer loop
      vertex 253.223 73.9125 0
      vertex 246.5 9.25 0
      vertex 253.044 74.2754 0
    endloop
  endfacet
  facet normal 0 0 -1
    outer loop
      vertex 246.5 9.25 0
      vertex 253.039 8.21143 0
      vertex 252.909 7.82822 0
    endloop
  endfacet
  facet normal -0 0 -1
    outer loop
      vertex 253.044 74.2754 0
      vertex 246.5 9.25 0
      vertex 253.039 74.2886 0
    endloop
  endfacet
  facet normal 0 0 -1
    outer loop
      vertex 246.5 9.25 0
      vertex 252.909 7.82822 0
      vertex 252.83 7.43131 0
    endloop
  endfacet
  facet normal -0 0 -1
    outer loop
      vertex 253.039 74.2886 0
      vertex 246.5 9.25 0
      vertex 252.909 74.6718 0
    endloop
  endfacet
  facet normal 0 0 -1
    outer loop
      vertex 246.5 9.25 0
      vertex 252.83 7.43131 0
      vertex 252.827 7.41768 0
    endloop
  endfacet
  facet normal -0 0 -1
    outer loop
      vertex 252.909 74.6718 0
      vertex 246.5 9.25 0
      vertex 252.83 75.0687 0
    endloop
  endfacet
  facet normal 0 0 -1
    outer loop
      vertex 246.5 9.25 0
      vertex 252.827 7.41768 0
      vertex 252.826 7.40381 0
    endloop
  endfacet
  facet normal -0 0 -1
    outer loop
      vertex 252.83 75.0687 0
      vertex 246.5 9.25 0
      vertex 252.827 75.0823 0
    endloop
  endfacet
  facet normal 0 0 -1
    outer loop
      vertex 246.5 9.25 0
      vertex 252.826 7.40381 0
      vertex 252.8 7 0
    endloop
  endfacet
  facet normal -0 0 -1
    outer loop
      vertex 252.827 75.0823 0
      vertex 246.5 9.25 0
      vertex 252.826 75.0962 0
    endloop
  endfacet
  facet normal 0 0 -1
    outer loop
      vertex 258.956 5.77541 0
      vertex 263 5 0
      vertex 262.957 4.34738 0
    endloop
  endfacet
  facet normal 0 0 -1
    outer loop
      vertex 263 5 0
      vertex 259.2 75.5 0
      vertex 263 146 0
    endloop
  endfacet
  facet normal 0 0 -1
    outer loop
      vertex 258.777 5.41247 0
      vertex 262.957 4.34738 0
      vertex 262.83 3.70592 0
    endloop
  endfacet
  facet normal 0 0 -1
    outer loop
      vertex 259.174 75.9038 0
      vertex 263 146 0
      vertex 259.2 75.5 0
    endloop
  endfacet
  facet normal 0 0 -1
    outer loop
      vertex 258.764 5.38844 0
      vertex 262.83 3.70592 0
      vertex 262.619 3.08659 0
    endloop
  endfacet
  facet normal 0 0 -1
    outer loop
      vertex 259.174 144.404 0
      vertex 263 146 0
      vertex 259.2 144 0
    endloop
  endfacet
  facet normal 0 0 -1
    outer loop
      vertex 258.539 5.05196 0
      vertex 262.619 3.08659 0
      vertex 262.33 2.5 0
    endloop
  endfacet
  facet normal 0 0 -1
    outer loop
      vertex 259.173 144.418 0
      vertex 263 146 0
      vertex 259.174 144.404 0
    endloop
  endfacet
  facet normal 0 0 -1
    outer loop
      vertex 258.539 5.05196 0
      vertex 262.33 2.5 0
      vertex 261.967 1.95621 0
    endloop
  endfacet
  facet normal 0 0 -1
    outer loop
      vertex 259.17 144.431 0
      vertex 263 146 0
      vertex 259.173 144.418 0
    endloop
  endfacet
  facet normal 0 0 -1
    outer loop
      vertex 258.272 4.74771 0
      vertex 261.967 1.95621 0
      vertex 261.536 1.46448 0
    endloop
  endfacet
  facet normal 0 0 -1
    outer loop
      vertex 259.091 144.828 0
      vertex 263 146 0
      vertex 259.17 144.431 0
    endloop
  endfacet
  facet normal 0 0 -1
    outer loop
      vertex 258.263 4.73726 0
      vertex 261.536 1.46448 0
      vertex 261.044 1.03323 0
    endloop
  endfacet
  facet normal 0 0 -1
    outer loop
      vertex 258.961 145.211 0
      vertex 263 146 0
      vertex 259.091 144.828 0
    endloop
  endfacet
  facet normal 0 0 -1
    outer loop
      vertex 257.948 4.46127 0
      vertex 261.044 1.03323 0
      vertex 260.5 0.669876 0
    endloop
  endfacet
  facet normal 0 0 -1
    outer loop
      vertex 258.956 145.225 0
      vertex 263 146 0
      vertex 258.961 145.211 0
    endloop
  endfacet
  facet normal 0 0 -1
    outer loop
      vertex 257.948 4.46127 0
      vertex 260.5 0.669876 0
      vertex 259.913 0.380615 0
    endloop
  endfacet
  facet normal -0 0 -1
    outer loop
      vertex 263 146 0
      vertex 258.956 145.225 0
      vertex 262.957 146.653 0
    endloop
  endfacet
  facet normal 0 0 -1
    outer loop
      vertex 257.612 4.23644 0
      vertex 259.913 0.380615 0
      vertex 259.294 0.17038 0
    endloop
  endfacet
  facet normal 0 0 -1
    outer loop
      vertex 258.777 145.588 0
      vertex 262.957 146.653 0
      vertex 258.956 145.225 0
    endloop
  endfacet
  facet normal 0 0 -1
    outer loop
      vertex 259.174 7.40381 0
      vertex 263 5 0
      vertex 259.2 7 0
    endloop
  endfacet
  facet normal 0 0 -1
    outer loop
      vertex 263 5 0
      vertex 259.174 6.59619 0
      vertex 259.2 7 0
    endloop
  endfacet
  facet normal 0 0 -1
    outer loop
      vertex 263 5 0
      vertex 259.173 6.58232 0
      vertex 259.174 6.59619 0
    endloop
  endfacet
  facet normal 0 0 -1
    outer loop
      vertex 263 5 0
      vertex 259.17 6.56869 0
      vertex 259.173 6.58232 0
    endloop
  endfacet
  facet normal 0 0 -1
    outer loop
      vertex 263 5 0
      vertex 259.091 6.17178 0
      vertex 259.17 6.56869 0
    endloop
  endfacet
  facet normal 0 0 -1
    outer loop
      vertex 263 5 0
      vertex 258.961 5.78857 0
      vertex 259.091 6.17178 0
    endloop
  endfacet
  facet normal 0 0 -1
    outer loop
      vertex 263 5 0
      vertex 258.956 5.77541 0
      vertex 258.961 5.78857 0
    endloop
  endfacet
  facet normal 0 0 -1
    outer loop
      vertex 262.957 4.34738 0
      vertex 258.777 5.41247 0
      vertex 258.956 5.77541 0
    endloop
  endfacet
  facet normal 0 0 -1
    outer loop
      vertex 262.83 3.70592 0
      vertex 258.771 5.4 0
      vertex 258.777 5.41247 0
    endloop
  endfacet
  facet normal 0 0 -1
    outer loop
      vertex 262.83 3.70592 0
      vertex 258.764 5.38844 0
      vertex 258.771 5.4 0
    endloop
  endfacet
  facet normal 0 0 -1
    outer loop
      vertex 257.6 4.22872 0
      vertex 259.294 0.17038 0
      vertex 258.653 0.0427856 0
    endloop
  endfacet
  facet normal 0 0 -1
    outer loop
      vertex 262.619 3.08659 0
      vertex 258.539 5.05196 0
      vertex 258.764 5.38844 0
    endloop
  endfacet
  facet normal 0 0 -1
    outer loop
      vertex 261.967 1.95621 0
      vertex 258.272 4.74771 0
      vertex 258.539 5.05196 0
    endloop
  endfacet
  facet normal 0 0 -1
    outer loop
      vertex 261.536 1.46448 0
      vertex 258.263 4.73726 0
      vertex 258.272 4.74771 0
    endloop
  endfacet
  facet normal 0 0 -1
    outer loop
      vertex 261.044 1.03323 0
      vertex 258.252 4.72809 0
      vertex 258.263 4.73726 0
    endloop
  endfacet
  facet normal 0 0 -1
    outer loop
      vertex 257.225 4.04359 0
      vertex 258.653 0.0427856 0
      vertex 258 0 0
    endloop
  endfacet
  facet normal 0 0 -1
    outer loop
      vertex 261.044 1.03323 0
      vertex 257.948 4.46127 0
      vertex 258.252 4.72809 0
    endloop
  endfacet
  facet normal 0 0 -1
    outer loop
      vertex 259.913 0.380615 0
      vertex 257.612 4.23644 0
      vertex 257.948 4.46127 0
    endloop
  endfacet
  facet normal 0 0 -1
    outer loop
      vertex 259.294 0.17038 0
      vertex 257.6 4.22872 0
      vertex 257.612 4.23644 0
    endloop
  endfacet
  facet normal 0 0 -1
    outer loop
      vertex 258.653 0.0427856 0
      vertex 257.588 4.22257 0
      vertex 257.6 4.22872 0
    endloop
  endfacet
  facet normal 0 0 -1
    outer loop
      vertex 258.653 0.0427856 0
      vertex 257.225 4.04359 0
      vertex 257.588 4.22257 0
    endloop
  endfacet
  facet normal 0 0 -1
    outer loop
      vertex 258 0 0
      vertex 257.211 4.03912 0
      vertex 257.225 4.04359 0
    endloop
  endfacet
  facet normal 0 0 -1
    outer loop
      vertex 258 0 0
      vertex 256.828 3.90904 0
      vertex 257.211 4.03912 0
    endloop
  endfacet
  facet normal 0 0 -1
    outer loop
      vertex 258 0 0
      vertex 256.431 3.83009 0
      vertex 256.828 3.90904 0
    endloop
  endfacet
  facet normal 0 0 -1
    outer loop
      vertex 258 0 0
      vertex 256.418 3.82738 0
      vertex 256.431 3.83009 0
    endloop
  endfacet
  facet normal 0 0 -1
    outer loop
      vertex 258 0 0
      vertex 256.404 3.82647 0
      vertex 256.418 3.82738 0
    endloop
  endfacet
  facet normal 0 0 -1
    outer loop
      vertex 258 0 0
      vertex 256 3.8 0
      vertex 256.404 3.82647 0
    endloop
  endfacet
  facet normal 0 0 -1
    outer loop
      vertex 258 0 0
      vertex 255.596 3.82647 0
      vertex 256 3.8 0
    endloop
  endfacet
  facet normal 0 0 -1
    outer loop
      vertex 258 0 0
      vertex 255.582 3.82738 0
      vertex 255.596 3.82647 0
    endloop
  endfacet
  facet normal 0 0 -1
    outer loop
      vertex 258 0 0
      vertex 255.569 3.83009 0
      vertex 255.582 3.82738 0
    endloop
  endfacet
  facet normal 0 0 -1
    outer loop
      vertex 258 0 0
      vertex 255.172 3.90904 0
      vertex 255.569 3.83009 0
    endloop
  endfacet
  facet normal 0 0 -1
    outer loop
      vertex 258 0 0
      vertex 254.789 4.03912 0
      vertex 255.172 3.90904 0
    endloop
  endfacet
  facet normal 0 0 -1
    outer loop
      vertex 258 0 0
      vertex 254.775 4.04359 0
      vertex 254.789 4.03912 0
    endloop
  endfacet
  facet normal 0 0 -1
    outer loop
      vertex 258 0 0
      vertex 254.412 4.22257 0
      vertex 254.775 4.04359 0
    endloop
  endfacet
  facet normal 0 0 -1
    outer loop
      vertex 258 0 0
      vertex 254.4 4.22872 0
      vertex 254.412 4.22257 0
    endloop
  endfacet
  facet normal 0 0 -1
    outer loop
      vertex 258 0 0
      vertex 254.388 4.23644 0
      vertex 254.4 4.22872 0
    endloop
  endfacet
  facet normal 0 0 -1
    outer loop
      vertex 258 0 0
      vertex 254.052 4.46127 0
      vertex 254.388 4.23644 0
    endloop
  endfacet
  facet normal 0 0 -1
    outer loop
      vertex 258 0 0
      vertex 253.748 4.72809 0
      vertex 254.052 4.46127 0
    endloop
  endfacet
  facet normal 0 0 -1
    outer loop
      vertex 258 0 0
      vertex 253.737 4.73726 0
      vertex 253.748 4.72809 0
    endloop
  endfacet
  facet normal 0 0 -1
    outer loop
      vertex 246.5 9.25 0
      vertex 253.039 5.78857 0
      vertex 253.044 5.77541 0
    endloop
  endfacet
  facet normal 0 0 -1
    outer loop
      vertex 246.5 9.25 0
      vertex 252.83 6.56869 0
      vertex 252.909 6.17178 0
    endloop
  endfacet
  facet normal -0 0 -1
    outer loop
      vertex 252.826 75.0962 0
      vertex 246.5 9.25 0
      vertex 252.8 75.5 0
    endloop
  endfacet
  facet normal 0 0 -1
    outer loop
      vertex 246.5 141.75 0
      vertex 252.8 75.5 0
      vertex 246.5 9.25 0
    endloop
  endfacet
  facet normal 0 0 -1
    outer loop
      vertex 252.826 6.59619 0
      vertex 246.5 9.25 0
      vertex 252.8 7 0
    endloop
  endfacet
  facet normal 0 0 -1
    outer loop
      vertex 252.827 6.58232 0
      vertex 246.5 9.25 0
      vertex 252.826 6.59619 0
    endloop
  endfacet
  facet normal 0 0 -1
    outer loop
      vertex 252.83 6.56869 0
      vertex 246.5 9.25 0
      vertex 252.827 6.58232 0
    endloop
  endfacet
  facet normal 0 0 -1
    outer loop
      vertex 253.039 5.78857 0
      vertex 246.5 9.25 0
      vertex 252.909 6.17178 0
    endloop
  endfacet
  facet normal 0 0 -1
    outer loop
      vertex 253.223 5.41247 0
      vertex 246.5 9.25 0
      vertex 253.044 5.77541 0
    endloop
  endfacet
  facet normal 0 0 -1
    outer loop
      vertex 253.229 5.4 0
      vertex 246.5 9.25 0
      vertex 253.223 5.41247 0
    endloop
  endfacet
  facet normal 0 0 -1
    outer loop
      vertex 253.236 5.38844 0
      vertex 246.5 9.25 0
      vertex 253.229 5.4 0
    endloop
  endfacet
  facet normal 0 0 -1
    outer loop
      vertex 253.461 5.05196 0
      vertex 246.5 9.25 0
      vertex 253.236 5.38844 0
    endloop
  endfacet
  facet normal 0 0 -1
    outer loop
      vertex 253.728 4.74771 0
      vertex 246.5 9.25 0
      vertex 253.461 5.05196 0
    endloop
  endfacet
  facet normal 0 0 -1
    outer loop
      vertex 253.737 4.73726 0
      vertex 246.5 9.25 0
      vertex 253.728 4.74771 0
    endloop
  endfacet
  facet normal 0 0 -1
    outer loop
      vertex 258 0 0
      vertex 246.5 9.25 0
      vertex 253.737 4.73726 0
    endloop
  endfacet
  facet normal 0 0 -1
    outer loop
      vertex 258 0 0
      vertex 16.5 9.25 0
      vertex 246.5 9.25 0
    endloop
  endfacet
  facet normal 0 0 -1
    outer loop
      vertex 10.1735 7.40381 0
      vertex 16.5 9.25 0
      vertex 10.2 7 0
    endloop
  endfacet
  facet normal 0 0 -1
    outer loop
      vertex 5 0 0
      vertex 16.5 9.25 0
      vertex 258 0 0
    endloop
  endfacet
  facet normal 0 0 -1
    outer loop
      vertex 16.5 9.25 0
      vertex 10.1735 6.59619 0
      vertex 10.2 7 0
    endloop
  endfacet
  facet normal 0 0 -1
    outer loop
      vertex 16.5 9.25 0
      vertex 10.1726 6.58232 0
      vertex 10.1735 6.59619 0
    endloop
  endfacet
  facet normal 0 0 -1
    outer loop
      vertex 16.5 9.25 0
      vertex 10.1699 6.56869 0
      vertex 10.1726 6.58232 0
    endloop
  endfacet
  facet normal 0 0 -1
    outer loop
      vertex 16.5 9.25 0
      vertex 10.091 6.17178 0
      vertex 10.1699 6.56869 0
    endloop
  endfacet
  facet normal 0 0 -1
    outer loop
      vertex 16.5 9.25 0
      vertex 9.96088 5.78857 0
      vertex 10.091 6.17178 0
    endloop
  endfacet
  facet normal 0 0 -1
    outer loop
      vertex 16.5 9.25 0
      vertex 9.95642 5.77541 0
      vertex 9.96088 5.78857 0
    endloop
  endfacet
  facet normal 0 0 -1
    outer loop
      vertex 16.5 9.25 0
      vertex 9.77743 5.41247 0
      vertex 9.95642 5.77541 0
    endloop
  endfacet
  facet normal 0 0 -1
    outer loop
      vertex 16.5 9.25 0
      vertex 9.77128 5.4 0
      vertex 9.77743 5.41247 0
    endloop
  endfacet
  facet normal 0 0 -1
    outer loop
      vertex 16.5 9.25 0
      vertex 9.76356 5.38844 0
      vertex 9.77128 5.4 0
    endloop
  endfacet
  facet normal 0 0 -1
    outer loop
      vertex 16.5 9.25 0
      vertex 9.53873 5.05196 0
      vertex 9.76356 5.38844 0
    endloop
  endfacet
  facet normal 0 0 -1
    outer loop
      vertex 16.5 9.25 0
      vertex 9.27191 4.74771 0
      vertex 9.53873 5.05196 0
    endloop
  endfacet
  facet normal 0 0 -1
    outer loop
      vertex 16.5 9.25 0
      vertex 9.26274 4.73726 0
      vertex 9.27191 4.74771 0
    endloop
  endfacet
  facet normal 0 0 -1
    outer loop
      vertex 16.5 9.25 0
      vertex 5 0 0
      vertex 9.26274 4.73726 0
    endloop
  endfacet
  facet normal 0 0 -1
    outer loop
      vertex 9.26274 4.73726 0
      vertex 5 0 0
      vertex 9.25229 4.72809 0
    endloop
  endfacet
  facet normal 0 0 -1
    outer loop
      vertex 9.25229 4.72809 0
      vertex 5 0 0
      vertex 8.94804 4.46127 0
    endloop
  endfacet
  facet normal 0 0 -1
    outer loop
      vertex 8.94804 4.46127 0
      vertex 5 0 0
      vertex 8.61156 4.23644 0
    endloop
  endfacet
  facet normal 0 0 -1
    outer loop
      vertex 8.61156 4.23644 0
      vertex 5 0 0
      vertex 8.6 4.22872 0
    endloop
  endfacet
  facet normal 0 0 -1
    outer loop
      vertex 8.6 4.22872 0
      vertex 5 0 0
      vertex 8.58753 4.22257 0
    endloop
  endfacet
  facet normal 0 0 -1
    outer loop
      vertex 8.58753 4.22257 0
      vertex 5 0 0
      vertex 8.22459 4.04359 0
    endloop
  endfacet
  facet normal 0 0 -1
    outer loop
      vertex 8.22459 4.04359 0
      vertex 5 0 0
      vertex 8.21143 4.03912 0
    endloop
  endfacet
  facet normal 0 0 -1
    outer loop
      vertex 8.21143 4.03912 0
      vertex 5 0 0
      vertex 7.82822 3.90904 0
    endloop
  endfacet
  facet normal 0 0 -1
    outer loop
      vertex 7.82822 3.90904 0
      vertex 5 0 0
      vertex 7.43131 3.83009 0
    endloop
  endfacet
  facet normal 0 0 -1
    outer loop
      vertex 7.43131 3.83009 0
      vertex 5 0 0
      vertex 7.41768 3.82738 0
    endloop
  endfacet
  facet normal 0 0 -1
    outer loop
      vertex 7.41768 3.82738 0
      vertex 5 0 0
      vertex 7.40381 3.82647 0
    endloop
  endfacet
  facet normal 0 0 -1
    outer loop
      vertex 4.34737 0.0427856 0
      vertex 5.41247 4.22257 0
      vertex 5.77541 4.04359 0
    endloop
  endfacet
  facet normal 0 0 -1
    outer loop
      vertex 3.7059 0.17038 0
      vertex 5.38844 4.23644 0
      vertex 5.4 4.22872 0
    endloop
  endfacet
  facet normal 0 0 -1
    outer loop
      vertex 7.40381 3.82647 0
      vertex 5 0 0
      vertex 7 3.8 0
    endloop
  endfacet
  facet normal 0 0 -1
    outer loop
      vertex 5 0 0
      vertex 6.59619 3.82647 0
      vertex 7 3.8 0
    endloop
  endfacet
  facet normal 0 0 -1
    outer loop
      vertex 5 0 0
      vertex 6.58232 3.82738 0
      vertex 6.59619 3.82647 0
    endloop
  endfacet
  facet normal 0 0 -1
    outer loop
      vertex 5 0 0
      vertex 6.56869 3.83009 0
      vertex 6.58232 3.82738 0
    endloop
  endfacet
  facet normal 0 0 -1
    outer loop
      vertex 5 0 0
      vertex 6.17178 3.90904 0
      vertex 6.56869 3.83009 0
    endloop
  endfacet
  facet normal 0 0 -1
    outer loop
      vertex 5 0 0
      vertex 5.78857 4.03912 0
      vertex 6.17178 3.90904 0
    endloop
  endfacet
  facet normal 0 0 -1
    outer loop
      vertex 5 0 0
      vertex 5.77541 4.04359 0
      vertex 5.78857 4.03912 0
    endloop
  endfacet
  facet normal 0 0 -1
    outer loop
      vertex 4.34737 0.0427856 0
      vertex 5.77541 4.04359 0
      vertex 5 0 0
    endloop
  endfacet
  facet normal -0 0 -1
    outer loop
      vertex 5.41247 4.22257 0
      vertex 4.34737 0.0427856 0
      vertex 5.4 4.22872 0
    endloop
  endfacet
  facet normal 0 0 -1
    outer loop
      vertex 3.7059 0.17038 0
      vertex 5.4 4.22872 0
      vertex 4.34737 0.0427856 0
    endloop
  endfacet
  facet normal 0 0 -1
    outer loop
      vertex 5.38844 4.23644 0
      vertex 3.7059 0.17038 0
      vertex 3.08658 0.380615 0
    endloop
  endfacet
  facet normal -0 0 -1
    outer loop
      vertex 5.38844 4.23644 0
      vertex 3.08658 0.380615 0
      vertex 5.05196 4.46127 0
    endloop
  endfacet
  facet normal 0 0 -1
    outer loop
      vertex 2.5 0.669876 0
      vertex 5.05196 4.46127 0
      vertex 3.08658 0.380615 0
    endloop
  endfacet
  facet normal 0 0 -1
    outer loop
      vertex 1.95619 1.03323 0
      vertex 5.05196 4.46127 0
      vertex 2.5 0.669876 0
    endloop
  endfacet
  facet normal -0 0 -1
    outer loop
      vertex 5.05196 4.46127 0
      vertex 1.95619 1.03323 0
      vertex 4.74771 4.72809 0
    endloop
  endfacet
  facet normal -0 0 -1
    outer loop
      vertex 4.74771 4.72809 0
      vertex 1.95619 1.03323 0
      vertex 4.73726 4.73726 0
    endloop
  endfacet
  facet normal 0 0 -1
    outer loop
      vertex 1.46446 1.46448 0
      vertex 4.73726 4.73726 0
      vertex 1.95619 1.03323 0
    endloop
  endfacet
  facet normal -0 0 -1
    outer loop
      vertex 4.73726 4.73726 0
      vertex 1.46446 1.46448 0
      vertex 4.72809 4.74771 0
    endloop
  endfacet
  facet normal 0 0 -1
    outer loop
      vertex 1.03322 1.95621 0
      vertex 4.72809 4.74771 0
      vertex 1.46446 1.46448 0
    endloop
  endfacet
  facet normal -0 0 -1
    outer loop
      vertex 4.72809 4.74771 0
      vertex 1.03322 1.95621 0
      vertex 4.46127 5.05196 0
    endloop
  endfacet
  facet normal 0 0 -1
    outer loop
      vertex 0.669861 2.5 0
      vertex 4.46127 5.05196 0
      vertex 1.03322 1.95621 0
    endloop
  endfacet
  facet normal 0 0 -1
    outer loop
      vertex 0.3806 3.08659 0
      vertex 4.46127 5.05196 0
      vertex 0.669861 2.5 0
    endloop
  endfacet
  facet normal -0 0 -1
    outer loop
      vertex 3.82647 75.0962 0
      vertex 0 5 0
      vertex 3.8 75.5 0
    endloop
  endfacet
  facet normal -0 0 -1
    outer loop
      vertex 4.22872 5.4 0
      vertex 0.170364 3.70592 0
      vertex 4.22257 5.41247 0
    endloop
  endfacet
  facet normal -0 0 -1
    outer loop
      vertex 4.23644 5.38844 0
      vertex 0.170364 3.70592 0
      vertex 4.22872 5.4 0
    endloop
  endfacet
  facet normal 0 0 -1
    outer loop
      vertex 0.170364 3.70592 0
      vertex 4.23644 5.38844 0
      vertex 0.3806 3.08659 0
    endloop
  endfacet
  facet normal -0 0 -1
    outer loop
      vertex 4.46127 5.05196 0
      vertex 0.3806 3.08659 0
      vertex 4.23644 5.38844 0
    endloop
  endfacet
  facet normal -0 0 -1
    outer loop
      vertex 262.957 146.653 0
      vertex 258.777 145.588 0
      vertex 262.83 147.294 0
    endloop
  endfacet
  facet normal 0 0 -1
    outer loop
      vertex 258.771 145.6 0
      vertex 262.83 147.294 0
      vertex 258.777 145.588 0
    endloop
  endfacet
  facet normal 0 0 -1
    outer loop
      vertex 258.764 145.612 0
      vertex 262.83 147.294 0
      vertex 258.771 145.6 0
    endloop
  endfacet
  facet normal -0 0 -1
    outer loop
      vertex 262.83 147.294 0
      vertex 258.764 145.612 0
      vertex 262.619 147.913 0
    endloop
  endfacet
  facet normal 0 0 -1
    outer loop
      vertex 258.539 145.948 0
      vertex 262.619 147.913 0
      vertex 258.764 145.612 0
    endloop
  endfacet
  facet normal -0 0 -1
    outer loop
      vertex 262.619 147.913 0
      vertex 258.539 145.948 0
      vertex 262.33 148.5 0
    endloop
  endfacet
  facet normal -0 0 -1
    outer loop
      vertex 262.33 148.5 0
      vertex 258.539 145.948 0
      vertex 261.967 149.044 0
    endloop
  endfacet
  facet normal 0 0 -1
    outer loop
      vertex 258.272 146.252 0
      vertex 261.967 149.044 0
      vertex 258.539 145.948 0
    endloop
  endfacet
  facet normal -0 0 -1
    outer loop
      vertex 261.967 149.044 0
      vertex 258.272 146.252 0
      vertex 261.536 149.536 0
    endloop
  endfacet
  facet normal 0 0 -1
    outer loop
      vertex 258.263 146.263 0
      vertex 261.536 149.536 0
      vertex 258.272 146.252 0
    endloop
  endfacet
  facet normal -0 0 -1
    outer loop
      vertex 261.536 149.536 0
      vertex 258.263 146.263 0
      vertex 261.044 149.967 0
    endloop
  endfacet
  facet normal 0 0 -1
    outer loop
      vertex 258.252 146.272 0
      vertex 261.044 149.967 0
      vertex 258.263 146.263 0
    endloop
  endfacet
  facet normal 0 0 -1
    outer loop
      vertex 257.948 146.539 0
      vertex 261.044 149.967 0
      vertex 258.252 146.272 0
    endloop
  endfacet
  facet normal -0 0 -1
    outer loop
      vertex 261.044 149.967 0
      vertex 257.948 146.539 0
      vertex 260.5 150.33 0
    endloop
  endfacet
  facet normal -0 0 -1
    outer loop
      vertex 260.5 150.33 0
      vertex 257.948 146.539 0
      vertex 259.913 150.619 0
    endloop
  endfacet
  facet normal 0 0 -1
    outer loop
      vertex 257.612 146.764 0
      vertex 259.913 150.619 0
      vertex 257.948 146.539 0
    endloop
  endfacet
  facet normal -0 0 -1
    outer loop
      vertex 259.913 150.619 0
      vertex 257.612 146.764 0
      vertex 259.294 150.83 0
    endloop
  endfacet
  facet normal 0 0 -1
    outer loop
      vertex 257.6 146.771 0
      vertex 259.294 150.83 0
      vertex 257.612 146.764 0
    endloop
  endfacet
  facet normal -0 0 -1
    outer loop
      vertex 259.294 150.83 0
      vertex 257.6 146.771 0
      vertex 258.653 150.957 0
    endloop
  endfacet
  facet normal 0 0 -1
    outer loop
      vertex 257.588 146.777 0
      vertex 258.653 150.957 0
      vertex 257.6 146.771 0
    endloop
  endfacet
  facet normal 0 0 -1
    outer loop
      vertex 257.225 146.956 0
      vertex 258.653 150.957 0
      vertex 257.588 146.777 0
    endloop
  endfacet
  facet normal -0 0 -1
    outer loop
      vertex 258.653 150.957 0
      vertex 257.225 146.956 0
      vertex 258 151 0
    endloop
  endfacet
  facet normal 0 0 -1
    outer loop
      vertex 257.211 146.961 0
      vertex 258 151 0
      vertex 257.225 146.956 0
    endloop
  endfacet
  facet normal 0 0 -1
    outer loop
      vertex 256.828 147.091 0
      vertex 258 151 0
      vertex 257.211 146.961 0
    endloop
  endfacet
  facet normal 0 0 -1
    outer loop
      vertex 256.431 147.17 0
      vertex 258 151 0
      vertex 256.828 147.091 0
    endloop
  endfacet
  facet normal 0 0 -1
    outer loop
      vertex 256.418 147.173 0
      vertex 258 151 0
      vertex 256.431 147.17 0
    endloop
  endfacet
  facet normal 0 0 -1
    outer loop
      vertex 256.404 147.174 0
      vertex 258 151 0
      vertex 256.418 147.173 0
    endloop
  endfacet
  facet normal 0 0 -1
    outer loop
      vertex 256 147.2 0
      vertex 258 151 0
      vertex 256.404 147.174 0
    endloop
  endfacet
  facet normal 0 0 -1
    outer loop
      vertex 255.596 147.174 0
      vertex 258 151 0
      vertex 256 147.2 0
    endloop
  endfacet
  facet normal 0 0 -1
    outer loop
      vertex 255.582 147.173 0
      vertex 258 151 0
      vertex 255.596 147.174 0
    endloop
  endfacet
  facet normal 0 0 -1
    outer loop
      vertex 255.569 147.17 0
      vertex 258 151 0
      vertex 255.582 147.173 0
    endloop
  endfacet
  facet normal 0 0 -1
    outer loop
      vertex 255.172 147.091 0
      vertex 258 151 0
      vertex 255.569 147.17 0
    endloop
  endfacet
  facet normal 0 0 -1
    outer loop
      vertex 254.789 146.961 0
      vertex 258 151 0
      vertex 255.172 147.091 0
    endloop
  endfacet
  facet normal 0 0 -1
    outer loop
      vertex 254.775 146.956 0
      vertex 258 151 0
      vertex 254.789 146.961 0
    endloop
  endfacet
  facet normal 0 0 -1
    outer loop
      vertex 254.412 146.777 0
      vertex 258 151 0
      vertex 254.775 146.956 0
    endloop
  endfacet
  facet normal 0 0 -1
    outer loop
      vertex 254.4 146.771 0
      vertex 258 151 0
      vertex 254.412 146.777 0
    endloop
  endfacet
  facet normal 0 0 -1
    outer loop
      vertex 254.388 146.764 0
      vertex 258 151 0
      vertex 254.4 146.771 0
    endloop
  endfacet
  facet normal 0 0 -1
    outer loop
      vertex 254.052 146.539 0
      vertex 258 151 0
      vertex 254.388 146.764 0
    endloop
  endfacet
  facet normal 0 0 -1
    outer loop
      vertex 253.748 146.272 0
      vertex 258 151 0
      vertex 254.052 146.539 0
    endloop
  endfacet
  facet normal 0 0 -1
    outer loop
      vertex 253.737 146.263 0
      vertex 258 151 0
      vertex 253.748 146.272 0
    endloop
  endfacet
  facet normal 0 0 -1
    outer loop
      vertex 246.5 141.75 0
      vertex 253.236 145.612 0
      vertex 253.229 145.6 0
    endloop
  endfacet
  facet normal 0 0 -1
    outer loop
      vertex 246.5 141.75 0
      vertex 253.039 145.211 0
      vertex 252.909 144.828 0
    endloop
  endfacet
  facet normal 0 0 -1
    outer loop
      vertex 246.5 141.75 0
      vertex 252.83 144.431 0
      vertex 252.827 144.418 0
    endloop
  endfacet
  facet normal -0 0 -1
    outer loop
      vertex 252.826 143.596 0
      vertex 246.5 141.75 0
      vertex 252.8 144 0
    endloop
  endfacet
  facet normal 0 0 -1
    outer loop
      vertex 246.5 141.75 0
      vertex 252.826 144.404 0
      vertex 252.8 144 0
    endloop
  endfacet
  facet normal 0 0 -1
    outer loop
      vertex 246.5 141.75 0
      vertex 252.827 144.418 0
      vertex 252.826 144.404 0
    endloop
  endfacet
  facet normal -0 0 -1
    outer loop
      vertex 252.83 144.431 0
      vertex 246.5 141.75 0
      vertex 252.909 144.828 0
    endloop
  endfacet
  facet normal -0 0 -1
    outer loop
      vertex 253.039 145.211 0
      vertex 246.5 141.75 0
      vertex 253.044 145.225 0
    endloop
  endfacet
  facet normal 0 0 -1
    outer loop
      vertex 246.5 141.75 0
      vertex 253.223 145.588 0
      vertex 253.044 145.225 0
    endloop
  endfacet
  facet normal 0 0 -1
    outer loop
      vertex 246.5 141.75 0
      vertex 253.229 145.6 0
      vertex 253.223 145.588 0
    endloop
  endfacet
  facet normal -0 0 -1
    outer loop
      vertex 253.236 145.612 0
      vertex 246.5 141.75 0
      vertex 253.461 145.948 0
    endloop
  endfacet
  facet normal 0 0 -1
    outer loop
      vertex 246.5 141.75 0
      vertex 253.728 146.252 0
      vertex 253.461 145.948 0
    endloop
  endfacet
  facet normal 0 0 -1
    outer loop
      vertex 246.5 141.75 0
      vertex 253.737 146.263 0
      vertex 253.728 146.252 0
    endloop
  endfacet
  facet normal 0 0 -1
    outer loop
      vertex 246.5 141.75 0
      vertex 258 151 0
      vertex 253.737 146.263 0
    endloop
  endfacet
  facet normal 0 0 -1
    outer loop
      vertex 16.5 141.75 0
      vertex 258 151 0
      vertex 246.5 141.75 0
    endloop
  endfacet
  facet normal 0 0 -1
    outer loop
      vertex 16.5 9.25 0
      vertex 10.2 75.5 0
      vertex 16.5 141.75 0
    endloop
  endfacet
  facet normal 0 0 -1
    outer loop
      vertex 10.1735 75.9038 0
      vertex 16.5 141.75 0
      vertex 10.2 75.5 0
    endloop
  endfacet
  facet normal 0 0 -1
    outer loop
      vertex 10.1735 144.404 0
      vertex 16.5 141.75 0
      vertex 10.2 144 0
    endloop
  endfacet
  facet normal 0 0 -1
    outer loop
      vertex 10.1726 144.418 0
      vertex 16.5 141.75 0
      vertex 10.1735 144.404 0
    endloop
  endfacet
  facet normal 0 0 -1
    outer loop
      vertex 10.1699 144.431 0
      vertex 16.5 141.75 0
      vertex 10.1726 144.418 0
    endloop
  endfacet
  facet normal 0 0 -1
    outer loop
      vertex 10.091 144.828 0
      vertex 16.5 141.75 0
      vertex 10.1699 144.431 0
    endloop
  endfacet
  facet normal 0 0 -1
    outer loop
      vertex 9.96088 145.211 0
      vertex 16.5 141.75 0
      vertex 10.091 144.828 0
    endloop
  endfacet
  facet normal 0 0 -1
    outer loop
      vertex 9.95642 145.225 0
      vertex 16.5 141.75 0
      vertex 9.96088 145.211 0
    endloop
  endfacet
  facet normal 0 0 -1
    outer loop
      vertex 9.77743 145.588 0
      vertex 16.5 141.75 0
      vertex 9.95642 145.225 0
    endloop
  endfacet
  facet normal 0 0 -1
    outer loop
      vertex 9.77128 145.6 0
      vertex 16.5 141.75 0
      vertex 9.77743 145.588 0
    endloop
  endfacet
  facet normal 0 0 -1
    outer loop
      vertex 9.76356 145.612 0
      vertex 16.5 141.75 0
      vertex 9.77128 145.6 0
    endloop
  endfacet
  facet normal 0 0 -1
    outer loop
      vertex 9.53873 145.948 0
      vertex 16.5 141.75 0
      vertex 9.76356 145.612 0
    endloop
  endfacet
  facet normal 0 0 -1
    outer loop
      vertex 9.27191 146.252 0
      vertex 16.5 141.75 0
      vertex 9.53873 145.948 0
    endloop
  endfacet
  facet normal 0 0 -1
    outer loop
      vertex 9.26274 146.263 0
      vertex 16.5 141.75 0
      vertex 9.27191 146.252 0
    endloop
  endfacet
  facet normal 0 0 -1
    outer loop
      vertex 5 151 0
      vertex 16.5 141.75 0
      vertex 9.26274 146.263 0
    endloop
  endfacet
  facet normal 0 0 -1
    outer loop
      vertex 5 151 0
      vertex 9.26274 146.263 0
      vertex 9.25229 146.272 0
    endloop
  endfacet
  facet normal 0 0 -1
    outer loop
      vertex 5 151 0
      vertex 9.25229 146.272 0
      vertex 8.94804 146.539 0
    endloop
  endfacet
  facet normal 0 0 -1
    outer loop
      vertex 5 151 0
      vertex 8.94804 146.539 0
      vertex 8.61156 146.764 0
    endloop
  endfacet
  facet normal 0 0 -1
    outer loop
      vertex 5 151 0
      vertex 8.61156 146.764 0
      vertex 8.6 146.771 0
    endloop
  endfacet
  facet normal 0 0 -1
    outer loop
      vertex 5 151 0
      vertex 8.6 146.771 0
      vertex 8.58753 146.777 0
    endloop
  endfacet
  facet normal 0 0 -1
    outer loop
      vertex 5 151 0
      vertex 8.58753 146.777 0
      vertex 8.22459 146.956 0
    endloop
  endfacet
  facet normal 0 0 -1
    outer loop
      vertex 5 151 0
      vertex 8.22459 146.956 0
      vertex 8.21143 146.961 0
    endloop
  endfacet
  facet normal 0 0 -1
    outer loop
      vertex 5 151 0
      vertex 8.21143 146.961 0
      vertex 7.82822 147.091 0
    endloop
  endfacet
  facet normal 0 0 -1
    outer loop
      vertex 5 151 0
      vertex 7.82822 147.091 0
      vertex 7.43131 147.17 0
    endloop
  endfacet
  facet normal 0 0 -1
    outer loop
      vertex 5 151 0
      vertex 7.43131 147.17 0
      vertex 7.41768 147.173 0
    endloop
  endfacet
  facet normal 0 0 -1
    outer loop
      vertex 5 151 0
      vertex 7.41768 147.173 0
      vertex 7.40381 147.174 0
    endloop
  endfacet
  facet normal 0 0 -1
    outer loop
      vertex 5 151 0
      vertex 7.40381 147.174 0
      vertex 7 147.2 0
    endloop
  endfacet
  facet normal 0 0 -1
    outer loop
      vertex 5 151 0
      vertex 6.56869 147.17 0
      vertex 6.17178 147.091 0
    endloop
  endfacet
  facet normal 0 0 -1
    outer loop
      vertex 5 151 0
      vertex 5.78857 146.961 0
      vertex 5.77541 146.956 0
    endloop
  endfacet
  facet normal 0 0 -1
    outer loop
      vertex 16.5 141.75 0
      vertex 5 151 0
      vertex 258 151 0
    endloop
  endfacet
  facet normal 0 0 -1
    outer loop
      vertex 6.59619 147.174 0
      vertex 5 151 0
      vertex 7 147.2 0
    endloop
  endfacet
  facet normal 0 0 -1
    outer loop
      vertex 6.58232 147.173 0
      vertex 5 151 0
      vertex 6.59619 147.174 0
    endloop
  endfacet
  facet normal 0 0 -1
    outer loop
      vertex 6.56869 147.17 0
      vertex 5 151 0
      vertex 6.58232 147.173 0
    endloop
  endfacet
  facet normal 0 0 -1
    outer loop
      vertex 5.78857 146.961 0
      vertex 5 151 0
      vertex 6.17178 147.091 0
    endloop
  endfacet
  facet normal 0 0 -1
    outer loop
      vertex 4.34737 150.957 0
      vertex 5.77541 146.956 0
      vertex 5.41247 146.777 0
    endloop
  endfacet
  facet normal 0 0 -1
    outer loop
      vertex 4.34737 150.957 0
      vertex 5.41247 146.777 0
      vertex 5.4 146.771 0
    endloop
  endfacet
  facet normal 0 0 -1
    outer loop
      vertex 3.7059 150.83 0
      vertex 5.4 146.771 0
      vertex 5.38844 146.764 0
    endloop
  endfacet
  facet normal 0 0 -1
    outer loop
      vertex 3.08658 150.619 0
      vertex 5.38844 146.764 0
      vertex 5.05196 146.539 0
    endloop
  endfacet
  facet normal 0 0 -1
    outer loop
      vertex 1.95619 149.967 0
      vertex 5.05196 146.539 0
      vertex 4.74771 146.272 0
    endloop
  endfacet
  facet normal 0 0 -1
    outer loop
      vertex 1.95619 149.967 0
      vertex 4.74771 146.272 0
      vertex 4.73726 146.263 0
    endloop
  endfacet
  facet normal 0 0 -1
    outer loop
      vertex 1.46446 149.536 0
      vertex 4.73726 146.263 0
      vertex 4.72809 146.252 0
    endloop
  endfacet
  facet normal 0 0 -1
    outer loop
      vertex 1.03322 149.044 0
      vertex 4.72809 146.252 0
      vertex 4.46127 145.948 0
    endloop
  endfacet
  facet normal 0 0 -1
    outer loop
      vertex 5.77541 146.956 0
      vertex 4.34737 150.957 0
      vertex 5 151 0
    endloop
  endfacet
  facet normal 0 0 -1
    outer loop
      vertex 0.3806 147.913 0
      vertex 4.46127 145.948 0
      vertex 4.23644 145.612 0
    endloop
  endfacet
  facet normal 0 0 -1
    outer loop
      vertex 0.170364 147.294 0
      vertex 4.23644 145.612 0
      vertex 4.22872 145.6 0
    endloop
  endfacet
  facet normal 0 0 -1
    outer loop
      vertex 0.170364 147.294 0
      vertex 4.22872 145.6 0
      vertex 4.22257 145.588 0
    endloop
  endfacet
  facet normal 0 0 -1
    outer loop
      vertex 0.0427704 146.653 0
      vertex 4.22257 145.588 0
      vertex 4.04359 145.225 0
    endloop
  endfacet
  facet normal 0 0 -1
    outer loop
      vertex 0 146 0
      vertex 4.04359 145.225 0
      vertex 4.03912 145.211 0
    endloop
  endfacet
  facet normal 0 0 -1
    outer loop
      vertex 0 146 0
      vertex 4.03912 145.211 0
      vertex 3.90904 144.828 0
    endloop
  endfacet
  facet normal 0 0 -1
    outer loop
      vertex 0 146 0
      vertex 3.90904 144.828 0
      vertex 3.83009 144.431 0
    endloop
  endfacet
  facet normal 0 0 -1
    outer loop
      vertex 0 146 0
      vertex 3.83009 144.431 0
      vertex 3.82738 144.418 0
    endloop
  endfacet
  facet normal 0 0 -1
    outer loop
      vertex 0 146 0
      vertex 3.82647 144.404 0
      vertex 3.8 144 0
    endloop
  endfacet
  facet normal 0 0 -1
    outer loop
      vertex 5.4 146.771 0
      vertex 3.7059 150.83 0
      vertex 4.34737 150.957 0
    endloop
  endfacet
  facet normal 0 0 -1
    outer loop
      vertex 3.82647 144.404 0
      vertex 0 146 0
      vertex 3.82738 144.418 0
    endloop
  endfacet
  facet normal 0 0 -1
    outer loop
      vertex 0 146 0
      vertex 3.8 75.5 0
      vertex 0 5 0
    endloop
  endfacet
  facet normal 0 0 -1
    outer loop
      vertex 0.0427704 4.34738 0
      vertex 4.22257 5.41247 0
      vertex 0.170364 3.70592 0
    endloop
  endfacet
  facet normal 0 0 -1
    outer loop
      vertex 3.82647 143.596 0
      vertex 0 146 0
      vertex 3.8 144 0
    endloop
  endfacet
  facet normal -0 0 -1
    outer loop
      vertex 4.22257 5.41247 0
      vertex 0.0427704 4.34738 0
      vertex 4.04359 5.77541 0
    endloop
  endfacet
  facet normal 0 0 -1
    outer loop
      vertex 4.04359 145.225 0
      vertex 0 146 0
      vertex 0.0427704 146.653 0
    endloop
  endfacet
  facet normal 0 0 -1
    outer loop
      vertex 0 5 0
      vertex 4.04359 5.77541 0
      vertex 0.0427704 4.34738 0
    endloop
  endfacet
  facet normal 0 0 -1
    outer loop
      vertex 5.38844 146.764 0
      vertex 3.08658 150.619 0
      vertex 3.7059 150.83 0
    endloop
  endfacet
  facet normal -0 0 -1
    outer loop
      vertex 4.04359 5.77541 0
      vertex 0 5 0
      vertex 4.03912 5.78857 0
    endloop
  endfacet
  facet normal 0 0 -1
    outer loop
      vertex 5.05196 146.539 0
      vertex 2.5 150.33 0
      vertex 3.08658 150.619 0
    endloop
  endfacet
  facet normal -0 0 -1
    outer loop
      vertex 4.03912 5.78857 0
      vertex 0 5 0
      vertex 3.90904 6.17178 0
    endloop
  endfacet
  facet normal 0 0 -1
    outer loop
      vertex 5.05196 146.539 0
      vertex 1.95619 149.967 0
      vertex 2.5 150.33 0
    endloop
  endfacet
  facet normal -0 0 -1
    outer loop
      vertex 3.90904 6.17178 0
      vertex 0 5 0
      vertex 3.83009 6.56869 0
    endloop
  endfacet
  facet normal 0 0 -1
    outer loop
      vertex 4.73726 146.263 0
      vertex 1.46446 149.536 0
      vertex 1.95619 149.967 0
    endloop
  endfacet
  facet normal -0 0 -1
    outer loop
      vertex 3.83009 6.56869 0
      vertex 0 5 0
      vertex 3.82738 6.58232 0
    endloop
  endfacet
  facet normal 0 0 -1
    outer loop
      vertex 4.72809 146.252 0
      vertex 1.03322 149.044 0
      vertex 1.46446 149.536 0
    endloop
  endfacet
  facet normal -0 0 -1
    outer loop
      vertex 3.82738 6.58232 0
      vertex 0 5 0
      vertex 3.82647 6.59619 0
    endloop
  endfacet
  facet normal 0 0 -1
    outer loop
      vertex 4.46127 145.948 0
      vertex 0.669861 148.5 0
      vertex 1.03322 149.044 0
    endloop
  endfacet
  facet normal -0 0 -1
    outer loop
      vertex 3.82647 6.59619 0
      vertex 0 5 0
      vertex 3.8 7 0
    endloop
  endfacet
  facet normal 0 0 -1
    outer loop
      vertex 4.46127 145.948 0
      vertex 0.3806 147.913 0
      vertex 0.669861 148.5 0
    endloop
  endfacet
  facet normal 0 0 -1
    outer loop
      vertex 4.23644 145.612 0
      vertex 0.170364 147.294 0
      vertex 0.3806 147.913 0
    endloop
  endfacet
  facet normal 0 0 -1
    outer loop
      vertex 4.22257 145.588 0
      vertex 0.0427704 146.653 0
      vertex 0.170364 147.294 0
    endloop
  endfacet
  facet normal -0.708286 0 -0.705925
    outer loop
      vertex 246.5 141.75 0
      vertex 243.51 12.24 3
      vertex 243.51 138.76 3
    endloop
  endfacet
  facet normal -0.708286 0 -0.705925
    outer loop
      vertex 243.51 12.24 3
      vertex 246.5 141.75 0
      vertex 246.5 9.25 0
    endloop
  endfacet
  facet normal 0 0.708286 -0.705925
    outer loop
      vertex 246.5 9.25 0
      vertex 19.49 12.24 3
      vertex 243.51 12.24 3
    endloop
  endfacet
  facet normal 0 0.708286 -0.705925
    outer loop
      vertex 19.49 12.24 3
      vertex 246.5 9.25 0
      vertex 16.5 9.25 0
    endloop
  endfacet
  facet normal 0 -0.708286 -0.705925
    outer loop
      vertex 16.5 141.75 0
      vertex 243.51 138.76 3
      vertex 19.49 138.76 3
    endloop
  endfacet
  facet normal 0 -0.708286 -0.705925
    outer loop
      vertex 243.51 138.76 3
      vertex 16.5 141.75 0
      vertex 246.5 141.75 0
    endloop
  endfacet
  facet normal 0.708286 0 -0.705925
    outer loop
      vertex 19.49 12.24 3
      vertex 16.5 141.75 0
      vertex 19.49 138.76 3
    endloop
  endfacet
  facet normal 0.708286 0 -0.705925
    outer loop
      vertex 16.5 141.75 0
      vertex 19.49 12.24 3
      vertex 16.5 9.25 0
    endloop
  endfacet
endsolid OpenSCAD_Model
